{
"type": "FeatureCollection",
"name": "pittsburgh_precincts",
"crs": { "type": "name", "properties": { "name": "urn:ogc:def:crs:OGC:1.3:CRS84" } },
"features": [
{ "type": "Feature", "properties": { "Ward": 26, "District": 14, "Muni_War_1": "Pittsburgh Ward 26 Dist 14", "Gainey_2021_Total": 57, "Gainey_2025_Total": 53, "OConnor_2025_Total": 95, "Peduto_2021_Total": 60 }, "geometry": { "type": "Polygon", "coordinates": [ [ [ -80.010815509069445, 40.50102889830282 ], [ -80.010681857461378, 40.499096200930907 ], [ -80.008912007515974, 40.499142892242396 ], [ -80.008935673634909, 40.499098495356286 ], [ -80.008963637671087, 40.499045541811746 ], [ -80.008985539494375, 40.499004068471422 ], [ -80.009013566231886, 40.498950241642795 ], [ -80.009033609873953, 40.498911319821858 ], [ -80.009047388753388, 40.498884558724704 ], [ -80.009064562458164, 40.498851203592345 ], [ -80.009090637015561, 40.498800576034341 ], [ -80.009116847750377, 40.498749681853532 ], [ -80.009145813015863, 40.498682246084606 ], [ -80.009160465387254, 40.498648135704052 ], [ -80.009201997955401, 40.498551457139676 ], [ -80.009211764372992, 40.498528710309486 ], [ -80.009217111915902, 40.498516262091215 ], [ -80.009228608399994, 40.498474681145709 ], [ -80.009230448094272, 40.498433979801028 ], [ -80.009229225896703, 40.498404171264291 ], [ -80.009227642704104, 40.498381372265165 ], [ -80.009225820344312, 40.498363478687146 ], [ -80.009211584484845, 40.498223626861503 ], [ -80.009208109616651, 40.498189421022055 ], [ -80.009203598170231, 40.498145061870723 ], [ -80.009200145069542, 40.498114075325894 ], [ -80.009196774963286, 40.498083733986554 ], [ -80.009188362080323, 40.498008073632718 ], [ -80.009136668040554, 40.497543394137899 ], [ -80.009088845733515, 40.497531053880792 ], [ -80.00860466238467, 40.49752616927951 ], [ -80.007900568178542, 40.497519062745795 ], [ -80.007813843922236, 40.497979222553319 ], [ -80.007715410316479, 40.497976973046825 ], [ -80.007460211021709, 40.497957387635324 ], [ -80.006496526807581, 40.49746827689134 ], [ -80.006336039358231, 40.497389916817994 ], [ -80.005560437261664, 40.497239935318227 ], [ -80.00536677200553, 40.497203141287024 ], [ -80.005009400187646, 40.497149677395846 ], [ -80.004989861506559, 40.497162335435853 ], [ -80.004022692798145, 40.497788882531971 ], [ -80.004021692513945, 40.497767299120753 ], [ -80.003957871467264, 40.496389134164254 ], [ -80.00395648435763, 40.496347653519223 ], [ -80.003952622793889, 40.496285709142533 ], [ -80.003992294115477, 40.496287792660766 ], [ -80.003992267956846, 40.496287398588635 ], [ -80.00399223546053, 40.496286920858893 ], [ -80.003857177984074, 40.493581839996644 ], [ -80.003849405154796, 40.493425993699105 ], [ -80.003802363786662, 40.49250187921546 ], [ -80.003795098056941, 40.49235918025019 ], [ -80.003719804138328, 40.49094140455766 ], [ -80.003703004655577, 40.490625064318621 ], [ -80.003682441224058, 40.490326686948883 ], [ -80.003596418383296, 40.489197700119313 ], [ -80.003589865097055, 40.488712151791475 ], [ -80.003592723155407, 40.48864926469254 ], [ -80.003592281584389, 40.48863160897578 ], [ -80.003569671509794, 40.487728467382929 ], [ -80.0035264010437, 40.486777821621402 ], [ -80.00352121379882, 40.486640966511715 ], [ -80.0033968214738, 40.485023233307984 ], [ -80.003392082882911, 40.484962513066549 ], [ -80.003273512200735, 40.483244917526612 ], [ -80.003241132500563, 40.482753490180123 ], [ -80.003231243552293, 40.482603437798922 ], [ -80.003221373631291, 40.48243086679264 ], [ -80.004248369133492, 40.482112971173336 ], [ -80.004752672223972, 40.481949160117907 ], [ -80.005250021132369, 40.481868501660259 ], [ -80.00575880310906, 40.481745444439461 ], [ -80.006153482244869, 40.481685887088005 ], [ -80.006602505330392, 40.481774982458511 ], [ -80.006791692926299, 40.481775674712772 ], [ -80.007235923636145, 40.481777299710437 ], [ -80.007517730297764, 40.483175755472651 ], [ -80.008360269161017, 40.48539947531988 ], [ -80.009536403202233, 40.485331825072699 ], [ -80.010622867063731, 40.490558382710873 ], [ -80.011501530977782, 40.493311702013344 ], [ -80.011997755932256, 40.495034215927802 ], [ -80.012265777372932, 40.496043005734698 ], [ -80.012268041208927, 40.496110455850769 ], [ -80.012470309835621, 40.496711604679547 ], [ -80.01211798558478, 40.496770255197866 ], [ -80.012258456821968, 40.498879166022263 ], [ -80.01224157226207, 40.499059267433601 ], [ -80.012224834850954, 40.499117320092871 ], [ -80.012198479091168, 40.499208728341813 ], [ -80.012158863237374, 40.499302239120766 ], [ -80.012080230405815, 40.499487845352711 ], [ -80.012074325565166, 40.499501783843982 ], [ -80.012057937705947, 40.499534569137438 ], [ -80.011967727563373, 40.499715048709042 ], [ -80.011827723593584, 40.499964480969261 ], [ -80.011673949697368, 40.500213482311302 ], [ -80.01167334411052, 40.50021446169108 ], [ -80.011673302075366, 40.50021451025934 ], [ -80.011447228622373, 40.50047055365949 ], [ -80.011401672891068, 40.500519932969254 ], [ -80.011191609051423, 40.500729810155804 ], [ -80.011181538945181, 40.500739871586575 ], [ -80.011165822986683, 40.500753906335433 ], [ -80.011020089659738, 40.500889694430711 ], [ -80.010915397072878, 40.500974452816052 ], [ -80.010867605490006, 40.501005012221519 ], [ -80.010815509069445, 40.50102889830282 ] ] ] } },
{ "type": "Feature", "properties": { "Ward": 26, "District": 15, "Muni_War_1": "Pittsburgh Ward 26 Dist 15", "Gainey_2021_Total": 39, "Gainey_2025_Total": 45, "OConnor_2025_Total": 77, "Peduto_2021_Total": 47 }, "geometry": { "type": "Polygon", "coordinates": [ [ [ -80.012956286993941, 40.498733368950866 ], [ -80.012374633888484, 40.498754077447813 ], [ -80.012346022079242, 40.498795419669854 ], [ -80.012258456821968, 40.498879166022263 ], [ -80.01211798558478, 40.496770255197866 ], [ -80.012470309835621, 40.496711604679547 ], [ -80.012268041208927, 40.496110455850769 ], [ -80.012265777372932, 40.496043005734698 ], [ -80.011997755932256, 40.495034215927802 ], [ -80.011501530977782, 40.493311702013344 ], [ -80.010622867063731, 40.490558382710873 ], [ -80.012587513606775, 40.490301691584961 ], [ -80.012760351114437, 40.490506190455235 ], [ -80.015593490565109, 40.490765300606682 ], [ -80.015705429333693, 40.4900027591396 ], [ -80.016864132000364, 40.490101642239004 ], [ -80.016963580396435, 40.489409361927329 ], [ -80.018303756885402, 40.489507755644631 ], [ -80.018431113557085, 40.489827407484171 ], [ -80.018517385048739, 40.490214582278519 ], [ -80.019881116968179, 40.491101686872106 ], [ -80.016516579296479, 40.490849238756518 ], [ -80.016622288787858, 40.491345986575503 ], [ -80.016924752375957, 40.493001674413925 ], [ -80.017142169257212, 40.494262953921911 ], [ -80.017293057351125, 40.494884775801985 ], [ -80.017621571032294, 40.495885360940981 ], [ -80.017583293127345, 40.496440549034894 ], [ -80.017685257874078, 40.496474356018517 ], [ -80.017869799921868, 40.496485105551024 ], [ -80.018114583165357, 40.496517451151661 ], [ -80.018248988079691, 40.496562048162055 ], [ -80.018352322053147, 40.496565237577002 ], [ -80.019802821859557, 40.49678557549823 ], [ -80.019944057667217, 40.496781153168982 ], [ -80.019943684597308, 40.496813981209897 ], [ -80.019943307977769, 40.496847019224369 ], [ -80.01994296636579, 40.496893115651517 ], [ -80.019942578220608, 40.496945329039328 ], [ -80.019952045890648, 40.497053145649566 ], [ -80.019953498343781, 40.497069713081608 ], [ -80.019956340986027, 40.497102120358761 ], [ -80.019963813238974, 40.497187232612532 ], [ -80.019965850444521, 40.497210440636032 ], [ -80.019967644495381, 40.497230878733532 ], [ -80.019986863541561, 40.497301876129328 ], [ -80.019987468667068, 40.497304111037373 ], [ -80.020000909906727, 40.497353764766267 ], [ -80.020001234137254, 40.497365249076402 ], [ -80.020002602102238, 40.497413646115625 ], [ -80.020003669540074, 40.497451507902639 ], [ -80.020006274013184, 40.497464017698611 ], [ -80.020019313951096, 40.497507465959281 ], [ -80.020035227371977, 40.497560548542822 ], [ -80.02007969511881, 40.497708470736903 ], [ -80.020079712208499, 40.497708522652268 ], [ -80.019619213624651, 40.497627356472925 ], [ -80.019258534997249, 40.497563782598178 ], [ -80.018420199103332, 40.497434703522764 ], [ -80.017834031012228, 40.497350013242745 ], [ -80.017833910268692, 40.497350002097178 ], [ -80.017832116921014, 40.497355449721717 ], [ -80.017814439144075, 40.497409178629304 ], [ -80.017743374918268, 40.497610134874286 ], [ -80.01768752843104, 40.497767658774315 ], [ -80.017680909715224, 40.497786331264898 ], [ -80.017675614827127, 40.497801313938709 ], [ -80.017628446924292, 40.497934789938022 ], [ -80.017540836261944, 40.498177126920751 ], [ -80.017337019125094, 40.498694252183952 ], [ -80.017268069659821, 40.498875223905607 ], [ -80.017244887856236, 40.498936064893257 ], [ -80.017162270445809, 40.499206693783655 ], [ -80.017137139753274, 40.499294891076296 ], [ -80.017135842485061, 40.499299442500906 ], [ -80.017134651582637, 40.499303647706256 ], [ -80.016998234127158, 40.49978553753872 ], [ -80.01698664402484, 40.49983441014863 ], [ -80.016551981651332, 40.499773161521524 ], [ -80.01577056615659, 40.499909403559954 ], [ -80.013336071458767, 40.498719846727838 ], [ -80.012956286993941, 40.498733368950866 ] ] ] } },
{ "type": "Feature", "properties": { "Ward": 26, "District": 13, "Muni_War_1": "Pittsburgh Ward 26 Dist 13", "Gainey_2021_Total": 68, "Gainey_2025_Total": 69, "OConnor_2025_Total": 66, "Peduto_2021_Total": 45 }, "geometry": { "type": "Polygon", "coordinates": [ [ [ -80.019944057667217, 40.496781153168982 ], [ -80.019802821859557, 40.49678557549823 ], [ -80.018352322053147, 40.496565237577002 ], [ -80.018248988079691, 40.496562048162055 ], [ -80.018114583165357, 40.496517451151661 ], [ -80.017869799921868, 40.496485105551024 ], [ -80.017685257874078, 40.496474356018517 ], [ -80.017583293127345, 40.496440549034894 ], [ -80.017621571032294, 40.495885360940981 ], [ -80.017293057351125, 40.494884775801985 ], [ -80.017142169257212, 40.494262953921911 ], [ -80.016924752375957, 40.493001674413925 ], [ -80.016622288787858, 40.491345986575503 ], [ -80.016516579296479, 40.490849238756518 ], [ -80.019881116968179, 40.491101686872106 ], [ -80.020815943851716, 40.491852484420775 ], [ -80.021529128933267, 40.492432313149948 ], [ -80.021620391699457, 40.492538981667657 ], [ -80.021797957812026, 40.492778590910376 ], [ -80.021830740441359, 40.492590711285843 ], [ -80.022191665352821, 40.491761143754275 ], [ -80.023290157663823, 40.492033022886709 ], [ -80.024378808217079, 40.491706481540412 ], [ -80.024472324940504, 40.491600041373928 ], [ -80.024816168541619, 40.491943978497652 ], [ -80.026469464461783, 40.491284270136127 ], [ -80.02628213672638, 40.491008991403156 ], [ -80.027542824484485, 40.490534666404706 ], [ -80.027706147034735, 40.490815771724577 ], [ -80.027783144989982, 40.491099496932378 ], [ -80.027769729100626, 40.491100942227732 ], [ -80.02779094367213, 40.493311991219912 ], [ -80.027803965148209, 40.493350612174851 ], [ -80.027803693236123, 40.494891147921123 ], [ -80.027800908826705, 40.49532315416657 ], [ -80.027808945023764, 40.49580043621495 ], [ -80.027796747880217, 40.495838707018216 ], [ -80.027794571421609, 40.496146791710565 ], [ -80.027793515170146, 40.496290239542127 ], [ -80.027793592529733, 40.496438598252738 ], [ -80.027793620815729, 40.496492059413676 ], [ -80.026681909702603, 40.496669344140884 ], [ -80.026566443767578, 40.496686279734874 ], [ -80.026460452854892, 40.496701825141088 ], [ -80.025898422406399, 40.49679980121897 ], [ -80.025681285378838, 40.496124124767626 ], [ -80.025426452530155, 40.495332293465921 ], [ -80.024994148157546, 40.495400163242977 ], [ -80.024594655815108, 40.495484162204335 ], [ -80.024164185082057, 40.495045422166221 ], [ -80.022906203272825, 40.495292407479944 ], [ -80.022797003564662, 40.495118641041664 ], [ -80.022045682437167, 40.493936072193272 ], [ -80.021983921987925, 40.4938395439464 ], [ -80.021945164896252, 40.493868905482636 ], [ -80.021897223871619, 40.493901950030065 ], [ -80.021822599805475, 40.493953402930998 ], [ -80.021745720779762, 40.494006401837829 ], [ -80.02174308219594, 40.494008221188892 ], [ -80.021721668825919, 40.494023083774167 ], [ -80.021716259865244, 40.494026838574392 ], [ -80.021670014571171, 40.494058945232595 ], [ -80.021651586519198, 40.494071738407293 ], [ -80.021642462454267, 40.494078073318093 ], [ -80.021591949447895, 40.494113136667742 ], [ -80.021541670467101, 40.494148037744012 ], [ -80.021540091182459, 40.494149146212294 ], [ -80.021371841059448, 40.494267356710417 ], [ -80.021321104304718, 40.494302581982843 ], [ -80.02130794590677, 40.494311550984747 ], [ -80.021296496561234, 40.494317344161971 ], [ -80.021281340752893, 40.494325029000208 ], [ -80.021242663792776, 40.49435839671434 ], [ -80.021152612831344, 40.494435540633944 ], [ -80.021082349841024, 40.494511218448174 ], [ -80.021025093071046, 40.494572887129678 ], [ -80.020979425132921, 40.494622080798102 ], [ -80.020971890927399, 40.4946315122776 ], [ -80.020905118027486, 40.494715104109432 ], [ -80.020802378893023, 40.494843717119394 ], [ -80.020756190523969, 40.494901536893202 ], [ -80.020699250860773, 40.494977891567245 ], [ -80.020641121993393, 40.495057761355426 ], [ -80.020599689298422, 40.495114681404417 ], [ -80.020560117839509, 40.495168810015187 ], [ -80.020489620965193, 40.495283268450713 ], [ -80.020382625128974, 40.495463912749173 ], [ -80.02031977191794, 40.495577036357631 ], [ -80.020226899331178, 40.49574419368831 ], [ -80.020225346944258, 40.495747714156074 ], [ -80.020143147429323, 40.495934244245731 ], [ -80.020070094469048, 40.496140441036424 ], [ -80.019977856880942, 40.496484279911527 ], [ -80.019969829647124, 40.496512755605096 ], [ -80.019961733172622, 40.496596150968422 ], [ -80.019944092559641, 40.496778089505355 ], [ -80.019944057667217, 40.496781153168982 ] ] ] } },
{ "type": "Feature", "properties": { "Ward": 26, "District": 12, "Muni_War_1": "Pittsburgh Ward 26 Dist 12", "Gainey_2021_Total": 40, "Gainey_2025_Total": 66, "OConnor_2025_Total": 57, "Peduto_2021_Total": 45 }, "geometry": { "type": "Polygon", "coordinates": [ [ [ -80.019881116968179, 40.491101686872106 ], [ -80.018517385048739, 40.490214582278519 ], [ -80.018431113557085, 40.489827407484171 ], [ -80.018303756885402, 40.489507755644631 ], [ -80.018303197298522, 40.489392169697787 ], [ -80.018205723095164, 40.489235869590011 ], [ -80.018123558508591, 40.489171818922209 ], [ -80.017813825538227, 40.488958756003967 ], [ -80.017045672500487, 40.488452192735863 ], [ -80.016488765855954, 40.488070099868501 ], [ -80.016407521865759, 40.487997647327035 ], [ -80.01627352280947, 40.487831908636288 ], [ -80.016256117157241, 40.487635060454735 ], [ -80.016261543820804, 40.487405810708935 ], [ -80.016293180355021, 40.487052723566855 ], [ -80.016241442472676, 40.486819805039417 ], [ -80.016039659535565, 40.486216871070688 ], [ -80.015766752310043, 40.485419905857306 ], [ -80.015642426182126, 40.485097891017382 ], [ -80.015564555042431, 40.484936117463953 ], [ -80.015430556250422, 40.484757046680542 ], [ -80.015269122793939, 40.484604588179636 ], [ -80.015086552832173, 40.484510840141809 ], [ -80.014838896555275, 40.484411717270568 ], [ -80.014659682056077, 40.484353864057141 ], [ -80.014385655770184, 40.484336295052657 ], [ -80.01416508941567, 40.484320112810671 ], [ -80.013987614180976, 40.48430559271717 ], [ -80.01381229693267, 40.48427944122831 ], [ -80.013525095570657, 40.484153106752295 ], [ -80.013420056543453, 40.484070090371347 ], [ -80.013229568847891, 40.483919538338938 ], [ -80.013144663125047, 40.483852433521491 ], [ -80.013048066605123, 40.483776088332483 ], [ -80.012951009679696, 40.483656741530488 ], [ -80.012908378947301, 40.483504172764661 ], [ -80.01290501606185, 40.483371297130503 ], [ -80.012984958075421, 40.483208412683155 ], [ -80.013248487020562, 40.48287977537354 ], [ -80.013534566353371, 40.482523009311684 ], [ -80.013688304506815, 40.482299504674749 ], [ -80.013766525989283, 40.482162422861144 ], [ -80.013788702252654, 40.482084117795935 ], [ -80.013791729956111, 40.482013609040024 ], [ -80.013761247648375, 40.481898624201882 ], [ -80.013680489319114, 40.481687160443556 ], [ -80.013374034461464, 40.480947459509814 ], [ -80.013156719634537, 40.480528028002112 ], [ -80.013119838757888, 40.480480137635247 ], [ -80.013037110413791, 40.480389969154544 ], [ -80.012951453092199, 40.480321106927676 ], [ -80.012118062364507, 40.479961132513125 ], [ -80.01200370692581, 40.479914025085812 ], [ -80.011865006840196, 40.479763596551564 ], [ -80.011789597289692, 40.479681810845726 ], [ -80.011810311603483, 40.47946841583363 ], [ -80.012061534053174, 40.478156603428786 ], [ -80.01218981017432, 40.478171862650967 ], [ -80.012944090265734, 40.478145143387486 ], [ -80.013181974497883, 40.47813671535777 ], [ -80.013424665655165, 40.478104165433379 ], [ -80.013593196124091, 40.478026551879495 ], [ -80.013836987834935, 40.477832673782956 ], [ -80.014078945605689, 40.477580043369926 ], [ -80.014288517710412, 40.47737570758057 ], [ -80.01445612997361, 40.477286328103233 ], [ -80.014756647475636, 40.477261490280476 ], [ -80.015180509795101, 40.477252928465376 ], [ -80.015416324141199, 40.477195213242304 ], [ -80.015603450199521, 40.477082505248575 ], [ -80.015684667584651, 40.477000431095043 ], [ -80.015813577874042, 40.476838153067554 ], [ -80.015870345346528, 40.476720003869907 ], [ -80.015882929196053, 40.476532789853806 ], [ -80.015807560462378, 40.476347436407302 ], [ -80.015639057250439, 40.476215090488147 ], [ -80.014987079354881, 40.47581868565949 ], [ -80.01485153198081, 40.475647012011819 ], [ -80.014727873852664, 40.475365640506389 ], [ -80.014574354417476, 40.47496493064375 ], [ -80.014439307042224, 40.474763592535169 ], [ -80.014488048852684, 40.474724588385321 ], [ -80.01511798202182, 40.474155452619392 ], [ -80.0152527567856, 40.474180669939777 ], [ -80.017252035814366, 40.474133027125447 ], [ -80.017379819429436, 40.477298560204858 ], [ -80.018532040916526, 40.47726454662061 ], [ -80.018842634677583, 40.477011700555558 ], [ -80.019683126735188, 40.476604249797113 ], [ -80.021524732057671, 40.476519146756637 ], [ -80.021533774181478, 40.476614132657495 ], [ -80.021634158247764, 40.476648351464526 ], [ -80.021691097976571, 40.476667761084592 ], [ -80.022735042992764, 40.47666057269138 ], [ -80.024486877648968, 40.476642398165119 ], [ -80.024927422293203, 40.47663160572224 ], [ -80.025012532362183, 40.479382675273918 ], [ -80.023509575224608, 40.479397296298011 ], [ -80.024924644764639, 40.481770522458163 ], [ -80.024972273888011, 40.4818047178927 ], [ -80.027127050949488, 40.484872882275312 ], [ -80.027397677954895, 40.487303393974642 ], [ -80.02745574027324, 40.487631376947185 ], [ -80.027573132133298, 40.488013668443045 ], [ -80.027694011100934, 40.4884073169912 ], [ -80.027770147328354, 40.488655251092105 ], [ -80.027965712815842, 40.491087953318335 ], [ -80.027952856008071, 40.491088309269927 ], [ -80.027952727506459, 40.49108831270199 ], [ -80.027912873276065, 40.491089415745591 ], [ -80.027864188144761, 40.491090764788538 ], [ -80.027860033228791, 40.491091212384873 ], [ -80.027783144989982, 40.491099496932378 ], [ -80.027706147034735, 40.490815771724577 ], [ -80.027542824484485, 40.490534666404706 ], [ -80.02628213672638, 40.491008991403156 ], [ -80.026469464461783, 40.491284270136127 ], [ -80.024816168541619, 40.491943978497652 ], [ -80.024472324940504, 40.491600041373928 ], [ -80.024378808217079, 40.491706481540412 ], [ -80.023290157663823, 40.492033022886709 ], [ -80.022191665352821, 40.491761143754275 ], [ -80.021830740441359, 40.492590711285843 ], [ -80.021797957812026, 40.492778590910376 ], [ -80.021620391699457, 40.492538981667657 ], [ -80.021529128933267, 40.492432313149948 ], [ -80.020815943851716, 40.491852484420775 ], [ -80.019881116968179, 40.491101686872106 ] ] ] } },
{ "type": "Feature", "properties": { "Ward": 27, "District": 2, "Muni_War_1": "Pittsburgh Ward 27 Dist 2", "Gainey_2021_Total": 58, "Gainey_2025_Total": 79, "OConnor_2025_Total": 151, "Peduto_2021_Total": 85 }, "geometry": { "type": "Polygon", "coordinates": [ [ [ -80.036614267121863, 40.490510855630141 ], [ -80.036605265321455, 40.490490825046201 ], [ -80.035889525604759, 40.489657544674081 ], [ -80.035361756330957, 40.489252630749696 ], [ -80.035156650820852, 40.4891113519611 ], [ -80.035029015926412, 40.489032955977919 ], [ -80.034837497096404, 40.489006193072612 ], [ -80.034489466606445, 40.489083689904071 ], [ -80.034326384308059, 40.488834803463241 ], [ -80.034024812753316, 40.488306513314733 ], [ -80.033551872460649, 40.487446157167419 ], [ -80.033146673806499, 40.486709013056128 ], [ -80.033080611588687, 40.486364505978912 ], [ -80.033087631724626, 40.486200128600764 ], [ -80.033210718373624, 40.486040682835132 ], [ -80.033474302643313, 40.485865336743913 ], [ -80.035565600163068, 40.484474071323625 ], [ -80.035740131518466, 40.484361947135106 ], [ -80.035834467479589, 40.484343853848081 ], [ -80.036730854666303, 40.486403160145464 ], [ -80.03711994156464, 40.486304077038817 ], [ -80.037535160786121, 40.485835756130733 ], [ -80.037405035707025, 40.485670657960739 ], [ -80.037348627815845, 40.485554515786141 ], [ -80.037234848028788, 40.485212356262444 ], [ -80.036980786896763, 40.4843356207897 ], [ -80.040478899181664, 40.484385055923994 ], [ -80.039817816004529, 40.484628375924089 ], [ -80.039629771252322, 40.484784262296685 ], [ -80.037769189109639, 40.487049102374016 ], [ -80.040949387782447, 40.487647388332427 ], [ -80.043233159299447, 40.489554565064559 ], [ -80.043244896117557, 40.489572733763637 ], [ -80.040712224159677, 40.491455266962319 ], [ -80.039659248231487, 40.49103495033193 ], [ -80.038773470883214, 40.490638353521916 ], [ -80.037490630910114, 40.490065101598468 ], [ -80.037045168557285, 40.490299707448564 ], [ -80.036614267121863, 40.490510855630141 ] ] ] } },
{ "type": "Feature", "properties": { "Ward": 27, "District": 1, "Muni_War_1": "Pittsburgh Ward 27 Dist 1", "Gainey_2021_Total": 82, "Gainey_2025_Total": 83, "OConnor_2025_Total": 186, "Peduto_2021_Total": 98 }, "geometry": { "type": "Polygon", "coordinates": [ [ [ -80.024972273888011, 40.4818047178927 ], [ -80.02494582086716, 40.481767050045576 ], [ -80.0273378463, 40.481686992879041 ], [ -80.028175030144041, 40.481523044229206 ], [ -80.028757261807201, 40.481389319966851 ], [ -80.029070476734432, 40.481369863330912 ], [ -80.029476402935728, 40.481411918240084 ], [ -80.030998138835287, 40.48164531953519 ], [ -80.032819670383944, 40.481911186341065 ], [ -80.032739378196069, 40.483534800223559 ], [ -80.032653702961341, 40.485267197580391 ], [ -80.032766750346894, 40.485220430876112 ], [ -80.033472310055259, 40.485864020265069 ], [ -80.033474302643313, 40.485865336743913 ], [ -80.033210718373624, 40.486040682835132 ], [ -80.033087631724626, 40.486200128600764 ], [ -80.033080611588687, 40.486364505978912 ], [ -80.033146673806499, 40.486709013056128 ], [ -80.033551872460649, 40.487446157167419 ], [ -80.034024812753316, 40.488306513314733 ], [ -80.034326384308059, 40.488834803463241 ], [ -80.034489466606445, 40.489083689904071 ], [ -80.034837497096404, 40.489006193072612 ], [ -80.035029015926412, 40.489032955977919 ], [ -80.035156650820852, 40.4891113519611 ], [ -80.035361756330957, 40.489252630749696 ], [ -80.035889525604759, 40.489657544674081 ], [ -80.036605265321455, 40.490490825046201 ], [ -80.036614267121863, 40.490510855630141 ], [ -80.035759950742658, 40.490929474772159 ], [ -80.035668389458408, 40.490930004326621 ], [ -80.035528882138777, 40.490930812039245 ], [ -80.032498825251622, 40.490980336862805 ], [ -80.030920310852366, 40.491006105897092 ], [ -80.027965712815842, 40.491087953318335 ], [ -80.027770147328354, 40.488655251092105 ], [ -80.027694011100934, 40.4884073169912 ], [ -80.027573132133298, 40.488013668443045 ], [ -80.02745574027324, 40.487631376947185 ], [ -80.027397677954895, 40.487303393974642 ], [ -80.027127050949488, 40.484872882275312 ], [ -80.024972273888011, 40.4818047178927 ] ] ] } },
{ "type": "Feature", "properties": { "Ward": 26, "District": 16, "Muni_War_1": "Pittsburgh Ward 26 Dist 16", "Gainey_2021_Total": 76, "Gainey_2025_Total": 109, "OConnor_2025_Total": 84, "Peduto_2021_Total": 83 }, "geometry": { "type": "Polygon", "coordinates": [ [ [ -80.010622867063731, 40.490558382710873 ], [ -80.009536403202233, 40.485331825072699 ], [ -80.010247917219701, 40.485267180675464 ], [ -80.011222447063446, 40.485214867747374 ], [ -80.012232955508452, 40.485183326806919 ], [ -80.01302704473602, 40.485158535087884 ], [ -80.014324005095062, 40.485334452941679 ], [ -80.014430962702193, 40.485277122145902 ], [ -80.014632241888435, 40.485150510744113 ], [ -80.014695187419619, 40.485089665170143 ], [ -80.014703028140318, 40.485028673604511 ], [ -80.014671144627386, 40.484976096762836 ], [ -80.014620428743342, 40.484951776271885 ], [ -80.014232485196615, 40.484879967238371 ], [ -80.013803292052941, 40.484813952632166 ], [ -80.013693247744229, 40.484797026377969 ], [ -80.013635728840569, 40.484770865722098 ], [ -80.01354051814981, 40.484653026448044 ], [ -80.013534018397479, 40.484540757628217 ], [ -80.013558666998691, 40.484259261113699 ], [ -80.013717738889767, 40.484255939026241 ], [ -80.01381229693267, 40.48427944122831 ], [ -80.013987614180976, 40.48430559271717 ], [ -80.01416508941567, 40.484320112810671 ], [ -80.014385655770184, 40.484336295052657 ], [ -80.014659682056077, 40.484353864057141 ], [ -80.014838896555275, 40.484411717270568 ], [ -80.015086552832173, 40.484510840141809 ], [ -80.015269122793939, 40.484604588179636 ], [ -80.015430556250422, 40.484757046680542 ], [ -80.015564555042431, 40.484936117463953 ], [ -80.015642426182126, 40.485097891017382 ], [ -80.015766752310043, 40.485419905857306 ], [ -80.016039659535565, 40.486216871070688 ], [ -80.016241442472676, 40.486819805039417 ], [ -80.016293180355021, 40.487052723566855 ], [ -80.016261543820804, 40.487405810708935 ], [ -80.016256117157241, 40.487635060454735 ], [ -80.01627352280947, 40.487831908636288 ], [ -80.016407521865759, 40.487997647327035 ], [ -80.016488765855954, 40.488070099868501 ], [ -80.017045672500487, 40.488452192735863 ], [ -80.017813825538227, 40.488958756003967 ], [ -80.018123558508591, 40.489171818922209 ], [ -80.018205723095164, 40.489235869590011 ], [ -80.018303197298522, 40.489392169697787 ], [ -80.018303756885402, 40.489507755644631 ], [ -80.016963580396435, 40.489409361927329 ], [ -80.016864132000364, 40.490101642239004 ], [ -80.015705429333693, 40.4900027591396 ], [ -80.015593490565109, 40.490765300606682 ], [ -80.012760351114437, 40.490506190455235 ], [ -80.012587513606775, 40.490301691584961 ], [ -80.010622867063731, 40.490558382710873 ] ] ] } },
{ "type": "Feature", "properties": { "Ward": 12, "District": 12, "Muni_War_1": "Pittsburgh Ward 12 Dist 12", "Gainey_2021_Total": 102, "Gainey_2025_Total": 115, "OConnor_2025_Total": 18, "Peduto_2021_Total": 31 }, "geometry": { "type": "Polygon", "coordinates": [ [ [ -79.884540048089619, 40.487264872256105 ], [ -79.884485522685651, 40.486702249861843 ], [ -79.888174666940131, 40.486394620184413 ], [ -79.888111029301015, 40.485176144501295 ], [ -79.888137189173818, 40.485002219414099 ], [ -79.888214305137922, 40.483683303701746 ], [ -79.888200177710686, 40.483681763241833 ], [ -79.88819629331779, 40.483681338702212 ], [ -79.888182385976805, 40.48367981849335 ], [ -79.888168182745389, 40.483678268621127 ], [ -79.888164593179013, 40.483677877365245 ], [ -79.888161009508266, 40.483677486000239 ], [ -79.888146801532841, 40.483675935312235 ], [ -79.88813284458584, 40.483674413312201 ], [ -79.888129001662477, 40.483673994309449 ], [ -79.888111211197455, 40.483672052229188 ], [ -79.888093411243432, 40.483670108519945 ], [ -79.888075792465187, 40.483668185780914 ], [ -79.888075617243118, 40.483668166499633 ], [ -79.888057826724051, 40.483666222610495 ], [ -79.888043544183944, 40.483664664280163 ], [ -79.888040032754333, 40.483664281485012 ], [ -79.888037674431544, 40.483664024207094 ], [ -79.8880222389284, 40.483662344858359 ], [ -79.888006800753786, 40.483660655647668 ], [ -79.888004444760881, 40.483660397425133 ], [ -79.888000717820105, 40.483659989786425 ], [ -79.887986650651484, 40.48365845178985 ], [ -79.887971718271046, 40.483656826191272 ], [ -79.887968872214159, 40.48365651667222 ], [ -79.887966953111714, 40.483656307124512 ], [ -79.88795106392898, 40.483654570392709 ], [ -79.887933268929018, 40.483652633774156 ], [ -79.887930930737568, 40.483652378824416 ], [ -79.887915478418165, 40.483650689863161 ], [ -79.887897678532568, 40.483648747924441 ], [ -79.887897620527795, 40.483648741790105 ], [ -79.88787988810941, 40.483646806708897 ], [ -79.887864010864959, 40.483645074248734 ], [ -79.88786208822583, 40.483644864764692 ], [ -79.887860178585484, 40.483644655941163 ], [ -79.887844294181733, 40.483642920908153 ], [ -79.887826503733109, 40.483640978784052 ], [ -79.887808712134941, 40.483639037579351 ], [ -79.887790918179576, 40.483637096415521 ], [ -79.887790718082186, 40.483637073990302 ], [ -79.88777311821552, 40.483635151756673 ], [ -79.887768894053281, 40.483634690243647 ], [ -79.887755327799539, 40.483633210521973 ], [ -79.887741027586742, 40.483631652481222 ], [ -79.887737537498765, 40.483631272885781 ], [ -79.887733940777096, 40.483630879046366 ], [ -79.887719743233475, 40.483629321807527 ], [ -79.887705887043865, 40.483627814108821 ], [ -79.887701942351299, 40.483627385262373 ], [ -79.887698281729783, 40.48362698539637 ], [ -79.887684153089964, 40.483625443094581 ], [ -79.887670566623811, 40.48362395833162 ], [ -79.887666359056126, 40.483623499210623 ], [ -79.887648564072606, 40.483621562548258 ], [ -79.88763076768258, 40.483619618702427 ], [ -79.887612973680362, 40.483617675710583 ], [ -79.887595180915412, 40.483615734494805 ], [ -79.88757738688669, 40.483613790597168 ], [ -79.887569804035948, 40.483612963262779 ], [ -79.887559591765566, 40.48361184941956 ], [ -79.887549277663965, 40.48361072394512 ], [ -79.887541799003628, 40.483609908195568 ], [ -79.887534419759717, 40.483609102318788 ], [ -79.88752400503509, 40.483607966090339 ], [ -79.887513648286927, 40.483606835095166 ], [ -79.887506211067574, 40.483606023982411 ], [ -79.887498582004952, 40.48360519029081 ], [ -79.88748842058132, 40.483604080005655 ], [ -79.887477571469759, 40.483602899553595 ], [ -79.88747061971246, 40.483602143424889 ], [ -79.887464062082898, 40.483601426854413 ], [ -79.88745283046444, 40.483600201221527 ], [ -79.88744276955201, 40.483599098082912 ], [ -79.887435035036489, 40.483598250121261 ], [ -79.887426571421486, 40.483597328253957 ], [ -79.887417244782696, 40.483596313336101 ], [ -79.88739944498289, 40.483594373121306 ], [ -79.887392443362316, 40.483593607099465 ], [ -79.887381654445704, 40.483592427327515 ], [ -79.887371173524841, 40.483591286903867 ], [ -79.887363853582983, 40.483590490730293 ], [ -79.887356281349426, 40.483589663185761 ], [ -79.887346063104928, 40.483588546731696 ], [ -79.88733564482078, 40.483587409651307 ], [ -79.887328269147673, 40.483586604596347 ], [ -79.887321338589175, 40.483585847166083 ], [ -79.887310479850768, 40.483584660570457 ], [ -79.887299145255923, 40.483583424214267 ], [ -79.887292678820884, 40.483582718560385 ], [ -79.887286000469345, 40.483581989797678 ], [ -79.887274887224933, 40.483580776373223 ], [ -79.887263525397728, 40.483579536913517 ], [ -79.887257094479409, 40.483578835105462 ], [ -79.887239300555805, 40.483576893856728 ], [ -79.887221506604675, 40.483574951704924 ], [ -79.887203712597497, 40.48357300774979 ], [ -79.887185918791133, 40.483571070094143 ], [ -79.887168122342217, 40.483569123476158 ], [ -79.887150328281038, 40.483567177712175 ], [ -79.887132534477743, 40.48356524004825 ], [ -79.88712931900568, 40.483564888690488 ], [ -79.887114740475695, 40.483563296079417 ], [ -79.887100744579115, 40.483561771972987 ], [ -79.887096946702982, 40.483561359310364 ], [ -79.887092876461921, 40.483560914746711 ], [ -79.887079156297403, 40.483559417071319 ], [ -79.887064236759713, 40.483557785713927 ], [ -79.887061356317304, 40.483557470502269 ], [ -79.887047161448237, 40.483555922140411 ], [ -79.887043565942292, 40.483555529158032 ], [ -79.887040393090246, 40.483555182415195 ], [ -79.88702577200246, 40.483553586976107 ], [ -79.887011517922787, 40.483552031596588 ], [ -79.887007981629509, 40.483551645626456 ], [ -79.887004714078174, 40.48355128892176 ], [ -79.886990180617062, 40.483549703569793 ], [ -79.886975403261545, 40.483548091193761 ], [ -79.886972390246157, 40.483547762214677 ], [ -79.886969641227779, 40.483547461687976 ], [ -79.886954596310417, 40.483545820021796 ], [ -79.886939340599397, 40.483544153422109 ], [ -79.886936796423058, 40.48354387613454 ], [ -79.886931854765038, 40.483543334162604 ], [ -79.88691900579839, 40.483541926668273 ], [ -79.886901212265244, 40.483539997071652 ], [ -79.886899175952664, 40.483539774358022 ], [ -79.886883421585566, 40.483538045799307 ], [ -79.886865621759441, 40.483536103701688 ], [ -79.886847830359244, 40.483534166850738 ], [ -79.886830037552741, 40.483532222816322 ], [ -79.886812243796413, 40.483530286003464 ], [ -79.886794449698684, 40.483528338384041 ], [ -79.886776655801725, 40.483526397064139 ], [ -79.886758861905804, 40.483524455741467 ], [ -79.886741067982356, 40.483522513515751 ], [ -79.886737146912779, 40.483522085100972 ], [ -79.886723274088467, 40.483520572187615 ], [ -79.886709523169415, 40.483519071433598 ], [ -79.886705477808889, 40.48351863 ], [ -79.886701569767013, 40.483518203144975 ], [ -79.886687683888525, 40.483516687766063 ], [ -79.886673607432471, 40.483515152485033 ], [ -79.886669889997719, 40.483514746429741 ], [ -79.88666588486997, 40.483514308755616 ], [ -79.886652099474063, 40.483512799623405 ], [ -79.886639807010781, 40.483511454783802 ], [ -79.886634299518533, 40.48351085298858 ], [ -79.886616508359978, 40.483508923304584 ], [ -79.886598714159405, 40.483506972053796 ], [ -79.88658092392518, 40.483505034239684 ], [ -79.886563124144956, 40.483503092995804 ], [ -79.886545333684523, 40.483501147973641 ], [ -79.886537150655045, 40.483500255990364 ], [ -79.886527539801904, 40.48349920661542 ], [ -79.886517852021825, 40.483498149652547 ], [ -79.886509749457659, 40.483497265189079 ], [ -79.886501863554798, 40.483496404648136 ], [ -79.886491948473903, 40.483495323055735 ], [ -79.88648197536034, 40.48349423442712 ], [ -79.886474158103169, 40.483493380723594 ], [ -79.886466460449611, 40.483492541024923 ], [ -79.886456358329156, 40.483491439463286 ], [ -79.886446027671283, 40.483490311494499 ], [ -79.886438567960454, 40.483489497125682 ], [ -79.886431059735244, 40.483488678247667 ], [ -79.886420774083987, 40.483487555750983 ], [ -79.886411051884892, 40.483486492208378 ], [ -79.886402980037388, 40.483485608971684 ], [ -79.886394744931252, 40.483484711634617 ], [ -79.886385186305617, 40.483483672093101 ], [ -79.886367392089866, 40.483481719906401 ], [ -79.886361914365494, 40.483481126556775 ], [ -79.886349599767485, 40.483479790203084 ], [ -79.886339388688043, 40.483478675329955 ], [ -79.88633180581057, 40.483477846113765 ], [ -79.886325213811361, 40.483477123808228 ], [ -79.886314010504393, 40.4834758966416 ], [ -79.886302607386753, 40.483474656049246 ], [ -79.886296217956897, 40.48347395972754 ], [ -79.886289719564331, 40.483473250104161 ], [ -79.88627842636123, 40.483472015586415 ], [ -79.886266690489421, 40.48347073609574 ], [ -79.886260626569964, 40.483470073395679 ], [ -79.886254430105652, 40.483469397829637 ], [ -79.886242837420156, 40.483468131906491 ], [ -79.886231228199094, 40.483466865386838 ], [ -79.886225036451791, 40.483466189732056 ], [ -79.886218678973535, 40.483465496419193 ], [ -79.886207242587631, 40.483464248324537 ], [ -79.886195704371062, 40.483462988597232 ], [ -79.886189452233282, 40.483462305948571 ], [ -79.886171660729417, 40.483460364491961 ], [ -79.886153862066323, 40.483458420462377 ], [ -79.886136066913011, 40.483456475464401 ], [ -79.88611827791307, 40.483454538457622 ], [ -79.886100486413241, 40.483452596990119 ], [ -79.886097673417098, 40.483452287715437 ], [ -79.886082692213932, 40.483450644759593 ], [ -79.886068543888527, 40.483449111633867 ], [ -79.886064892833303, 40.48344871514314 ], [ -79.886060871120407, 40.483448275052062 ], [ -79.886047102344534, 40.483446768243731 ], [ -79.886031062886516, 40.483445014207284 ], [ -79.886029301244818, 40.483444821537596 ], [ -79.886011720629469, 40.483442907690545 ], [ -79.886011512250974, 40.483442884514389 ], [ -79.88599371713444, 40.483440940394793 ], [ -79.885980424416132, 40.483439489645733 ], [ -79.885975923255074, 40.483438998051334 ], [ -79.885971907495872, 40.483438559648874 ], [ -79.885958130584399, 40.483437056583689 ], [ -79.88594432523233, 40.483435549538001 ], [ -79.885940336707094, 40.483435114234737 ], [ -79.885936725857078, 40.483434720600776 ], [ -79.885922542830798, 40.483433171883064 ], [ -79.884472538537096, 40.483274888529209 ], [ -79.883915976976084, 40.483214128191349 ], [ -79.88391560090993, 40.483214099998342 ], [ -79.883851902594728, 40.483209360526544 ], [ -79.883785305730115, 40.483204403352417 ], [ -79.884223952638408, 40.481123791329033 ], [ -79.884360061986158, 40.480493689662204 ], [ -79.884492306115774, 40.480070208288225 ], [ -79.884665978164378, 40.479312306170904 ], [ -79.884983107022023, 40.478813912394244 ], [ -79.885361019643298, 40.47859244087374 ], [ -79.886561117733706, 40.478184942195846 ], [ -79.887085911684267, 40.475906864120532 ], [ -79.887176771296382, 40.475798061512222 ], [ -79.887324172573031, 40.475577603276101 ], [ -79.887440870344278, 40.475364003041179 ], [ -79.887472152092244, 40.475276394915838 ], [ -79.887723530340566, 40.474974190773636 ], [ -79.889281710711359, 40.475661231974087 ], [ -79.889827285613165, 40.47558292320069 ], [ -79.890508394675962, 40.475417017776749 ], [ -79.891082261707865, 40.475247585571765 ], [ -79.891647426609154, 40.475058042593133 ], [ -79.891981975076888, 40.475012381819134 ], [ -79.89206461227576, 40.475001102784049 ], [ -79.892552837758643, 40.475086853583029 ], [ -79.892758191716865, 40.475098139893198 ], [ -79.893013515675619, 40.475089600783917 ], [ -79.893232783745432, 40.475065779072665 ], [ -79.893408310236055, 40.475046709055547 ], [ -79.89365336406064, 40.474919439837301 ], [ -79.893767968470868, 40.474752337331736 ], [ -79.893887774070279, 40.474577651308415 ], [ -79.894054658416877, 40.474217399413192 ], [ -79.894018941607925, 40.474054954249766 ], [ -79.893987815983152, 40.473913392069655 ], [ -79.893835759166805, 40.473701992764653 ], [ -79.893548829994458, 40.473430266957337 ], [ -79.891783851316134, 40.471923802674709 ], [ -79.891559953980703, 40.47172638555751 ], [ -79.891477942401465, 40.471681989354316 ], [ -79.892423984081034, 40.470644582753799 ], [ -79.89279381462174, 40.47049650196054 ], [ -79.894198077990268, 40.469934214720723 ], [ -79.89604710447307, 40.468749373868619 ], [ -79.896347456002104, 40.469122098876817 ], [ -79.899248564497412, 40.472722015605811 ], [ -79.900312074238471, 40.472988519730961 ], [ -79.900799429316095, 40.473063163299329 ], [ -79.902473566123419, 40.473126058881704 ], [ -79.903076700295983, 40.473359263441971 ], [ -79.903443460056337, 40.473523775495849 ], [ -79.904030017536044, 40.473752386021481 ], [ -79.904334221492775, 40.473885676986434 ], [ -79.904437050092909, 40.474022972025686 ], [ -79.908272356357003, 40.47422334765519 ], [ -79.906951754573839, 40.487105206597057 ], [ -79.905496733189324, 40.486760265573238 ], [ -79.901679313740559, 40.485855170589801 ], [ -79.901404886732337, 40.485790099564504 ], [ -79.901562021801752, 40.488967959409273 ], [ -79.90150903223369, 40.4889535678074 ], [ -79.901067758636913, 40.488838420972307 ], [ -79.901059021861954, 40.488836139484626 ], [ -79.900749258442914, 40.488746325521099 ], [ -79.900210112009688, 40.48859725726502 ], [ -79.900126138475741, 40.488574041696765 ], [ -79.89981465094624, 40.488487802159675 ], [ -79.899772991213624, 40.488476252122446 ], [ -79.899554951968483, 40.488415811772697 ], [ -79.89949662665353, 40.488399643781079 ], [ -79.89934685745493, 40.488358154476003 ], [ -79.898955627995633, 40.488249772717495 ], [ -79.898483984850358, 40.488119249950273 ], [ -79.897981780505376, 40.487980263763895 ], [ -79.897698693055801, 40.487905339937605 ], [ -79.897655512348123, 40.487893911085322 ], [ -79.89760370472527, 40.487879233625826 ], [ -79.897603544015837, 40.487879188865499 ], [ -79.897574549318747, 40.488047472125821 ], [ -79.897400900437944, 40.489073809472814 ], [ -79.89739628816433, 40.48910103220711 ], [ -79.897316142436608, 40.489574718691358 ], [ -79.897270042312385, 40.489857572805207 ], [ -79.897262838292306, 40.489901743521258 ], [ -79.897220763021522, 40.490138386935726 ], [ -79.897174924295271, 40.490366498016648 ], [ -79.89716904133968, 40.490395766723324 ], [ -79.897137013733854, 40.490633337869134 ], [ -79.89696574521794, 40.491722307763652 ], [ -79.896955695378409, 40.491996895496548 ], [ -79.896954057388882, 40.492024229632236 ], [ -79.896932280283565, 40.492432646652396 ], [ -79.896911076444894, 40.49261347872028 ], [ -79.896845790555986, 40.492601627494388 ], [ -79.896845595923892, 40.492601592371024 ], [ -79.896694937981863, 40.492574228663209 ], [ -79.895497259752503, 40.492367091276904 ], [ -79.89484243888846, 40.492263486027106 ], [ -79.894321483781397, 40.4921823737388 ], [ -79.893602959774569, 40.492076385234775 ], [ -79.893067522499607, 40.491998605859649 ], [ -79.892057251524847, 40.491851847263433 ], [ -79.891537944199726, 40.491776403385934 ], [ -79.891223811628421, 40.491735517450884 ], [ -79.89037403266336, 40.491606405627422 ], [ -79.890373106668193, 40.491606265117554 ], [ -79.890363203033317, 40.491604803467489 ], [ -79.889831886828944, 40.491526498769339 ], [ -79.889613225365551, 40.491494272843497 ], [ -79.889599158504964, 40.491492202609997 ], [ -79.889581508874997, 40.491489596894823 ], [ -79.889563861690633, 40.491486993834265 ], [ -79.889546208754311, 40.491484395381697 ], [ -79.889528555733619, 40.491481794225443 ], [ -79.889510906280563, 40.491479193901405 ], [ -79.889493255563949, 40.491476590895509 ], [ -79.8894755990096, 40.491473989796667 ], [ -79.889457953098372, 40.491471389399067 ], [ -79.889440303536503, 40.491468785462985 ], [ -79.889422649459007, 40.491466187913637 ], [ -79.889405003437616, 40.4914635839067 ], [ -79.889387346832891, 40.491460980993729 ], [ -79.889369697390762, 40.491458380648119 ], [ -79.889352050051315, 40.49145577215338 ], [ -79.889334397359903, 40.491453180870941 ], [ -79.889316744298412, 40.491450577881764 ], [ -79.889299094775964, 40.491447974824432 ], [ -79.889281445312093, 40.491445373565007 ], [ -79.889263787537672, 40.49144277065497 ], [ -79.889246141642829, 40.491440170225061 ], [ -79.889228488673865, 40.491437569923349 ], [ -79.889210837979007, 40.491434966874337 ], [ -79.889193192059679, 40.491432365536028 ], [ -79.889154486085744, 40.491426661173712 ], [ -79.889119186059517, 40.491421460430509 ], [ -79.889087233736234, 40.491416898612549 ], [ -79.889069564339934, 40.491414375162357 ], [ -79.889051894944984, 40.491411851709444 ], [ -79.889034222013578, 40.491409328319271 ], [ -79.889016552706963, 40.491406807561908 ], [ -79.888998881014658, 40.491404285945151 ], [ -79.888981211482076, 40.491401757979858 ], [ -79.888963540828797, 40.491399231834336 ], [ -79.888945871755993, 40.49139671826866 ], [ -79.888928196102668, 40.49139418320182 ], [ -79.888910532900198, 40.491391668621404 ], [ -79.88889286101579, 40.491389140686216 ], [ -79.888850672520974, 40.491383120475412 ], [ -79.888822176706938, 40.491379055884401 ], [ -79.888804507187658, 40.491376527892108 ], [ -79.888786834560449, 40.491374013467258 ], [ -79.888769162913817, 40.491371492715729 ], [ -79.888751493627026, 40.491368971917851 ], [ -79.88873382071813, 40.491366448481749 ], [ -79.888716148096194, 40.491363934046127 ], [ -79.888698478584857, 40.491361406037633 ], [ -79.888680809360466, 40.491358887029612 ], [ -79.888663136542547, 40.491356366283647 ], [ -79.888645463640259, 40.49135384283408 ], [ -79.888627794562652, 40.491351328319482 ], [ -79.88861012169157, 40.491348805764808 ], [ -79.888592450029606, 40.491346284085921 ], [ -79.888574780756031, 40.491343763261035 ], [ -79.888557107917464, 40.491341241598562 ], [ -79.888539438418036, 40.491338713565767 ], [ -79.888521765839187, 40.491336200000752 ], [ -79.88850409654232, 40.491333678264752 ], [ -79.888486423737618, 40.491331157491793 ], [ -79.888468754671891, 40.491328642952908 ], [ -79.888451082820609, 40.491326114950226 ], [ -79.888433410076999, 40.491323595969817 ], [ -79.888415740786684, 40.49132107422033 ], [ -79.888398071612016, 40.491318556069359 ], [ -79.888380398586762, 40.491316028077684 ], [ -79.888362726019778, 40.491313514488354 ], [ -79.888345056649129, 40.49131099002711 ], [ -79.888327385035595, 40.491308469208022 ], [ -79.888309712301222, 40.491305950208677 ], [ -79.888292042820311, 40.491303422138074 ], [ -79.888274370259936, 40.491300908535237 ], [ -79.888256700981586, 40.491298386761436 ], [ -79.888239028195372, 40.49129586595064 ], [ -79.888221358862481, 40.491293342370795 ], [ -79.888203687486666, 40.491290828735345 ], [ -79.888186014447413, 40.49128829981364 ], [ -79.888174060784436, 40.491286596618529 ], [ -79.888156385645942, 40.491284075838735 ], [ -79.88813871646208, 40.491281556747857 ], [ -79.888121047193877, 40.49127903495333 ], [ -79.888103377898446, 40.491276512255794 ], [ -79.888085701785855, 40.491273997789179 ], [ -79.888068032321726, 40.491271469684335 ], [ -79.888050363144472, 40.491268950579958 ], [ -79.888032686835956, 40.491266429803034 ], [ -79.888015017661345, 40.491263910693242 ], [ -79.887997348402337, 40.491261388879813 ], [ -79.887979682710991, 40.491258867898601 ], [ -79.887962004049299, 40.491256347154483 ], [ -79.887944337181324, 40.491253826189649 ], [ -79.887926662031461, 40.491251304474396 ], [ -79.887908992579241, 40.491248776345266 ], [ -79.887891323556644, 40.491246261718182 ], [ -79.887873648439253, 40.491243740895158 ], [ -79.887855978040193, 40.4912412199822 ], [ -79.887838308736022, 40.491238696343849 ], [ -79.887820639490229, 40.491236174503399 ], [ -79.887802964378196, 40.491233653669575 ], [ -79.887785301174034, 40.491231136216321 ], [ -79.887767626150278, 40.491228618078054 ], [ -79.887749950813728, 40.491226090033571 ], [ -79.88773228062378, 40.49122357540395 ], [ -79.887714612508091, 40.491221051724906 ], [ -79.887696945658661, 40.491218530722271 ], [ -79.887679267018072, 40.491216009934895 ], [ -79.887661601321952, 40.491213488004753 ], [ -79.887643932117982, 40.491210967037652 ], [ -79.887626253538471, 40.491208448042833 ], [ -79.887608586695634, 40.491205927026712 ], [ -79.887590910334524, 40.491203403481336 ], [ -79.887573248411144, 40.491200888674811 ], [ -79.887555573089145, 40.491198360600642 ], [ -79.887537903950204, 40.491195841417948 ], [ -79.887508065362312, 40.491191585122174 ], [ -79.887467286011741, 40.491185454587729 ], [ -79.887449644608154, 40.491182805157607 ], [ -79.887432007780177, 40.491180151136035 ], [ -79.887414373454817, 40.491177501569766 ], [ -79.887396737808899, 40.491174847521023 ], [ -79.887379095317215, 40.491172200802879 ], [ -79.887361459731153, 40.491169548549351 ], [ -79.887343818335893, 40.491166899103092 ], [ -79.88732618269546, 40.491164245043578 ], [ -79.887308543661476, 40.491161595548341 ], [ -79.887290908252226, 40.491158948685992 ], [ -79.887273266719788, 40.491156294727354 ], [ -79.887240050265277, 40.491151301740693 ], [ -79.887202559360617, 40.491146248106631 ], [ -79.887184859152867, 40.491143864571114 ], [ -79.88716715052044, 40.49114147578355 ], [ -79.887149450172487, 40.491139087741011 ], [ -79.887131747667084, 40.491136706041615 ], [ -79.887122791524021, 40.491135500463606 ], [ -79.887105094774014, 40.491133114149541 ], [ -79.887087392129033, 40.491130727941758 ], [ -79.887069689428287, 40.491128339930647 ], [ -79.887051992767667, 40.491125956309411 ], [ -79.887034283193714, 40.491123574725805 ], [ -79.887016587629191, 40.491121188376418 ], [ -79.886998883839794, 40.491118803077207 ], [ -79.886971503396794, 40.491115113794862 ], [ -79.886945253916195, 40.491113936779378 ], [ -79.886927720044326, 40.491110546591933 ], [ -79.886909911323954, 40.491108684806299 ], [ -79.886892109737033, 40.49110682468784 ], [ -79.88687429770917, 40.491104970164599 ], [ -79.886856494716611, 40.491103102859903 ], [ -79.886843398097469, 40.491101744950662 ], [ -79.886825589353137, 40.491099882251689 ], [ -79.886807777100628, 40.491098020515707 ], [ -79.886789968472428, 40.491096161412543 ], [ -79.886772156421685, 40.491094305973284 ], [ -79.886754344000892, 40.491092438827145 ], [ -79.886736535603944, 40.491090586918283 ], [ -79.886702669158495, 40.491087048037826 ], [ -79.886665228154428, 40.491083454476552 ], [ -79.886647388836835, 40.491081743656871 ], [ -79.886629553029323, 40.491080031868755 ], [ -79.88661171725127, 40.491078320978211 ], [ -79.886593881359971, 40.491076606483617 ], [ -79.886576045612244, 40.491074896487888 ], [ -79.886558209779821, 40.491073183788444 ], [ -79.886540375041932, 40.491071468363494 ], [ -79.886522539354004, 40.491069760160137 ], [ -79.886504699986631, 40.491068047517821 ], [ -79.886486864157845, 40.491066334807357 ], [ -79.886469028358491, 40.4910646229945 ], [ -79.886434323710844, 40.491061292301204 ], [ -79.886433356762495, 40.491061199360487 ], [ -79.886395067705664, 40.491057875416566 ], [ -79.886377205178832, 40.491056325334313 ], [ -79.8863593400946, 40.491054768990601 ], [ -79.886341484616338, 40.491053217871759 ], [ -79.886323622149035, 40.491051669581807 ], [ -79.886305757095798, 40.491050114130125 ], [ -79.886287900412256, 40.49104856212449 ], [ -79.886270035446259, 40.49104700936828 ], [ -79.886252172896647, 40.491045458366358 ], [ -79.886234307960876, 40.491043906504892 ], [ -79.886216452431242, 40.491042353566144 ], [ -79.886198589884117, 40.491040802555936 ], [ -79.886162869423657, 40.491037697739173 ], [ -79.886125127360813, 40.491034357296833 ], [ -79.886107270894811, 40.49103277463081 ], [ -79.88608941325036, 40.491031191983744 ], [ -79.886071560323757, 40.491029609246858 ], [ -79.886053702766574, 40.491028029295215 ], [ -79.886035842794726, 40.491026447583799 ], [ -79.886017986418494, 40.491024867604935 ], [ -79.886000129957523, 40.491023284922306 ], [ -79.885982273497333, 40.491021702236971 ], [ -79.885964415944386, 40.491020122271557 ], [ -79.885946559257704, 40.491018532378156 ], [ -79.885928703028256, 40.491016956887059 ], [ -79.885892989050348, 40.491013795114561 ], [ -79.885863124334932, 40.491011277507212 ], [ -79.88584526087196, 40.491009771501801 ], [ -79.885827390134708, 40.491008259322093 ], [ -79.885809526930046, 40.49100676141402 ], [ -79.885791650440808, 40.491005253839234 ], [ -79.885773787066583, 40.491003750523745 ], [ -79.885755922399852, 40.491002243626006 ], [ -79.885738053045486, 40.491000737712923 ], [ -79.8857201823986, 40.490999228217575 ], [ -79.885702319027587, 40.490997724891024 ], [ -79.8856844497612, 40.490996221670621 ], [ -79.885666579116716, 40.490994712167023 ], [ -79.885648705049348, 40.490993206327239 ], [ -79.885621825325856, 40.490990941622876 ], [ -79.885595060672998, 40.490988919816694 ], [ -79.885577170145723, 40.490987564710622 ], [ -79.885559277602994, 40.490986220449145 ], [ -79.88554138721976, 40.490984869839131 ], [ -79.885523502476772, 40.490983511014619 ], [ -79.885505612323158, 40.490982167601622 ], [ -79.885487725479805, 40.490980816917997 ], [ -79.885469835242048, 40.4909794707985 ], [ -79.885451941239168, 40.490978117538987 ], [ -79.885434054312398, 40.490976764146119 ], [ -79.88541616640677, 40.490975417074459 ], [ -79.885412295209022, 40.490975123713859 ], [ -79.885394404888729, 40.490973774881795 ], [ -79.885376517964261, 40.490972421479974 ], [ -79.885349693099414, 40.490970398026505 ], [ -79.885322837032746, 40.490968469731435 ], [ -79.885304939107272, 40.490967178679938 ], [ -79.88528704166734, 40.490965902931009 ], [ -79.885269140348129, 40.490964616440841 ], [ -79.885251242595857, 40.490963330782897 ], [ -79.885233344673168, 40.490962039720316 ], [ -79.885215447150401, 40.490960761259345 ], [ -79.885206524218447, 40.49096011794758 ], [ -79.885188626668167, 40.490958838582166 ], [ -79.885170728861937, 40.490957551111158 ], [ -79.885152831170444, 40.49095626723863 ], [ -79.88513492994187, 40.490954983428644 ], [ -79.885117032052136, 40.490953693248322 ], [ -79.885077406257508, 40.490950852979438 ], [ -79.885045428677302, 40.490948643521435 ], [ -79.885027526548626, 40.490947405654495 ], [ -79.885009619703638, 40.490946167871861 ], [ -79.884991716397096, 40.490944930021151 ], [ -79.884973814270381, 40.490943692145898 ], [ -79.884955912087307, 40.49094245246723 ], [ -79.884938008782669, 40.490941214608213 ], [ -79.884920104385017, 40.490939979469125 ], [ -79.884902201081715, 40.490938741604545 ], [ -79.88488429895834, 40.490937503715493 ], [ -79.884873349943234, 40.490936743735858 ], [ -79.884855446812722, 40.490935511265953 ], [ -79.884837547020993, 40.490934272425768 ], [ -79.884804760576912, 40.490932005765508 ], [ -79.884765828523754, 40.490930057030312 ], [ -79.884747892342858, 40.49092915936658 ], [ -79.88472995032329, 40.490928263609476 ], [ -79.884712014200389, 40.490927367740802 ], [ -79.884694074483207, 40.490926470133992 ], [ -79.884676139483432, 40.490925572437341 ], [ -79.884658203361951, 40.490924676560319 ], [ -79.884640261116701, 40.490923773586793 ], [ -79.884604000069785, 40.49092199980543 ], [ -79.884599344560129, 40.490744946732995 ], [ -79.884581986327419, 40.488516918756368 ], [ -79.884540048089619, 40.487264872256105 ] ] ] } },
{ "type": "Feature", "properties": { "Ward": 27, "District": 3, "Muni_War_1": "Pittsburgh Ward 27 Dist 3", "Gainey_2021_Total": 53, "Gainey_2025_Total": 76, "OConnor_2025_Total": 87, "Peduto_2021_Total": 59 }, "geometry": { "type": "Polygon", "coordinates": [ [ [ -80.040478899181664, 40.484385055923994 ], [ -80.040719546947329, 40.483913142848472 ], [ -80.040966286018019, 40.484053350037371 ], [ -80.041783921004395, 40.484579354705438 ], [ -80.042149067117336, 40.484720426089545 ], [ -80.042241395459641, 40.484699116960385 ], [ -80.042325853836871, 40.484657885768264 ], [ -80.042503218298265, 40.484651966893523 ], [ -80.042618075980883, 40.484698343765167 ], [ -80.043027899894568, 40.484991677818464 ], [ -80.043850194860568, 40.485500893350469 ], [ -80.044634603176718, 40.486003665090593 ], [ -80.044831700281065, 40.486339643996899 ], [ -80.044370018868861, 40.486815093933629 ], [ -80.04475603603349, 40.487066756541168 ], [ -80.045025161809022, 40.487242210477838 ], [ -80.0455899786608, 40.487800279975744 ], [ -80.04559421186525, 40.487804461628421 ], [ -80.043315317989709, 40.48952038777292 ], [ -80.043244896117557, 40.489572733763637 ], [ -80.043233159299447, 40.489554565064559 ], [ -80.040949387782447, 40.487647388332427 ], [ -80.037769189109639, 40.487049102374016 ], [ -80.039629771252322, 40.484784262296685 ], [ -80.039817816004529, 40.484628375924089 ], [ -80.040478899181664, 40.484385055923994 ] ] ] } },
{ "type": "Feature", "properties": { "Ward": 10, "District": 7, "Muni_War_1": "Pittsburgh Ward 10 Dist 7", "Gainey_2021_Total": 108, "Gainey_2025_Total": 107, "OConnor_2025_Total": 115, "Peduto_2021_Total": 72 }, "geometry": { "type": "Polygon", "coordinates": [ [ [ -79.924940276480569, 40.490980825092919 ], [ -79.923567463985975, 40.490716517281726 ], [ -79.923861109034121, 40.489877685857707 ], [ -79.923959107946501, 40.489597736035137 ], [ -79.924064811341509, 40.489324788624792 ], [ -79.92406651408632, 40.48924434109091 ], [ -79.924170257856034, 40.489059085170723 ], [ -79.924231619390966, 40.488904464031741 ], [ -79.924320896196917, 40.488810356182206 ], [ -79.924330128540475, 40.488748229139127 ], [ -79.924513744711774, 40.488274282730117 ], [ -79.924561650896393, 40.488079476882945 ], [ -79.924603173289938, 40.487959167284707 ], [ -79.924791054125109, 40.487610006460081 ], [ -79.925795775474057, 40.486530850047089 ], [ -79.926531352146782, 40.48590189282654 ], [ -79.927841110148663, 40.484839489596162 ], [ -79.928192842479845, 40.485096528607627 ], [ -79.92997597123383, 40.486399555026573 ], [ -79.930899549534203, 40.48562901574428 ], [ -79.931017106705355, 40.485302706936885 ], [ -79.931293098199362, 40.485330021143696 ], [ -79.931691743006454, 40.485438597553433 ], [ -79.932027364022559, 40.485669435019169 ], [ -79.933071918495173, 40.486442021654007 ], [ -79.933729126761108, 40.486928101264517 ], [ -79.933905598898164, 40.488953560026772 ], [ -79.933909058150789, 40.489957707735385 ], [ -79.934391339460149, 40.491567275354797 ], [ -79.933987275741629, 40.491593311179827 ], [ -79.932966688340741, 40.491647097377474 ], [ -79.932180220923215, 40.491688537729345 ], [ -79.931515489761097, 40.491674660253054 ], [ -79.929735322092341, 40.491637474337672 ], [ -79.927921953117405, 40.49153837701116 ], [ -79.927921795144798, 40.49153834485287 ], [ -79.926585082818022, 40.491265056097262 ], [ -79.924940417767004, 40.490980852163936 ], [ -79.924940276480569, 40.490980825092919 ] ] ] } },
{ "type": "Feature", "properties": { "Ward": 10, "District": 5, "Muni_War_1": "Pittsburgh Ward 10 Dist 5", "Gainey_2021_Total": 90, "Gainey_2025_Total": 86, "OConnor_2025_Total": 89, "Peduto_2021_Total": 57 }, "geometry": { "type": "Polygon", "coordinates": [ [ [ -79.933729126761108, 40.486928101264517 ], [ -79.933997738824502, 40.48682193269449 ], [ -79.934608274123633, 40.486502013096768 ], [ -79.934836249970459, 40.486495744882639 ], [ -79.934907156297314, 40.486519805722359 ], [ -79.935171833397618, 40.486530763229815 ], [ -79.935465045646225, 40.486603736298001 ], [ -79.935748352037393, 40.486551444442831 ], [ -79.936008109967759, 40.486410617667381 ], [ -79.936218628811275, 40.486096101897701 ], [ -79.936241430277661, 40.48590228037699 ], [ -79.936302569222534, 40.48559631699711 ], [ -79.93645623278708, 40.485284658394541 ], [ -79.9385184960327, 40.482318456948647 ], [ -79.939787160036644, 40.482628056774914 ], [ -79.939898512451947, 40.482679576954794 ], [ -79.940066482929268, 40.482813515312266 ], [ -79.940216539698383, 40.483046298848933 ], [ -79.942710969867264, 40.48299447715965 ], [ -79.944106288611238, 40.483589853669017 ], [ -79.944384388894662, 40.483571532060388 ], [ -79.944519385129666, 40.483589735856221 ], [ -79.944909877447969, 40.483936487154821 ], [ -79.945675707642835, 40.484616519395537 ], [ -79.948056068331056, 40.48672121052855 ], [ -79.949842815449571, 40.488074368159516 ], [ -79.949330433815931, 40.48825493767535 ], [ -79.948960288933634, 40.488366949284824 ], [ -79.94783718742454, 40.488706805712354 ], [ -79.946340750580646, 40.489062902949733 ], [ -79.945966554316698, 40.489143079633067 ], [ -79.944669768291661, 40.489420921117045 ], [ -79.943475102728385, 40.489771247893671 ], [ -79.942866102468983, 40.489938668272366 ], [ -79.942200372563491, 40.490121679892425 ], [ -79.940911524752735, 40.490486274257776 ], [ -79.939554452631342, 40.490766061656743 ], [ -79.939380213291813, 40.490797606779267 ], [ -79.938355393749291, 40.490983139639432 ], [ -79.938355200405312, 40.490983181133956 ], [ -79.937105364216578, 40.491256691439382 ], [ -79.935572137687643, 40.491491174208299 ], [ -79.934860973854683, 40.491537007607292 ], [ -79.934391339460149, 40.491567275354797 ], [ -79.933909058150789, 40.489957707735385 ], [ -79.933905598898164, 40.488953560026772 ], [ -79.933729126761108, 40.486928101264517 ] ] ] } },
{ "type": "Feature", "properties": { "Ward": 10, "District": 8, "Muni_War_1": "Pittsburgh Ward 10 Dist 8", "Gainey_2021_Total": 84, "Gainey_2025_Total": 105, "OConnor_2025_Total": 150, "Peduto_2021_Total": 103 }, "geometry": { "type": "Polygon", "coordinates": [ [ [ -79.917242494231445, 40.489258132124569 ], [ -79.9176927828522, 40.488820718041957 ], [ -79.918001588846039, 40.488515583488997 ], [ -79.918249649172338, 40.48827047027028 ], [ -79.918373024548032, 40.488163067234687 ], [ -79.918486102015564, 40.488072443640618 ], [ -79.918549233887305, 40.487997826877866 ], [ -79.918580645707209, 40.488004932906051 ], [ -79.918612186275894, 40.487974852059416 ], [ -79.918955243516578, 40.487696456538977 ], [ -79.919053665017074, 40.487587964983035 ], [ -79.919092045430148, 40.487598382316882 ], [ -79.919196622047352, 40.487515119744053 ], [ -79.919298555135455, 40.487444129418456 ], [ -79.919417972420277, 40.487360961190966 ], [ -79.919516363761232, 40.487321668720298 ], [ -79.919577341152802, 40.487249967290794 ], [ -79.920199084452037, 40.486816949796427 ], [ -79.920427302289553, 40.486658004720127 ], [ -79.920534554751683, 40.486647392127317 ], [ -79.920797628392378, 40.486389276627797 ], [ -79.922287492666356, 40.485374955249199 ], [ -79.923145776763832, 40.484510680984293 ], [ -79.923874769637592, 40.483665770138956 ], [ -79.924225044183999, 40.483232077223548 ], [ -79.924152794342717, 40.483153063317729 ], [ -79.924203844598097, 40.483067462833333 ], [ -79.92713367558548, 40.48432775968179 ], [ -79.925816514474221, 40.485397589388882 ], [ -79.926531352146782, 40.48590189282654 ], [ -79.925795775474057, 40.486530850047089 ], [ -79.924791054125109, 40.487610006460081 ], [ -79.924603173289938, 40.487959167284707 ], [ -79.924561650896393, 40.488079476882945 ], [ -79.924513744711774, 40.488274282730117 ], [ -79.924330128540475, 40.488748229139127 ], [ -79.924320896196917, 40.488810356182206 ], [ -79.924231619390966, 40.488904464031741 ], [ -79.924170257856034, 40.489059085170723 ], [ -79.92406651408632, 40.48924434109091 ], [ -79.924064811341509, 40.489324788624792 ], [ -79.923959107946501, 40.489597736035137 ], [ -79.923861109034121, 40.489877685857707 ], [ -79.923567463985975, 40.490716517281726 ], [ -79.92254251010371, 40.490469200956284 ], [ -79.922190056877014, 40.490367933785905 ], [ -79.92103680744161, 40.49003657007384 ], [ -79.919241954474757, 40.489668357077889 ], [ -79.917977461877626, 40.489408928974861 ], [ -79.917977318152055, 40.489408899238597 ], [ -79.917727177306602, 40.489357577010118 ], [ -79.917718456887144, 40.489355788327359 ], [ -79.917242494231445, 40.489258132124569 ] ] ] } },
{ "type": "Feature", "properties": { "Ward": 27, "District": 4, "Muni_War_1": "Pittsburgh Ward 27 Dist 4", "Gainey_2021_Total": 79, "Gainey_2025_Total": 136, "OConnor_2025_Total": 87, "Peduto_2021_Total": 72 }, "geometry": { "type": "Polygon", "coordinates": [ [ [ -80.040719546947329, 40.483913142848472 ], [ -80.041635534496265, 40.48210598050759 ], [ -80.0416488770218, 40.482013616870049 ], [ -80.041742408061381, 40.481937761801035 ], [ -80.04094739231131, 40.482085781224981 ], [ -80.040358731251814, 40.480239326091215 ], [ -80.042989401738268, 40.479597161294706 ], [ -80.042963910062213, 40.47935530621838 ], [ -80.042953274821429, 40.47925440899067 ], [ -80.042959563732282, 40.479102249100116 ], [ -80.043035986327823, 40.47892514560035 ], [ -80.04317857012721, 40.478788944449938 ], [ -80.0435111491214, 40.478664512974561 ], [ -80.043949318611652, 40.478520782348475 ], [ -80.043954899380111, 40.478526413870469 ], [ -80.045640994426904, 40.480098876653052 ], [ -80.051090479478731, 40.483791542839747 ], [ -80.050681549991424, 40.484111887447419 ], [ -80.050007076344826, 40.48464069038608 ], [ -80.04982887995655, 40.484878665026955 ], [ -80.049965394819694, 40.484990668643775 ], [ -80.050119781755058, 40.485117333477454 ], [ -80.050151068488958, 40.485191123424372 ], [ -80.050145060002976, 40.485223233405506 ], [ -80.049931538935894, 40.485386156214183 ], [ -80.048576441149024, 40.486420108663651 ], [ -80.048168124266482, 40.486375956736332 ], [ -80.047927156875971, 40.486299855002429 ], [ -80.047872324625558, 40.486337103447703 ], [ -80.047625809912546, 40.486537501996096 ], [ -80.047384286427913, 40.486730332483965 ], [ -80.046831035226731, 40.487164962910498 ], [ -80.04683100996094, 40.487164983231814 ], [ -80.046681030998641, 40.487026801517757 ], [ -80.046680970079905, 40.487026745071056 ], [ -80.046547068543447, 40.487104526492097 ], [ -80.046444985954409, 40.487163825735159 ], [ -80.046444861676534, 40.48716391829165 ], [ -80.04559421186525, 40.487804461628421 ], [ -80.0455899786608, 40.487800279975744 ], [ -80.045025161809022, 40.487242210477838 ], [ -80.04475603603349, 40.487066756541168 ], [ -80.044370018868861, 40.486815093933629 ], [ -80.044831700281065, 40.486339643996899 ], [ -80.044634603176718, 40.486003665090593 ], [ -80.043850194860568, 40.485500893350469 ], [ -80.043027899894568, 40.484991677818464 ], [ -80.042618075980883, 40.484698343765167 ], [ -80.042503218298265, 40.484651966893523 ], [ -80.042325853836871, 40.484657885768264 ], [ -80.042241395459641, 40.484699116960385 ], [ -80.042149067117336, 40.484720426089545 ], [ -80.041783921004395, 40.484579354705438 ], [ -80.040966286018019, 40.484053350037371 ], [ -80.040719546947329, 40.483913142848472 ] ] ] } },
{ "type": "Feature", "properties": { "Ward": 11, "District": 9, "Muni_War_1": "Pittsburgh Ward 11 Dist 9", "Gainey_2021_Total": 168, "Gainey_2025_Total": 164, "OConnor_2025_Total": 115, "Peduto_2021_Total": 91 }, "geometry": { "type": "Polygon", "coordinates": [ [ [ -79.915015220077677, 40.488800533934594 ], [ -79.907511363833351, 40.487237866278534 ], [ -79.907474543941888, 40.487229138447667 ], [ -79.907474470228578, 40.487229120905056 ], [ -79.907351706763009, 40.487200019312063 ], [ -79.906951754573839, 40.487105206597057 ], [ -79.908272356357003, 40.47422334765519 ], [ -79.908348663607185, 40.473478854128963 ], [ -79.908348824805572, 40.473478878145258 ], [ -79.911014149897724, 40.473881092555686 ], [ -79.911020750786335, 40.473882479907019 ], [ -79.912109178240769, 40.474111174221832 ], [ -79.912497588985815, 40.474115095105688 ], [ -79.912795054120878, 40.474118096303819 ], [ -79.912800150373357, 40.474118874798272 ], [ -79.914079553540432, 40.474314288723647 ], [ -79.914558684048941, 40.474392178073984 ], [ -79.91445589578143, 40.474648432043885 ], [ -79.913867841343006, 40.477471915749881 ], [ -79.913813554372865, 40.477572982141815 ], [ -79.913535994294065, 40.477677623883935 ], [ -79.91324576040698, 40.478027200471104 ], [ -79.913112910912361, 40.478265551436138 ], [ -79.913140857021929, 40.478379902542777 ], [ -79.913341492262987, 40.478717889707369 ], [ -79.913458810927509, 40.478683623412699 ], [ -79.913746573649604, 40.478645728833392 ], [ -79.914084460924386, 40.478650238993211 ], [ -79.914530327308213, 40.478731080253205 ], [ -79.915098584119846, 40.478818458274489 ], [ -79.915936478595015, 40.478835000891543 ], [ -79.918627908834026, 40.474747627805861 ], [ -79.919192059114096, 40.473666595149417 ], [ -79.921335640022008, 40.47436188480615 ], [ -79.921732784307409, 40.474490696157332 ], [ -79.921732629675404, 40.47449094949944 ], [ -79.918713640762633, 40.47944971604322 ], [ -79.919678933578112, 40.4798002117453 ], [ -79.919836995230455, 40.479493343757561 ], [ -79.920295127290814, 40.478717977879477 ], [ -79.922384733093509, 40.479448193533258 ], [ -79.924048087449762, 40.480029416200544 ], [ -79.924595992382322, 40.479817340681947 ], [ -79.927340987849675, 40.480844288819213 ], [ -79.927334390193835, 40.480991092964359 ], [ -79.924813889339546, 40.481903731792073 ], [ -79.924203844598097, 40.483067462833333 ], [ -79.924152794342717, 40.483153063317729 ], [ -79.924225044183999, 40.483232077223548 ], [ -79.923874769637592, 40.483665770138956 ], [ -79.923145776763832, 40.484510680984293 ], [ -79.922287492666356, 40.485374955249199 ], [ -79.920797628392378, 40.486389276627797 ], [ -79.920534554751683, 40.486647392127317 ], [ -79.920427302289553, 40.486658004720127 ], [ -79.920199084452037, 40.486816949796427 ], [ -79.919577341152802, 40.487249967290794 ], [ -79.919516363761232, 40.487321668720298 ], [ -79.919417972420277, 40.487360961190966 ], [ -79.919298555135455, 40.487444129418456 ], [ -79.919196622047352, 40.487515119744053 ], [ -79.919092045430148, 40.487598382316882 ], [ -79.919053665017074, 40.487587964983035 ], [ -79.918955243516578, 40.487696456538977 ], [ -79.918612186275894, 40.487974852059416 ], [ -79.918580645707209, 40.488004932906051 ], [ -79.918549233887305, 40.487997826877866 ], [ -79.918486102015564, 40.488072443640618 ], [ -79.918373024548032, 40.488163067234687 ], [ -79.918249649172338, 40.48827047027028 ], [ -79.918001588846039, 40.488515583488997 ], [ -79.9176927828522, 40.488820718041957 ], [ -79.917242494231445, 40.489258132124569 ], [ -79.915209781710061, 40.488841043787389 ], [ -79.915209635628514, 40.488841014091861 ], [ -79.91518295307516, 40.488835458151385 ], [ -79.915015220077677, 40.488800533934594 ] ] ] } },
{ "type": "Feature", "properties": { "Ward": 27, "District": 5, "Muni_War_1": "Pittsburgh Ward 27 Dist 5", "Gainey_2021_Total": 87, "Gainey_2025_Total": 105, "OConnor_2025_Total": 142, "Peduto_2021_Total": 95 }, "geometry": { "type": "Polygon", "coordinates": [ [ [ -80.033474302643313, 40.485865336743913 ], [ -80.033472310055259, 40.485864020265069 ], [ -80.032766750346894, 40.485220430876112 ], [ -80.032653702961341, 40.485267197580391 ], [ -80.032739378196069, 40.483534800223559 ], [ -80.036510104410581, 40.482863689522347 ], [ -80.036016298898389, 40.481279288728736 ], [ -80.040358731251814, 40.480239326091215 ], [ -80.04094739231131, 40.482085781224981 ], [ -80.041742408061381, 40.481937761801035 ], [ -80.0416488770218, 40.482013616870049 ], [ -80.041635534496265, 40.48210598050759 ], [ -80.040719546947329, 40.483913142848472 ], [ -80.040478899181664, 40.484385055923994 ], [ -80.036980786896763, 40.4843356207897 ], [ -80.037234848028788, 40.485212356262444 ], [ -80.037348627815845, 40.485554515786141 ], [ -80.037405035707025, 40.485670657960739 ], [ -80.037535160786121, 40.485835756130733 ], [ -80.03711994156464, 40.486304077038817 ], [ -80.036730854666303, 40.486403160145464 ], [ -80.035834467479589, 40.484343853848081 ], [ -80.035740131518466, 40.484361947135106 ], [ -80.035565600163068, 40.484474071323625 ], [ -80.033474302643313, 40.485865336743913 ] ] ] } },
{ "type": "Feature", "properties": { "Ward": 10, "District": 1, "Muni_War_1": "Pittsburgh Ward 10 Dist 1", "Gainey_2021_Total": 121, "Gainey_2025_Total": 97, "OConnor_2025_Total": 96, "Peduto_2021_Total": 46 }, "geometry": { "type": "Polygon", "coordinates": [ [ [ -79.945675707642835, 40.484616519395537 ], [ -79.946461654372712, 40.484222154061371 ], [ -79.947395037110155, 40.483841801503772 ], [ -79.948051024923117, 40.484397804312607 ], [ -79.949930812424597, 40.483582156321475 ], [ -79.953441584326498, 40.481590311419616 ], [ -79.952297008169509, 40.480773867118351 ], [ -79.953083920048741, 40.479820059119817 ], [ -79.953474604944091, 40.479238189980038 ], [ -79.954480816148944, 40.477534644754201 ], [ -79.955699402704752, 40.478347252953213 ], [ -79.957898891730963, 40.479927905464812 ], [ -79.957962837386873, 40.480031270084041 ], [ -79.958083926182752, 40.480062877962027 ], [ -79.960736926454601, 40.482015301977363 ], [ -79.960690988452228, 40.482055734455685 ], [ -79.96065551751154, 40.482086954567883 ], [ -79.959511807192868, 40.483041797702157 ], [ -79.95856895315589, 40.483799818006553 ], [ -79.957767608394207, 40.484361099855327 ], [ -79.957751068891497, 40.484372683618808 ], [ -79.957466495565598, 40.484572002685397 ], [ -79.956394754668111, 40.485282486540335 ], [ -79.956169234729629, 40.485417592628721 ], [ -79.955351092907691, 40.485907726368971 ], [ -79.954765184485154, 40.486187804091635 ], [ -79.954319491244462, 40.486400852126287 ], [ -79.953195267769402, 40.486955402441168 ], [ -79.952824153074559, 40.487079181586935 ], [ -79.951929590930831, 40.487377541057135 ], [ -79.951275788074753, 40.487591149513641 ], [ -79.950821269755522, 40.487729540615554 ], [ -79.950090119013282, 40.487987214987342 ], [ -79.949842815449571, 40.488074368159516 ], [ -79.948056068331056, 40.48672121052855 ], [ -79.945675707642835, 40.484616519395537 ] ] ] } },
{ "type": "Feature", "properties": { "Ward": 10, "District": 4, "Muni_War_1": "Pittsburgh Ward 10 Dist 4", "Gainey_2021_Total": 114, "Gainey_2025_Total": 134, "OConnor_2025_Total": 128, "Peduto_2021_Total": 96 }, "geometry": { "type": "Polygon", "coordinates": [ [ [ -79.933071918495173, 40.486442021654007 ], [ -79.933954188862145, 40.485716121447368 ], [ -79.934557829459393, 40.484895477711788 ], [ -79.933347263553287, 40.484409334816611 ], [ -79.933143226435533, 40.48434128080158 ], [ -79.933795908947062, 40.483133671870561 ], [ -79.934430462292099, 40.480479091841822 ], [ -79.93478774939031, 40.480573315857164 ], [ -79.937664354070449, 40.481331890709711 ], [ -79.938984068395499, 40.481650475889765 ], [ -79.9385184960327, 40.482318456948647 ], [ -79.93645623278708, 40.485284658394541 ], [ -79.936302569222534, 40.48559631699711 ], [ -79.936241430277661, 40.48590228037699 ], [ -79.936218628811275, 40.486096101897701 ], [ -79.936008109967759, 40.486410617667381 ], [ -79.935748352037393, 40.486551444442831 ], [ -79.935465045646225, 40.486603736298001 ], [ -79.935171833397618, 40.486530763229815 ], [ -79.934907156297314, 40.486519805722359 ], [ -79.934836249970459, 40.486495744882639 ], [ -79.934608274123633, 40.486502013096768 ], [ -79.933997738824502, 40.48682193269449 ], [ -79.933729126761108, 40.486928101264517 ], [ -79.933071918495173, 40.486442021654007 ] ] ] } },
{ "type": "Feature", "properties": { "Ward": 26, "District": 11, "Muni_War_1": "Pittsburgh Ward 26 Dist 11", "Gainey_2021_Total": 119, "Gainey_2025_Total": 130, "OConnor_2025_Total": 85, "Peduto_2021_Total": 73 }, "geometry": { "type": "Polygon", "coordinates": [ [ [ -80.009536403202233, 40.485331825072699 ], [ -80.008360269161017, 40.48539947531988 ], [ -80.007517730297764, 40.483175755472651 ], [ -80.007235923636145, 40.481777299710437 ], [ -80.007424234501343, 40.481766288557715 ], [ -80.007553533281794, 40.481680958430992 ], [ -80.007811167225285, 40.481421558678697 ], [ -80.008059258732999, 40.481347282701968 ], [ -80.008349456800957, 40.481260399447855 ], [ -80.008783645151624, 40.481058163500165 ], [ -80.00888374592131, 40.480986959473213 ], [ -80.008799096431289, 40.480794857261913 ], [ -80.008338467735754, 40.480395578771137 ], [ -80.008593714442, 40.479145681687925 ], [ -80.008727356433184, 40.477593624280168 ], [ -80.007447858367826, 40.477639034692366 ], [ -80.007436309805328, 40.476880355840905 ], [ -80.007322710217295, 40.476432974389795 ], [ -80.008154783407107, 40.476260961178696 ], [ -80.008205163055734, 40.476398296878642 ], [ -80.008248636302767, 40.476516807605215 ], [ -80.008293892135768, 40.476640175257451 ], [ -80.010050248621425, 40.476409406203537 ], [ -80.010522020965482, 40.476347081204388 ], [ -80.010740176615414, 40.476334785348641 ], [ -80.011342348487005, 40.476274285437029 ], [ -80.011802713719007, 40.476209754013865 ], [ -80.012148405686276, 40.476160452382345 ], [ -80.012356317397447, 40.476148868287787 ], [ -80.012366913182561, 40.476207992752975 ], [ -80.012366682898545, 40.476323831192929 ], [ -80.012366208551441, 40.476563148677137 ], [ -80.012325189294017, 40.476779817759656 ], [ -80.012061534053174, 40.478156603428786 ], [ -80.011810311603483, 40.47946841583363 ], [ -80.011789597289692, 40.479681810845726 ], [ -80.011865006840196, 40.479763596551564 ], [ -80.01200370692581, 40.479914025085812 ], [ -80.012118062364507, 40.479961132513125 ], [ -80.012951453092199, 40.480321106927676 ], [ -80.013037110413791, 40.480389969154544 ], [ -80.013119838757888, 40.480480137635247 ], [ -80.013156719634537, 40.480528028002112 ], [ -80.013374034461464, 40.480947459509814 ], [ -80.013680489319114, 40.481687160443556 ], [ -80.013761247648375, 40.481898624201882 ], [ -80.013791729956111, 40.482013609040024 ], [ -80.013788702252654, 40.482084117795935 ], [ -80.013766525989283, 40.482162422861144 ], [ -80.013688304506815, 40.482299504674749 ], [ -80.013534566353371, 40.482523009311684 ], [ -80.013248487020562, 40.48287977537354 ], [ -80.012984958075421, 40.483208412683155 ], [ -80.01290501606185, 40.483371297130503 ], [ -80.012908378947301, 40.483504172764661 ], [ -80.012951009679696, 40.483656741530488 ], [ -80.013048066605123, 40.483776088332483 ], [ -80.013144663125047, 40.483852433521491 ], [ -80.013229568847891, 40.483919538338938 ], [ -80.013420056543453, 40.484070090371347 ], [ -80.013525095570657, 40.484153106752295 ], [ -80.01381229693267, 40.48427944122831 ], [ -80.013717738889767, 40.484255939026241 ], [ -80.013558666998691, 40.484259261113699 ], [ -80.013534018397479, 40.484540757628217 ], [ -80.01354051814981, 40.484653026448044 ], [ -80.013635728840569, 40.484770865722098 ], [ -80.013693247744229, 40.484797026377969 ], [ -80.013803292052941, 40.484813952632166 ], [ -80.014232485196615, 40.484879967238371 ], [ -80.014620428743342, 40.484951776271885 ], [ -80.014671144627386, 40.484976096762836 ], [ -80.014703028140318, 40.485028673604511 ], [ -80.014695187419619, 40.485089665170143 ], [ -80.014632241888435, 40.485150510744113 ], [ -80.014430962702193, 40.485277122145902 ], [ -80.014324005095062, 40.485334452941679 ], [ -80.01302704473602, 40.485158535087884 ], [ -80.012232955508452, 40.485183326806919 ], [ -80.011222447063446, 40.485214867747374 ], [ -80.010247917219701, 40.485267180675464 ], [ -80.009536403202233, 40.485331825072699 ] ] ] } },
{ "type": "Feature", "properties": { "Ward": 10, "District": 10, "Muni_War_1": "Pittsburgh Ward 10 Dist 10", "Gainey_2021_Total": 118, "Gainey_2025_Total": 130, "OConnor_2025_Total": 176, "Peduto_2021_Total": 92 }, "geometry": { "type": "Polygon", "coordinates": [ [ [ -79.928192842479845, 40.485096528607627 ], [ -79.92850616958863, 40.484891943621072 ], [ -79.929688183904119, 40.481113542639079 ], [ -79.930180121138065, 40.481202860649795 ], [ -79.930720866579478, 40.479535578925358 ], [ -79.93167783200883, 40.479716497886123 ], [ -79.932019646066507, 40.478584006249903 ], [ -79.932014439258111, 40.478467848071709 ], [ -79.931887012682026, 40.477518104049722 ], [ -79.931762733188904, 40.476702435280117 ], [ -79.931721385056406, 40.476545672766484 ], [ -79.931716363130533, 40.476482456212231 ], [ -79.931840324376211, 40.476084493164493 ], [ -79.931798852327105, 40.475396558912351 ], [ -79.93179857451581, 40.475391947262587 ], [ -79.931861222385379, 40.47529531384631 ], [ -79.93191608151696, 40.475217186843388 ], [ -79.932050131237929, 40.475595646616057 ], [ -79.932505034461002, 40.476879927326578 ], [ -79.932788493544891, 40.478402998090573 ], [ -79.932965592692298, 40.479369045855904 ], [ -79.933039131957884, 40.479641294462489 ], [ -79.933107181846211, 40.479771723010046 ], [ -79.933400238719187, 40.479964302371712 ], [ -79.934430462292099, 40.480479091841822 ], [ -79.933795908947062, 40.483133671870561 ], [ -79.933143226435533, 40.48434128080158 ], [ -79.933347263553287, 40.484409334816611 ], [ -79.934557829459393, 40.484895477711788 ], [ -79.933954188862145, 40.485716121447368 ], [ -79.933071918495173, 40.486442021654007 ], [ -79.932027364022559, 40.485669435019169 ], [ -79.931691743006454, 40.485438597553433 ], [ -79.931293098199362, 40.485330021143696 ], [ -79.931017106705355, 40.485302706936885 ], [ -79.930899549534203, 40.48562901574428 ], [ -79.92997597123383, 40.486399555026573 ], [ -79.928192842479845, 40.485096528607627 ] ] ] } },
{ "type": "Feature", "properties": { "Ward": 27, "District": 12, "Muni_War_1": "Pittsburgh Ward 27 Dist 12", "Gainey_2021_Total": 58, "Gainey_2025_Total": 66, "OConnor_2025_Total": 48, "Peduto_2021_Total": 36 }, "geometry": { "type": "Polygon", "coordinates": [ [ [ -80.043949318611652, 40.478520782348475 ], [ -80.04189711080835, 40.476449874412744 ], [ -80.041215442359658, 40.475635236359786 ], [ -80.040880277164149, 40.475230371549166 ], [ -80.037768947799933, 40.475308597189226 ], [ -80.037565703112762, 40.475328648127807 ], [ -80.037516432714995, 40.475244465972274 ], [ -80.036178068378092, 40.475776569973185 ], [ -80.03547610041538, 40.475385803657005 ], [ -80.035220232362704, 40.475245726185832 ], [ -80.035174717427608, 40.47517727126349 ], [ -80.035086212818541, 40.475115838845554 ], [ -80.034629580679876, 40.475459063700058 ], [ -80.03402622823539, 40.475876163063525 ], [ -80.033320080486419, 40.47619387500292 ], [ -80.03257250638535, 40.476423293109853 ], [ -80.032163683978652, 40.476487209117721 ], [ -80.03171842355863, 40.476489135028174 ], [ -80.031669738311592, 40.47629055661811 ], [ -80.031563198483127, 40.47609092081732 ], [ -80.03118998911701, 40.475820863555946 ], [ -80.030788830567914, 40.475585603538669 ], [ -80.030374199556746, 40.475342438696721 ], [ -80.030370869890817, 40.475284416371068 ], [ -80.031334690537633, 40.475100791454707 ], [ -80.031386103504104, 40.475094565367343 ], [ -80.030369568786213, 40.471909730016051 ], [ -80.030624438239528, 40.471924009419268 ], [ -80.030991775212257, 40.471901574546152 ], [ -80.031119791726994, 40.472271374736472 ], [ -80.031190014774921, 40.472261323566258 ], [ -80.033397334008995, 40.472244563846409 ], [ -80.034506716969744, 40.472228267392723 ], [ -80.034529996848903, 40.472814326990388 ], [ -80.034537271711656, 40.472997460863795 ], [ -80.034603297559798, 40.473022670081129 ], [ -80.034790392329072, 40.472973237633425 ], [ -80.035457622824467, 40.471893095549881 ], [ -80.035526045476743, 40.47179014388837 ], [ -80.037189246431097, 40.47174472433823 ], [ -80.037782322211882, 40.47176551168576 ], [ -80.038278960152411, 40.471712605244683 ], [ -80.038094149271984, 40.471416638569856 ], [ -80.037552265320869, 40.470884710239758 ], [ -80.037037085946039, 40.470096705264424 ], [ -80.036436156732293, 40.469042178989802 ], [ -80.036258060966929, 40.468494974840731 ], [ -80.036269689169401, 40.468383292778 ], [ -80.036326917300983, 40.467833669672714 ], [ -80.036882598037167, 40.466969739159964 ], [ -80.038091400582616, 40.466112831240842 ], [ -80.045890252892562, 40.460747869700654 ], [ -80.047695420390752, 40.462304204140999 ], [ -80.051185092339722, 40.465512710123022 ], [ -80.051272892875915, 40.465570202089438 ], [ -80.051175251210267, 40.465598597733504 ], [ -80.051111992986208, 40.466344827645379 ], [ -80.051109642229136, 40.466372552462381 ], [ -80.050960384882316, 40.467254422853678 ], [ -80.05063904298629, 40.468297180375856 ], [ -80.0502619382262, 40.469280735263013 ], [ -80.050261927482367, 40.469280766107005 ], [ -80.049647206480827, 40.469976127755444 ], [ -80.049105188843257, 40.470320098077941 ], [ -80.048694014973321, 40.470581028406542 ], [ -80.047768179527921, 40.471147038014209 ], [ -80.047633435132397, 40.471255101840377 ], [ -80.047094309771438, 40.471687472816946 ], [ -80.046842147391615, 40.472385162441178 ], [ -80.04683863716501, 40.472394871671646 ], [ -80.046939847064934, 40.47315539348071 ], [ -80.047123889630484, 40.474030633369544 ], [ -80.047322987569999, 40.474433819780728 ], [ -80.047563064667344, 40.474919985731425 ], [ -80.04776673828728, 40.475528938576126 ], [ -80.047862281239958, 40.475814593850707 ], [ -80.04789057147525, 40.475899175319157 ], [ -80.048070507998716, 40.47633164809254 ], [ -80.048473524906441, 40.477300262370854 ], [ -80.048953078185832, 40.477987093031437 ], [ -80.049453304835481, 40.478722659459081 ], [ -80.049738925730324, 40.479142647913861 ], [ -80.050686249730362, 40.480168349872478 ], [ -80.05171975179816, 40.481287293305414 ], [ -80.052170923671227, 40.481560936680353 ], [ -80.053177957431657, 40.48217162038943 ], [ -80.05145649231487, 40.483504814331333 ], [ -80.051090479478731, 40.483791542839747 ], [ -80.045640994426904, 40.480098876653052 ], [ -80.043954899380111, 40.478526413870469 ], [ -80.043949318611652, 40.478520782348475 ] ] ] } },
{ "type": "Feature", "properties": { "Ward": 10, "District": 9, "Muni_War_1": "Pittsburgh Ward 10 Dist 9", "Gainey_2021_Total": 74, "Gainey_2025_Total": 85, "OConnor_2025_Total": 132, "Peduto_2021_Total": 83 }, "geometry": { "type": "Polygon", "coordinates": [ [ [ -79.924203844598097, 40.483067462833333 ], [ -79.924813889339546, 40.481903731792073 ], [ -79.927334390193835, 40.480991092964359 ], [ -79.927340987849675, 40.480844288819213 ], [ -79.927488707530188, 40.478678103345985 ], [ -79.928965163775814, 40.479200895593216 ], [ -79.929412749482125, 40.47928135739604 ], [ -79.930720866579478, 40.479535578925358 ], [ -79.930180121138065, 40.481202860649795 ], [ -79.929688183904119, 40.481113542639079 ], [ -79.92850616958863, 40.484891943621072 ], [ -79.928192842479845, 40.485096528607627 ], [ -79.927841110148663, 40.484839489596162 ], [ -79.926531352146782, 40.48590189282654 ], [ -79.925816514474221, 40.485397589388882 ], [ -79.92713367558548, 40.48432775968179 ], [ -79.924203844598097, 40.483067462833333 ] ] ] } },
{ "type": "Feature", "properties": { "Ward": 27, "District": 7, "Muni_War_1": "Pittsburgh Ward 27 Dist 7", "Gainey_2021_Total": 67, "Gainey_2025_Total": 121, "OConnor_2025_Total": 101, "Peduto_2021_Total": 96 }, "geometry": { "type": "Polygon", "coordinates": [ [ [ -80.032819670383944, 40.481911186341065 ], [ -80.032897944829472, 40.481104648784459 ], [ -80.032286568980439, 40.480756592100484 ], [ -80.031727809871114, 40.480410483107136 ], [ -80.031442366430554, 40.480112888646538 ], [ -80.030886685230527, 40.479344423029396 ], [ -80.030883567105519, 40.478906772131879 ], [ -80.031184215859028, 40.47831104151426 ], [ -80.031460459543723, 40.477763658091391 ], [ -80.031718373161524, 40.477096752467205 ], [ -80.03171842355863, 40.476489135028174 ], [ -80.032163683978652, 40.476487209117721 ], [ -80.03257250638535, 40.476423293109853 ], [ -80.033320080486419, 40.47619387500292 ], [ -80.03402622823539, 40.475876163063525 ], [ -80.034629580679876, 40.475459063700058 ], [ -80.035086212818541, 40.475115838845554 ], [ -80.035174717427608, 40.47517727126349 ], [ -80.035220232362704, 40.475245726185832 ], [ -80.03547610041538, 40.475385803657005 ], [ -80.036178068378092, 40.475776569973185 ], [ -80.036461764899116, 40.476163280490312 ], [ -80.036748585865837, 40.477119102471192 ], [ -80.035247075605767, 40.478849101395113 ], [ -80.03533218999965, 40.479105791500729 ], [ -80.036016298898389, 40.481279288728736 ], [ -80.036510104410581, 40.482863689522347 ], [ -80.032739378196069, 40.483534800223559 ], [ -80.032819670383944, 40.481911186341065 ] ] ] } },
{ "type": "Feature", "properties": { "Ward": 10, "District": 6, "Muni_War_1": "Pittsburgh Ward 10 Dist 6", "Gainey_2021_Total": 77, "Gainey_2025_Total": 67, "OConnor_2025_Total": 100, "Peduto_2021_Total": 49 }, "geometry": { "type": "Polygon", "coordinates": [ [ [ -79.9385184960327, 40.482318456948647 ], [ -79.938984068395499, 40.481650475889765 ], [ -79.939340180199437, 40.48173041349542 ], [ -79.940601473683984, 40.482013529784176 ], [ -79.942696540768893, 40.481528138508999 ], [ -79.943191955456058, 40.481154543669881 ], [ -79.944198555962402, 40.480319478127413 ], [ -79.944719798080001, 40.479887049258984 ], [ -79.945926724015621, 40.478870750708246 ], [ -79.949810964071361, 40.481782744467274 ], [ -79.948554505129934, 40.482510002045522 ], [ -79.949930812424597, 40.483582156321475 ], [ -79.948051024923117, 40.484397804312607 ], [ -79.947395037110155, 40.483841801503772 ], [ -79.946461654372712, 40.484222154061371 ], [ -79.945675707642835, 40.484616519395537 ], [ -79.944909877447969, 40.483936487154821 ], [ -79.944519385129666, 40.483589735856221 ], [ -79.944384388894662, 40.483571532060388 ], [ -79.944106288611238, 40.483589853669017 ], [ -79.942710969867264, 40.48299447715965 ], [ -79.940216539698383, 40.483046298848933 ], [ -79.940066482929268, 40.482813515312266 ], [ -79.939898512451947, 40.482679576954794 ], [ -79.939787160036644, 40.482628056774914 ], [ -79.9385184960327, 40.482318456948647 ] ] ] } },
{ "type": "Feature", "properties": { "Ward": 10, "District": 3, "Muni_War_1": "Pittsburgh Ward 10 Dist 3", "Gainey_2021_Total": 108, "Gainey_2025_Total": 99, "OConnor_2025_Total": 108, "Peduto_2021_Total": 48 }, "geometry": { "type": "Polygon", "coordinates": [ [ [ -79.945926724015621, 40.478870750708246 ], [ -79.946596303646146, 40.478362472720981 ], [ -79.947146125420304, 40.477997318618861 ], [ -79.947365951029226, 40.477970745785228 ], [ -79.9477400397286, 40.47796080444683 ], [ -79.948182799014219, 40.478092569829144 ], [ -79.948425495477991, 40.478165770120007 ], [ -79.948652131070418, 40.478237974473295 ], [ -79.948765792705103, 40.478286079323539 ], [ -79.948866850547873, 40.47834602053679 ], [ -79.949212113786359, 40.478588574528793 ], [ -79.952297008169509, 40.480773867118351 ], [ -79.953441584326498, 40.481590311419616 ], [ -79.949930812424597, 40.483582156321475 ], [ -79.948554505129934, 40.482510002045522 ], [ -79.949810964071361, 40.481782744467274 ], [ -79.945926724015621, 40.478870750708246 ] ] ] } },
{ "type": "Feature", "properties": { "Ward": 27, "District": 8, "Muni_War_1": "Pittsburgh Ward 27 Dist 8", "Gainey_2021_Total": 57, "Gainey_2025_Total": 84, "OConnor_2025_Total": 79, "Peduto_2021_Total": 36 }, "geometry": { "type": "Polygon", "coordinates": [ [ [ -80.024972273888011, 40.4818047178927 ], [ -80.024924644764639, 40.481770522458163 ], [ -80.023509575224608, 40.479397296298011 ], [ -80.025012532362183, 40.479382675273918 ], [ -80.024927422293203, 40.47663160572224 ], [ -80.024486877648968, 40.476642398165119 ], [ -80.022735042992764, 40.47666057269138 ], [ -80.0253434673089, 40.47552023881034 ], [ -80.02558403446335, 40.475463003593163 ], [ -80.026043140434055, 40.475508106858541 ], [ -80.02642918297262, 40.475563999846585 ], [ -80.026797539712561, 40.475641263704546 ], [ -80.026955271781233, 40.475717781888726 ], [ -80.028337760732967, 40.476515866691926 ], [ -80.028789024573769, 40.476329433978485 ], [ -80.029939665745331, 40.476993653491142 ], [ -80.030086772175423, 40.476585389868035 ], [ -80.03015849067387, 40.476513095910938 ], [ -80.030343928522413, 40.476440877066182 ], [ -80.030964180841337, 40.476453510239985 ], [ -80.03171842355863, 40.476489135028174 ], [ -80.031718373161524, 40.477096752467205 ], [ -80.031460459543723, 40.477763658091391 ], [ -80.031184215859028, 40.47831104151426 ], [ -80.030883567105519, 40.478906772131879 ], [ -80.030886685230527, 40.479344423029396 ], [ -80.031442366430554, 40.480112888646538 ], [ -80.031727809871114, 40.480410483107136 ], [ -80.032286568980439, 40.480756592100484 ], [ -80.032897944829472, 40.481104648784459 ], [ -80.032819670383944, 40.481911186341065 ], [ -80.030998138835287, 40.48164531953519 ], [ -80.029476402935728, 40.481411918240084 ], [ -80.029070476734432, 40.481369863330912 ], [ -80.028757261807201, 40.481389319966851 ], [ -80.028175030144041, 40.481523044229206 ], [ -80.0273378463, 40.481686992879041 ], [ -80.02494582086716, 40.481767050045576 ], [ -80.024972273888011, 40.4818047178927 ] ] ] } },
{ "type": "Feature", "properties": { "Ward": 26, "District": 5, "Muni_War_1": "Pittsburgh Ward 26 Dist 5", "Gainey_2021_Total": 22, "Gainey_2025_Total": 28, "OConnor_2025_Total": 6, "Peduto_2021_Total": 21 }, "geometry": { "type": "Polygon", "coordinates": [ [ [ -80.004248369133492, 40.482112971173336 ], [ -80.003221373631291, 40.48243086679264 ], [ -80.003219102877381, 40.48239116537475 ], [ -80.003189711264994, 40.482392329980954 ], [ -80.0030706189292, 40.482397047791665 ], [ -80.001767931377557, 40.482429514189057 ], [ -80.001767884762913, 40.48242882502749 ], [ -80.001767035673566, 40.482416190592126 ], [ -80.00168944039541, 40.4812612192543 ], [ -80.001621145608468, 40.48010550621855 ], [ -79.998922253925926, 40.479838386450538 ], [ -79.99883198074356, 40.479857006573084 ], [ -79.998819140405018, 40.479812873875588 ], [ -79.998762974127729, 40.479619828017313 ], [ -79.999152159013633, 40.479376832062187 ], [ -79.999368512317886, 40.479221388276358 ], [ -79.99950850295869, 40.479195797039083 ], [ -79.999749306031674, 40.479125897664986 ], [ -80.000087253027885, 40.478970723388827 ], [ -80.00085131462474, 40.478608992057318 ], [ -79.99969502187183, 40.477161168572977 ], [ -79.999627106796922, 40.477114334680593 ], [ -79.999511919210576, 40.47703490166456 ], [ -80.002292979385274, 40.474507709757674 ], [ -80.002594046390712, 40.474238890592552 ], [ -80.002785377452426, 40.474035934072944 ], [ -80.002876965297148, 40.473872060328617 ], [ -80.002932412193445, 40.473725512815527 ], [ -80.002914389097711, 40.473455138314932 ], [ -80.002868128411478, 40.473200501003085 ], [ -80.003124648791967, 40.47310435606542 ], [ -80.003375505058742, 40.472997201429997 ], [ -80.00353240663884, 40.472920029990192 ], [ -80.003643614755859, 40.473681394124561 ], [ -80.003692759432639, 40.473818221491022 ], [ -80.004015200465261, 40.474427691467028 ], [ -80.003781906001706, 40.474864282248888 ], [ -80.003467586593914, 40.475231460936634 ], [ -80.003253896701736, 40.475532979400633 ], [ -80.003217748506728, 40.475629246922111 ], [ -80.0032012498028, 40.475707455424768 ], [ -80.003123233926388, 40.475781450295024 ], [ -80.0030708789984, 40.475899580719265 ], [ -80.00382579547653, 40.47680072407136 ], [ -80.004838701425797, 40.476122481621637 ], [ -80.005213572182413, 40.476028760909422 ], [ -80.005651268836004, 40.475663428008382 ], [ -80.006011129985751, 40.475444396424578 ], [ -80.005236511785895, 40.474674115104044 ], [ -80.005208575841849, 40.474621284923586 ], [ -80.005357329226555, 40.474561478533808 ], [ -80.005462219893232, 40.474526722460098 ], [ -80.005533675657404, 40.474526445560059 ], [ -80.005624243058222, 40.474546645635129 ], [ -80.005731977151228, 40.474609756368309 ], [ -80.006365425828449, 40.47515180763434 ], [ -80.006571634059213, 40.475350376695118 ], [ -80.006839441584759, 40.475670364886433 ], [ -80.007062294362086, 40.475997686660705 ], [ -80.007320947742016, 40.476426033315249 ], [ -80.007322710217295, 40.476432974389795 ], [ -80.007436309805328, 40.476880355840905 ], [ -80.007447858367826, 40.477639034692366 ], [ -80.008727356433184, 40.477593624280168 ], [ -80.008593714442, 40.479145681687925 ], [ -80.008338467735754, 40.480395578771137 ], [ -80.008799096431289, 40.480794857261913 ], [ -80.00888374592131, 40.480986959473213 ], [ -80.008783645151624, 40.481058163500165 ], [ -80.008349456800957, 40.481260399447855 ], [ -80.008059258732999, 40.481347282701968 ], [ -80.007811167225285, 40.481421558678697 ], [ -80.007553533281794, 40.481680958430992 ], [ -80.007424234501343, 40.481766288557715 ], [ -80.007235923636145, 40.481777299710437 ], [ -80.006791692926299, 40.481775674712772 ], [ -80.006602505330392, 40.481774982458511 ], [ -80.006153482244869, 40.481685887088005 ], [ -80.00575880310906, 40.481745444439461 ], [ -80.005250021132369, 40.481868501660259 ], [ -80.004752672223972, 40.481949160117907 ], [ -80.004248369133492, 40.482112971173336 ] ] ] } },
{ "type": "Feature", "properties": { "Ward": 27, "District": 6, "Muni_War_1": "Pittsburgh Ward 27 Dist 6", "Gainey_2021_Total": 88, "Gainey_2025_Total": 103, "OConnor_2025_Total": 69, "Peduto_2021_Total": 55 }, "geometry": { "type": "Polygon", "coordinates": [ [ [ -80.036178068378092, 40.475776569973185 ], [ -80.037516432714995, 40.475244465972274 ], [ -80.037565703112762, 40.475328648127807 ], [ -80.037768947799933, 40.475308597189226 ], [ -80.040880277164149, 40.475230371549166 ], [ -80.041215442359658, 40.475635236359786 ], [ -80.04189711080835, 40.476449874412744 ], [ -80.043949318611652, 40.478520782348475 ], [ -80.0435111491214, 40.478664512974561 ], [ -80.04317857012721, 40.478788944449938 ], [ -80.043035986327823, 40.47892514560035 ], [ -80.042959563732282, 40.479102249100116 ], [ -80.042953274821429, 40.47925440899067 ], [ -80.042963910062213, 40.47935530621838 ], [ -80.042989401738268, 40.479597161294706 ], [ -80.040358731251814, 40.480239326091215 ], [ -80.036016298898389, 40.481279288728736 ], [ -80.03533218999965, 40.479105791500729 ], [ -80.035247075605767, 40.478849101395113 ], [ -80.036748585865837, 40.477119102471192 ], [ -80.036461764899116, 40.476163280490312 ], [ -80.036178068378092, 40.475776569973185 ] ] ] } },
{ "type": "Feature", "properties": { "Ward": 9, "District": 3, "Muni_War_1": "Pittsburgh Ward 9 Dist 3", "Gainey_2021_Total": 103, "Gainey_2025_Total": 93, "OConnor_2025_Total": 89, "Peduto_2021_Total": 73 }, "geometry": { "type": "Polygon", "coordinates": [ [ [ -79.955699402704752, 40.478347252953213 ], [ -79.956798624991137, 40.477181409639897 ], [ -79.957604800288507, 40.476188358041739 ], [ -79.957759919550639, 40.474284460438646 ], [ -79.958322321337803, 40.473479815397177 ], [ -79.959567922059136, 40.474367144949916 ], [ -79.960230344793942, 40.473831333498588 ], [ -79.961334934525183, 40.474624971945197 ], [ -79.961999635103311, 40.474081587978745 ], [ -79.965642751639535, 40.476592709059858 ], [ -79.965086905898673, 40.477424761028651 ], [ -79.964756250526719, 40.477917869505184 ], [ -79.964756226921466, 40.47791790509109 ], [ -79.964635244279961, 40.478098327031937 ], [ -79.963840626481968, 40.479046523769036 ], [ -79.963175122396351, 40.479766121786206 ], [ -79.962997498725073, 40.479958179562281 ], [ -79.96253438123496, 40.480394822957123 ], [ -79.961921295017106, 40.480972850082416 ], [ -79.961809188807607, 40.481071523906856 ], [ -79.960809038932169, 40.481951831240323 ], [ -79.960736926454601, 40.482015301977363 ], [ -79.958083926182752, 40.480062877962027 ], [ -79.957962837386873, 40.480031270084041 ], [ -79.957898891730963, 40.479927905464812 ], [ -79.955699402704752, 40.478347252953213 ] ] ] } },
{ "type": "Feature", "properties": { "Ward": 10, "District": 13, "Muni_War_1": "Pittsburgh Ward 10 Dist 13", "Gainey_2021_Total": 113, "Gainey_2025_Total": 122, "OConnor_2025_Total": 77, "Peduto_2021_Total": 66 }, "geometry": { "type": "Polygon", "coordinates": [ [ [ -79.939340180199437, 40.48173041349542 ], [ -79.939775352857637, 40.480991341273153 ], [ -79.938255108257763, 40.480629528442734 ], [ -79.938450995410321, 40.480356656536586 ], [ -79.93854811631563, 40.480226096545024 ], [ -79.938674823356877, 40.480127681189209 ], [ -79.939728306264357, 40.479562074780361 ], [ -79.940088817451596, 40.479286990184356 ], [ -79.940250216308911, 40.479126899855487 ], [ -79.940309364128268, 40.479009073207706 ], [ -79.940325213954296, 40.478933832339919 ], [ -79.94028238425939, 40.478805332621462 ], [ -79.940192880972162, 40.478706719234985 ], [ -79.940014868497769, 40.478600979945007 ], [ -79.939843180423125, 40.478498997005225 ], [ -79.940116391577007, 40.478327662527427 ], [ -79.940311449591064, 40.478234152048351 ], [ -79.940567575323882, 40.478161954405074 ], [ -79.940836665016178, 40.478119108261886 ], [ -79.941142783129663, 40.478089102396197 ], [ -79.941180497885384, 40.47796336737288 ], [ -79.941231622765969, 40.477849660503878 ], [ -79.9413054443378, 40.477767506658488 ], [ -79.941428480667938, 40.477671222414386 ], [ -79.941580481078446, 40.477590185601159 ], [ -79.941867699761929, 40.477527914976434 ], [ -79.942335804690899, 40.477457317812345 ], [ -79.942533608798939, 40.477471784254789 ], [ -79.94268694572196, 40.477529114233796 ], [ -79.942747289981867, 40.477436858726676 ], [ -79.942859521512574, 40.477364635273695 ], [ -79.944375645239433, 40.476388954761795 ], [ -79.946253540299594, 40.477695932305913 ], [ -79.946420274887927, 40.477626350061044 ], [ -79.946761946918912, 40.477573436810353 ], [ -79.946889806674591, 40.477579845838584 ], [ -79.947057622513213, 40.477612439330791 ], [ -79.947655724312654, 40.477790167008102 ], [ -79.948330429808109, 40.477990652164884 ], [ -79.948963583286925, 40.47817503076088 ], [ -79.948943910462276, 40.478172941045528 ], [ -79.948866850547873, 40.47834602053679 ], [ -79.948765792705103, 40.478286079323539 ], [ -79.948652131070418, 40.478237974473295 ], [ -79.948425495477991, 40.478165770120007 ], [ -79.948182799014219, 40.478092569829144 ], [ -79.9477400397286, 40.47796080444683 ], [ -79.947365951029226, 40.477970745785228 ], [ -79.947146125420304, 40.477997318618861 ], [ -79.946596303646146, 40.478362472720981 ], [ -79.945926724015621, 40.478870750708246 ], [ -79.944719798080001, 40.479887049258984 ], [ -79.944198555962402, 40.480319478127413 ], [ -79.943191955456058, 40.481154543669881 ], [ -79.942696540768893, 40.481528138508999 ], [ -79.940601473683984, 40.482013529784176 ], [ -79.939340180199437, 40.48173041349542 ] ] ] } },
{ "type": "Feature", "properties": { "Ward": 10, "District": 14, "Muni_War_1": "Pittsburgh Ward 10 Dist 14", "Gainey_2021_Total": 172, "Gainey_2025_Total": 182, "OConnor_2025_Total": 58, "Peduto_2021_Total": 66 }, "geometry": { "type": "Polygon", "coordinates": [ [ [ -79.938984068395499, 40.481650475889765 ], [ -79.937664354070449, 40.481331890709711 ], [ -79.93478774939031, 40.480573315857164 ], [ -79.93595248193941, 40.478886327218063 ], [ -79.9360274525975, 40.478328968132764 ], [ -79.936501321156186, 40.478360422392505 ], [ -79.936786278873157, 40.478276948860838 ], [ -79.937017745308367, 40.478148278698697 ], [ -79.9373315506257, 40.47794943027872 ], [ -79.937701039451099, 40.477655994004628 ], [ -79.937884132010694, 40.477411583357394 ], [ -79.938001973983717, 40.477132242222979 ], [ -79.938064417054633, 40.476771458631944 ], [ -79.93811745361559, 40.476347164998856 ], [ -79.938163572478473, 40.475852444273634 ], [ -79.938157236302558, 40.475675088747948 ], [ -79.938022215943349, 40.475433952733013 ], [ -79.937486203514027, 40.475231979902077 ], [ -79.937740279404167, 40.474790890386551 ], [ -79.937843393657573, 40.474590935886894 ], [ -79.937927533832706, 40.474344451543189 ], [ -79.937952904022623, 40.474127074383503 ], [ -79.940700164531449, 40.473738097665155 ], [ -79.944375645239433, 40.476388954761795 ], [ -79.942859521512574, 40.477364635273695 ], [ -79.942747289981867, 40.477436858726676 ], [ -79.94268694572196, 40.477529114233796 ], [ -79.942533608798939, 40.477471784254789 ], [ -79.942335804690899, 40.477457317812345 ], [ -79.941867699761929, 40.477527914976434 ], [ -79.941580481078446, 40.477590185601159 ], [ -79.941428480667938, 40.477671222414386 ], [ -79.9413054443378, 40.477767506658488 ], [ -79.941231622765969, 40.477849660503878 ], [ -79.941180497885384, 40.47796336737288 ], [ -79.941142783129663, 40.478089102396197 ], [ -79.940836665016178, 40.478119108261886 ], [ -79.940567575323882, 40.478161954405074 ], [ -79.940311449591064, 40.478234152048351 ], [ -79.940116391577007, 40.478327662527427 ], [ -79.939843180423125, 40.478498997005225 ], [ -79.940014868497769, 40.478600979945007 ], [ -79.940192880972162, 40.478706719234985 ], [ -79.94028238425939, 40.478805332621462 ], [ -79.940325213954296, 40.478933832339919 ], [ -79.940309364128268, 40.479009073207706 ], [ -79.940250216308911, 40.479126899855487 ], [ -79.940088817451596, 40.479286990184356 ], [ -79.939728306264357, 40.479562074780361 ], [ -79.938674823356877, 40.480127681189209 ], [ -79.93854811631563, 40.480226096545024 ], [ -79.938450995410321, 40.480356656536586 ], [ -79.938255108257763, 40.480629528442734 ], [ -79.939775352857637, 40.480991341273153 ], [ -79.939340180199437, 40.48173041349542 ], [ -79.938984068395499, 40.481650475889765 ] ] ] } },
{ "type": "Feature", "properties": { "Ward": 10, "District": 2, "Muni_War_1": "Pittsburgh Ward 10 Dist 2", "Gainey_2021_Total": 117, "Gainey_2025_Total": 117, "OConnor_2025_Total": 87, "Peduto_2021_Total": 41 }, "geometry": { "type": "Polygon", "coordinates": [ [ [ -79.948866850547873, 40.47834602053679 ], [ -79.948943910462276, 40.478172941045528 ], [ -79.948963583286925, 40.47817503076088 ], [ -79.949106282932235, 40.478190188968632 ], [ -79.949364349463053, 40.47808543258359 ], [ -79.94959350459186, 40.477973469195824 ], [ -79.950221460262156, 40.477665367833055 ], [ -79.950813992384198, 40.477442431707175 ], [ -79.950976030619032, 40.477403111943794 ], [ -79.951759792795642, 40.477540469617217 ], [ -79.952108066621108, 40.477606303300611 ], [ -79.952256036562247, 40.477634273795069 ], [ -79.952476436579616, 40.477610241394444 ], [ -79.953198613173214, 40.477430641101904 ], [ -79.953593242630291, 40.477332496724415 ], [ -79.953910937391882, 40.477305054144992 ], [ -79.954193277280879, 40.477359673997498 ], [ -79.954480816148944, 40.477534644754201 ], [ -79.953474604944091, 40.479238189980038 ], [ -79.953083920048741, 40.479820059119817 ], [ -79.952297008169509, 40.480773867118351 ], [ -79.949212113786359, 40.478588574528793 ], [ -79.948866850547873, 40.47834602053679 ] ] ] } },
{ "type": "Feature", "properties": { "Ward": 26, "District": 6, "Muni_War_1": "Pittsburgh Ward 26 Dist 6", "Gainey_2021_Total": 35, "Gainey_2025_Total": 32, "OConnor_2025_Total": 6, "Peduto_2021_Total": 10 }, "geometry": { "type": "Polygon", "coordinates": [ [ [ -79.997544991081895, 40.472981974062677 ], [ -79.99803790888285, 40.472956169537476 ], [ -79.999853718148742, 40.472865251554069 ], [ -80.000555911258061, 40.472964167973366 ], [ -80.000539996001791, 40.473564623555596 ], [ -80.000500188565724, 40.474176353731266 ], [ -80.002108464852768, 40.474126244794505 ], [ -80.002594046390712, 40.474238890592552 ], [ -80.002292979385274, 40.474507709757674 ], [ -79.999511919210576, 40.47703490166456 ], [ -79.999627106796922, 40.477114334680593 ], [ -79.99969502187183, 40.477161168572977 ], [ -80.00085131462474, 40.478608992057318 ], [ -80.000087253027885, 40.478970723388827 ], [ -79.999749306031674, 40.479125897664986 ], [ -79.99950850295869, 40.479195797039083 ], [ -79.999368512317886, 40.479221388276358 ], [ -79.999152159013633, 40.479376832062187 ], [ -79.998762974127729, 40.479619828017313 ], [ -79.99856210940419, 40.478929439319984 ], [ -79.998545504086394, 40.478931872089476 ], [ -79.996438906574966, 40.479240532155195 ], [ -79.996418962746958, 40.47915863480366 ], [ -79.995304630406011, 40.477409230900435 ], [ -79.99537671651278, 40.477407709395578 ], [ -79.995899145358649, 40.477396683412977 ], [ -79.995896624816822, 40.47733571353713 ], [ -79.995782619206722, 40.474577770276021 ], [ -79.995775813521348, 40.474477853261419 ], [ -79.996240670206646, 40.474355740659313 ], [ -79.996447116207747, 40.474341987525747 ], [ -79.996605780331322, 40.474373295409443 ], [ -79.996733919153399, 40.474398579349703 ], [ -79.997609749330735, 40.474547119007894 ], [ -79.997544991081895, 40.472981974062677 ] ] ] } },
{ "type": "Feature", "properties": { "Ward": 11, "District": 7, "Muni_War_1": "Pittsburgh Ward 11 Dist 7", "Gainey_2021_Total": 134, "Gainey_2025_Total": 139, "OConnor_2025_Total": 129, "Peduto_2021_Total": 100 }, "geometry": { "type": "Polygon", "coordinates": [ [ [ -79.922384733093509, 40.479448193533258 ], [ -79.92374069383402, 40.477230179711647 ], [ -79.923748454601167, 40.477212674337849 ], [ -79.92515682812126, 40.474035756458875 ], [ -79.927909244564901, 40.474954224866281 ], [ -79.928345924487274, 40.475197547120537 ], [ -79.928511195537098, 40.475291448200927 ], [ -79.928583028853012, 40.475332260170006 ], [ -79.928473502593249, 40.475586200558332 ], [ -79.928313890239181, 40.476085343461698 ], [ -79.927664805317676, 40.477812163712585 ], [ -79.927488707530188, 40.478678103345985 ], [ -79.927340987849675, 40.480844288819213 ], [ -79.924595992382322, 40.479817340681947 ], [ -79.924048087449762, 40.480029416200544 ], [ -79.922384733093509, 40.479448193533258 ] ] ] } },
{ "type": "Feature", "properties": { "Ward": 10, "District": 12, "Muni_War_1": "Pittsburgh Ward 10 Dist 12", "Gainey_2021_Total": 184, "Gainey_2025_Total": 175, "OConnor_2025_Total": 47, "Peduto_2021_Total": 49 }, "geometry": { "type": "Polygon", "coordinates": [ [ [ -79.934430462292099, 40.480479091841822 ], [ -79.933400238719187, 40.479964302371712 ], [ -79.933107181846211, 40.479771723010046 ], [ -79.933039131957884, 40.479641294462489 ], [ -79.932965592692298, 40.479369045855904 ], [ -79.932788493544891, 40.478402998090573 ], [ -79.932505034461002, 40.476879927326578 ], [ -79.932050131237929, 40.475595646616057 ], [ -79.93191608151696, 40.475217186843388 ], [ -79.931910604262455, 40.475201363955236 ], [ -79.936574780212936, 40.475237399987869 ], [ -79.936547144140917, 40.474633872835021 ], [ -79.936581965670982, 40.474552400995172 ], [ -79.936494158613684, 40.474480541624487 ], [ -79.936537095776586, 40.474414409279909 ], [ -79.936530427340728, 40.474268796326015 ], [ -79.937952904022623, 40.474127074383503 ], [ -79.937927533832706, 40.474344451543189 ], [ -79.937843393657573, 40.474590935886894 ], [ -79.937740279404167, 40.474790890386551 ], [ -79.937486203514027, 40.475231979902077 ], [ -79.938022215943349, 40.475433952733013 ], [ -79.938157236302558, 40.475675088747948 ], [ -79.938163572478473, 40.475852444273634 ], [ -79.93811745361559, 40.476347164998856 ], [ -79.938064417054633, 40.476771458631944 ], [ -79.938001973983717, 40.477132242222979 ], [ -79.937884132010694, 40.477411583357394 ], [ -79.937701039451099, 40.477655994004628 ], [ -79.9373315506257, 40.47794943027872 ], [ -79.937017745308367, 40.478148278698697 ], [ -79.936786278873157, 40.478276948860838 ], [ -79.936501321156186, 40.478360422392505 ], [ -79.9360274525975, 40.478328968132764 ], [ -79.93595248193941, 40.478886327218063 ], [ -79.93478774939031, 40.480573315857164 ], [ -79.934430462292099, 40.480479091841822 ] ] ] } },
{ "type": "Feature", "properties": { "Ward": 26, "District": 10, "Muni_War_1": "Pittsburgh Ward 26 Dist 10", "Gainey_2021_Total": 109, "Gainey_2025_Total": 122, "OConnor_2025_Total": 72, "Peduto_2021_Total": 52 }, "geometry": { "type": "Polygon", "coordinates": [ [ [ -80.012061534053174, 40.478156603428786 ], [ -80.012325189294017, 40.476779817759656 ], [ -80.012366208551441, 40.476563148677137 ], [ -80.012366682898545, 40.476323831192929 ], [ -80.012366913182561, 40.476207992752975 ], [ -80.012356317397447, 40.476148868287787 ], [ -80.012148405686276, 40.476160452382345 ], [ -80.011802713719007, 40.476209754013865 ], [ -80.011342348487005, 40.476274285437029 ], [ -80.010740176615414, 40.476334785348641 ], [ -80.010522020965482, 40.476347081204388 ], [ -80.010050248621425, 40.476409406203537 ], [ -80.008293892135768, 40.476640175257451 ], [ -80.008248636302767, 40.476516807605215 ], [ -80.008205163055734, 40.476398296878642 ], [ -80.008154783407107, 40.476260961178696 ], [ -80.00642815066081, 40.473541935520124 ], [ -80.010176015128806, 40.473440446541559 ], [ -80.01037773230901, 40.473441770390608 ], [ -80.010609983530031, 40.473443294138491 ], [ -80.017218654351495, 40.473301455811217 ], [ -80.017252035814366, 40.474133027125447 ], [ -80.0152527567856, 40.474180669939777 ], [ -80.01511798202182, 40.474155452619392 ], [ -80.014488048852684, 40.474724588385321 ], [ -80.014439307042224, 40.474763592535169 ], [ -80.014574354417476, 40.47496493064375 ], [ -80.014727873852664, 40.475365640506389 ], [ -80.01485153198081, 40.475647012011819 ], [ -80.014987079354881, 40.47581868565949 ], [ -80.015639057250439, 40.476215090488147 ], [ -80.015807560462378, 40.476347436407302 ], [ -80.015882929196053, 40.476532789853806 ], [ -80.015870345346528, 40.476720003869907 ], [ -80.015813577874042, 40.476838153067554 ], [ -80.015684667584651, 40.477000431095043 ], [ -80.015603450199521, 40.477082505248575 ], [ -80.015416324141199, 40.477195213242304 ], [ -80.015180509795101, 40.477252928465376 ], [ -80.014756647475636, 40.477261490280476 ], [ -80.01445612997361, 40.477286328103233 ], [ -80.014288517710412, 40.47737570758057 ], [ -80.014078945605689, 40.477580043369926 ], [ -80.013836987834935, 40.477832673782956 ], [ -80.013593196124091, 40.478026551879495 ], [ -80.013424665655165, 40.478104165433379 ], [ -80.013181974497883, 40.47813671535777 ], [ -80.012944090265734, 40.478145143387486 ], [ -80.01218981017432, 40.478171862650967 ], [ -80.012061534053174, 40.478156603428786 ] ] ] } },
{ "type": "Feature", "properties": { "Ward": 10, "District": 11, "Muni_War_1": "Pittsburgh Ward 10 Dist 11", "Gainey_2021_Total": 124, "Gainey_2025_Total": 107, "OConnor_2025_Total": 124, "Peduto_2021_Total": 82 }, "geometry": { "type": "Polygon", "coordinates": [ [ [ -79.930720866579478, 40.479535578925358 ], [ -79.929412749482125, 40.47928135739604 ], [ -79.928965163775814, 40.479200895593216 ], [ -79.927488707530188, 40.478678103345985 ], [ -79.927664805317676, 40.477812163712585 ], [ -79.928313890239181, 40.476085343461698 ], [ -79.928473502593249, 40.475586200558332 ], [ -79.928583028853012, 40.475332260170006 ], [ -79.928511195537098, 40.475291448200927 ], [ -79.928486828780279, 40.475101895123721 ], [ -79.928374031352831, 40.474909059784373 ], [ -79.928316915663657, 40.474784544815584 ], [ -79.928310815328544, 40.474621242625439 ], [ -79.928287244583501, 40.474317182874117 ], [ -79.928300101455278, 40.474180066339585 ], [ -79.928948040822647, 40.474397038508911 ], [ -79.930039734577633, 40.474751887664148 ], [ -79.931028667995676, 40.475100071934783 ], [ -79.931522082874082, 40.475277993685779 ], [ -79.931796729953589, 40.475394877424677 ], [ -79.931798852327105, 40.475396558912351 ], [ -79.931840324376211, 40.476084493164493 ], [ -79.931716363130533, 40.476482456212231 ], [ -79.931721385056406, 40.476545672766484 ], [ -79.931762733188904, 40.476702435280117 ], [ -79.931887012682026, 40.477518104049722 ], [ -79.932014439258111, 40.478467848071709 ], [ -79.932019646066507, 40.478584006249903 ], [ -79.93167783200883, 40.479716497886123 ], [ -79.930720866579478, 40.479535578925358 ] ] ] } },
{ "type": "Feature", "properties": { "Ward": 11, "District": 8, "Muni_War_1": "Pittsburgh Ward 11 Dist 8", "Gainey_2021_Total": 94, "Gainey_2025_Total": 96, "OConnor_2025_Total": 82, "Peduto_2021_Total": 73 }, "geometry": { "type": "Polygon", "coordinates": [ [ [ -79.921732629675404, 40.47449094949944 ], [ -79.92268480999374, 40.474800504730226 ], [ -79.921683849817683, 40.476446030746658 ], [ -79.923748454601167, 40.477212674337849 ], [ -79.92374069383402, 40.477230179711647 ], [ -79.922384733093509, 40.479448193533258 ], [ -79.920295127290814, 40.478717977879477 ], [ -79.919836995230455, 40.479493343757561 ], [ -79.919678933578112, 40.4798002117453 ], [ -79.918713640762633, 40.47944971604322 ], [ -79.921732629675404, 40.47449094949944 ] ] ] } },
{ "type": "Feature", "properties": { "Ward": 27, "District": 9, "Muni_War_1": "Pittsburgh Ward 27 Dist 9", "Gainey_2021_Total": 50, "Gainey_2025_Total": 75, "OConnor_2025_Total": 49, "Peduto_2021_Total": 38 }, "geometry": { "type": "Polygon", "coordinates": [ [ [ -80.017252035814366, 40.474133027125447 ], [ -80.017218654351495, 40.473301455811217 ], [ -80.017178561632477, 40.472302680334387 ], [ -80.02020740368836, 40.472196272794932 ], [ -80.022629441090942, 40.472169146426637 ], [ -80.023693058956127, 40.471176271959848 ], [ -80.025827402166485, 40.470611216336081 ], [ -80.025612631018063, 40.469943211266916 ], [ -80.027335036663544, 40.469597776980173 ], [ -80.02755010307699, 40.470296748432091 ], [ -80.028913747025257, 40.470037371621473 ], [ -80.029063950687004, 40.470008800359601 ], [ -80.029716310858845, 40.471943293936839 ], [ -80.029943185149463, 40.471940449742767 ], [ -80.030023432002565, 40.471924519732028 ], [ -80.030107736660838, 40.471907783524813 ], [ -80.030211947430516, 40.47188709616087 ], [ -80.030369568786213, 40.471909730016051 ], [ -80.031386103504104, 40.475094565367343 ], [ -80.031334690537633, 40.475100791454707 ], [ -80.030370869890817, 40.475284416371068 ], [ -80.030374199556746, 40.475342438696721 ], [ -80.030788830567914, 40.475585603538669 ], [ -80.03118998911701, 40.475820863555946 ], [ -80.031563198483127, 40.47609092081732 ], [ -80.031669738311592, 40.47629055661811 ], [ -80.03171842355863, 40.476489135028174 ], [ -80.030964180841337, 40.476453510239985 ], [ -80.030343928522413, 40.476440877066182 ], [ -80.03015849067387, 40.476513095910938 ], [ -80.030086772175423, 40.476585389868035 ], [ -80.029939665745331, 40.476993653491142 ], [ -80.028789024573769, 40.476329433978485 ], [ -80.028337760732967, 40.476515866691926 ], [ -80.026955271781233, 40.475717781888726 ], [ -80.026797539712561, 40.475641263704546 ], [ -80.02642918297262, 40.475563999846585 ], [ -80.026043140434055, 40.475508106858541 ], [ -80.02558403446335, 40.475463003593163 ], [ -80.0253434673089, 40.47552023881034 ], [ -80.022735042992764, 40.47666057269138 ], [ -80.021691097976571, 40.476667761084592 ], [ -80.021634158247764, 40.476648351464526 ], [ -80.021533774181478, 40.476614132657495 ], [ -80.021524732057671, 40.476519146756637 ], [ -80.019683126735188, 40.476604249797113 ], [ -80.018842634677583, 40.477011700555558 ], [ -80.018532040916526, 40.47726454662061 ], [ -80.017379819429436, 40.477298560204858 ], [ -80.017252035814366, 40.474133027125447 ] ] ] } },
{ "type": "Feature", "properties": { "Ward": 9, "District": 4, "Muni_War_1": "Pittsburgh Ward 9 Dist 4", "Gainey_2021_Total": 93, "Gainey_2025_Total": 74, "OConnor_2025_Total": 88, "Peduto_2021_Total": 60 }, "geometry": { "type": "Polygon", "coordinates": [ [ [ -79.954480816148944, 40.477534644754201 ], [ -79.954193277280879, 40.477359673997498 ], [ -79.953910937391882, 40.477305054144992 ], [ -79.953593242630291, 40.477332496724415 ], [ -79.953198613173214, 40.477430641101904 ], [ -79.952476436579616, 40.477610241394444 ], [ -79.952256036562247, 40.477634273795069 ], [ -79.952108066621108, 40.477606303300611 ], [ -79.951759792795642, 40.477540469617217 ], [ -79.950976030619032, 40.477403111943794 ], [ -79.950813992384198, 40.477442431707175 ], [ -79.950221460262156, 40.477665367833055 ], [ -79.94959350459186, 40.477973469195824 ], [ -79.949364349463053, 40.47808543258359 ], [ -79.949106282932235, 40.478190188968632 ], [ -79.948963583286925, 40.47817503076088 ], [ -79.948330429808109, 40.477990652164884 ], [ -79.947655724312654, 40.477790167008102 ], [ -79.947057622513213, 40.477612439330791 ], [ -79.946889806674591, 40.477579845838584 ], [ -79.946761946918912, 40.477573436810353 ], [ -79.946420274887927, 40.477626350061044 ], [ -79.946253540299594, 40.477695932305913 ], [ -79.944375645239433, 40.476388954761795 ], [ -79.940700164531449, 40.473738097665155 ], [ -79.937952904022623, 40.474127074383503 ], [ -79.936530427340728, 40.474268796326015 ], [ -79.936514838696368, 40.474092416586615 ], [ -79.934923827854348, 40.472537050555324 ], [ -79.935983839138572, 40.472702629793062 ], [ -79.936726420102062, 40.472870274105958 ], [ -79.937527808141155, 40.473017622677176 ], [ -79.938047930825505, 40.473069053257142 ], [ -79.938574834477507, 40.473091286932295 ], [ -79.93908158799195, 40.4730806355129 ], [ -79.939566853300377, 40.473019492070506 ], [ -79.940149799468244, 40.472897371899336 ], [ -79.941988828755797, 40.472277930097469 ], [ -79.942728752646062, 40.472128854788693 ], [ -79.942710653564916, 40.472089453898676 ], [ -79.943111067195133, 40.472059855530162 ], [ -79.943614776060855, 40.471963035789855 ], [ -79.943918691076689, 40.471879949047157 ], [ -79.944246455397433, 40.471753708954871 ], [ -79.944494769532781, 40.471634102805808 ], [ -79.944717880675128, 40.471492032318828 ], [ -79.945179495404133, 40.471143728479312 ], [ -79.945737133953571, 40.470691969242367 ], [ -79.946296558178091, 40.470167962858412 ], [ -79.946734629806215, 40.469695591562747 ], [ -79.946976516445147, 40.469348080307441 ], [ -79.94718651174324, 40.468964351857423 ], [ -79.947313333343345, 40.468716235887868 ], [ -79.947371210167844, 40.468533310343169 ], [ -79.947371447846521, 40.468361751058325 ], [ -79.947345519321871, 40.468185912741298 ], [ -79.947266781530999, 40.468012140256718 ], [ -79.947187932228601, 40.467909289309297 ], [ -79.94692257347748, 40.467619065788099 ], [ -79.94670475054042, 40.467419890327243 ], [ -79.946415493104539, 40.467166836241645 ], [ -79.94619401396308, 40.467015023678428 ], [ -79.946209858755481, 40.466926261621737 ], [ -79.94614273708568, 40.466870284265475 ], [ -79.946121692783734, 40.466867520214201 ], [ -79.946446195348912, 40.46546646111878 ], [ -79.948068519011684, 40.465697904548648 ], [ -79.948103766365989, 40.465831470999206 ], [ -79.948146425828767, 40.465789212062631 ], [ -79.948053005362638, 40.465956252534561 ], [ -79.948056539197907, 40.465995660243074 ], [ -79.948136031182443, 40.46604932210564 ], [ -79.948263332599083, 40.466080625262805 ], [ -79.948322302062209, 40.46613879689145 ], [ -79.948465680119313, 40.466658912098978 ], [ -79.948558821280244, 40.466942516049357 ], [ -79.948702928249276, 40.467116969628719 ], [ -79.949851235546816, 40.467959975053738 ], [ -79.949910674937385, 40.468225277749156 ], [ -79.95203088560551, 40.469740622910848 ], [ -79.953865420202803, 40.468347994013151 ], [ -79.954786261155846, 40.468879833274627 ], [ -79.955126514682902, 40.468617382146384 ], [ -79.959017055910778, 40.471418517547733 ], [ -79.958733550897918, 40.471751628101615 ], [ -79.959239667902679, 40.47218468863548 ], [ -79.958322321337803, 40.473479815397177 ], [ -79.957759919550639, 40.474284460438646 ], [ -79.957604800288507, 40.476188358041739 ], [ -79.956798624991137, 40.477181409639897 ], [ -79.955699402704752, 40.478347252953213 ], [ -79.954480816148944, 40.477534644754201 ] ] ] } },
{ "type": "Feature", "properties": { "Ward": 26, "District": 17, "Muni_War_1": "Pittsburgh Ward 26 Dist 17", "Gainey_2021_Total": 12, "Gainey_2025_Total": 9, "OConnor_2025_Total": 38, "Peduto_2021_Total": 15 }, "geometry": { "type": "Polygon", "coordinates": [ [ [ -79.9934458386996, 40.476675113315039 ], [ -79.993448294032788, 40.476689128293572 ], [ -79.993708624900421, 40.476814511316213 ], [ -79.993836951513146, 40.47687631625621 ], [ -79.993968346459511, 40.476939599297452 ], [ -79.994234025856883, 40.477061191895224 ], [ -79.994320633623019, 40.477101515782721 ], [ -79.994431586034281, 40.477153173872736 ], [ -79.994877653930956, 40.477366033227661 ], [ -79.994968083409162, 40.477409185054285 ], [ -79.993328632783246, 40.477420895517199 ], [ -79.992797411448961, 40.477393236619342 ], [ -79.992688682424657, 40.477387574731736 ], [ -79.991422140878299, 40.477266605875215 ], [ -79.988933755605217, 40.477027859334804 ], [ -79.988455299732266, 40.476913124702662 ], [ -79.988094466174701, 40.476767174467319 ], [ -79.988092638934432, 40.476763127089363 ], [ -79.987883410332458, 40.476299600520562 ], [ -79.987496994774475, 40.47549009800175 ], [ -79.987097930729789, 40.474687390126007 ], [ -79.985895379905571, 40.47189498569508 ], [ -79.985895333913632, 40.471894879380891 ], [ -79.985550958514409, 40.470964872337497 ], [ -79.984993764466154, 40.469460080539505 ], [ -79.984675597057944, 40.468483948655312 ], [ -79.984585920092584, 40.4682526058671 ], [ -79.984487006098661, 40.467997433320335 ], [ -79.984326048181799, 40.46756155583541 ], [ -79.984153169576217, 40.467093388843878 ], [ -79.98387344610515, 40.466332955263525 ], [ -79.98415309508448, 40.466188025859786 ], [ -79.984318409952479, 40.466110045869371 ], [ -79.984415045537077, 40.466064462387756 ], [ -79.984490812468252, 40.466055781023627 ], [ -79.98462766398579, 40.466054270829353 ], [ -79.98482855963347, 40.466076341415189 ], [ -79.985285795154326, 40.466126572329436 ], [ -79.986753775615895, 40.466119938816284 ], [ -79.986755291052404, 40.466119931115578 ], [ -79.987434383289013, 40.466116508220374 ], [ -79.987706926373292, 40.466115133737127 ], [ -79.987837601705436, 40.46642781598139 ], [ -79.988054405530391, 40.466800198146466 ], [ -79.98846785217151, 40.467410781131647 ], [ -79.988603572372327, 40.4676112125183 ], [ -79.988657995367362, 40.467571974253516 ], [ -79.988749482120596, 40.46786020346596 ], [ -79.989183000397958, 40.469015166590225 ], [ -79.989646501953388, 40.470439599169282 ], [ -79.989912312917639, 40.471262207231966 ], [ -79.990158263795792, 40.471411102736013 ], [ -79.990412132206885, 40.471673179479886 ], [ -79.990682684654487, 40.472170849251711 ], [ -79.990821271290514, 40.472273459029914 ], [ -79.991254061544041, 40.472559026418125 ], [ -79.991665626004902, 40.472804977119743 ], [ -79.992031670287901, 40.473128428382452 ], [ -79.991860086792684, 40.47313383035749 ], [ -79.993265061750904, 40.474593805110636 ], [ -79.993356120668054, 40.47616300000977 ], [ -79.9934458386996, 40.476675113315039 ] ] ] } },
{ "type": "Feature", "properties": { "Ward": 11, "District": 10, "Muni_War_1": "Pittsburgh Ward 11 Dist 10", "Gainey_2021_Total": 131, "Gainey_2025_Total": 131, "OConnor_2025_Total": 190, "Peduto_2021_Total": 165 }, "geometry": { "type": "Polygon", "coordinates": [ [ [ -79.912800150373357, 40.474118874798272 ], [ -79.91307084406705, 40.472863566981367 ], [ -79.913137983308999, 40.472873347194081 ], [ -79.915061844385789, 40.473153580869365 ], [ -79.915915906161601, 40.473213608260906 ], [ -79.919304568410027, 40.473419952755847 ], [ -79.91930576449279, 40.473419914098542 ], [ -79.919192059114096, 40.473666595149417 ], [ -79.918627908834026, 40.474747627805861 ], [ -79.915936478595015, 40.478835000891543 ], [ -79.915098584119846, 40.478818458274489 ], [ -79.914530327308213, 40.478731080253205 ], [ -79.914084460924386, 40.478650238993211 ], [ -79.913746573649604, 40.478645728833392 ], [ -79.913458810927509, 40.478683623412699 ], [ -79.913341492262987, 40.478717889707369 ], [ -79.913140857021929, 40.478379902542777 ], [ -79.913112910912361, 40.478265551436138 ], [ -79.91324576040698, 40.478027200471104 ], [ -79.913535994294065, 40.477677623883935 ], [ -79.913813554372865, 40.477572982141815 ], [ -79.913867841343006, 40.477471915749881 ], [ -79.91445589578143, 40.474648432043885 ], [ -79.914558684048941, 40.474392178073984 ], [ -79.914079553540432, 40.474314288723647 ], [ -79.912800150373357, 40.474118874798272 ] ] ] } },
{ "type": "Feature", "properties": { "Ward": 26, "District": 4, "Muni_War_1": "Pittsburgh Ward 26 Dist 4", "Gainey_2021_Total": 50, "Gainey_2025_Total": 56, "OConnor_2025_Total": 22, "Peduto_2021_Total": 24 }, "geometry": { "type": "Polygon", "coordinates": [ [ [ -80.00353240663884, 40.472920029990192 ], [ -80.004542881833061, 40.472726512714793 ], [ -80.004392448563564, 40.472411059443978 ], [ -80.004256114638935, 40.472208272108716 ], [ -80.003813449592172, 40.471779106471452 ], [ -80.003459495977395, 40.471543167791779 ], [ -80.00290253441635, 40.471217138195939 ], [ -80.002391525268564, 40.470728481007995 ], [ -80.001876892682915, 40.469820939940249 ], [ -80.000381980250594, 40.467030666439491 ], [ -79.999663980909517, 40.465765023455482 ], [ -80.001235672776474, 40.465677731162096 ], [ -80.006960734383796, 40.465285734890358 ], [ -80.007810825149406, 40.467937439714291 ], [ -80.007789567589526, 40.467961095722274 ], [ -80.009896578919324, 40.46755538678692 ], [ -80.009886332689248, 40.467630268094403 ], [ -80.009747067878422, 40.468648008054387 ], [ -80.009700631108132, 40.468678693362875 ], [ -80.009346574422707, 40.468854963120101 ], [ -80.008931717279438, 40.469050409419779 ], [ -80.008705311552816, 40.469176314660714 ], [ -80.00840871798647, 40.469516277884431 ], [ -80.007473695277639, 40.469702023712394 ], [ -80.007477493101106, 40.469832692977867 ], [ -80.008117756961028, 40.471787422944018 ], [ -80.008220265821222, 40.471763469035842 ], [ -80.009067937782177, 40.471493398947757 ], [ -80.009205125222124, 40.471545018592266 ], [ -80.009386090213056, 40.471600090542566 ], [ -80.009722523995293, 40.471702474510643 ], [ -80.009996779769025, 40.471797662403468 ], [ -80.010271814672279, 40.472038990122087 ], [ -80.010344815186116, 40.472416179272997 ], [ -80.010376698945777, 40.473432340388982 ], [ -80.01037773230901, 40.473441770390608 ], [ -80.010176015128806, 40.473440446541559 ], [ -80.00642815066081, 40.473541935520124 ], [ -80.008154783407107, 40.476260961178696 ], [ -80.007322710217295, 40.476432974389795 ], [ -80.007320947742016, 40.476426033315249 ], [ -80.007062294362086, 40.475997686660705 ], [ -80.006839441584759, 40.475670364886433 ], [ -80.006571634059213, 40.475350376695118 ], [ -80.006365425828449, 40.47515180763434 ], [ -80.005731977151228, 40.474609756368309 ], [ -80.005624243058222, 40.474546645635129 ], [ -80.005533675657404, 40.474526445560059 ], [ -80.005462219893232, 40.474526722460098 ], [ -80.005357329226555, 40.474561478533808 ], [ -80.005208575841849, 40.474621284923586 ], [ -80.005236511785895, 40.474674115104044 ], [ -80.006011129985751, 40.475444396424578 ], [ -80.005651268836004, 40.475663428008382 ], [ -80.005213572182413, 40.476028760909422 ], [ -80.004838701425797, 40.476122481621637 ], [ -80.00382579547653, 40.47680072407136 ], [ -80.0030708789984, 40.475899580719265 ], [ -80.003123233926388, 40.475781450295024 ], [ -80.0032012498028, 40.475707455424768 ], [ -80.003217748506728, 40.475629246922111 ], [ -80.003253896701736, 40.475532979400633 ], [ -80.003467586593914, 40.475231460936634 ], [ -80.003781906001706, 40.474864282248888 ], [ -80.004015200465261, 40.474427691467028 ], [ -80.003692759432639, 40.473818221491022 ], [ -80.003643614755859, 40.473681394124561 ], [ -80.00353240663884, 40.472920029990192 ] ] ] } },
{ "type": "Feature", "properties": { "Ward": 9, "District": 2, "Muni_War_1": "Pittsburgh Ward 9 Dist 2", "Gainey_2021_Total": 72, "Gainey_2025_Total": 72, "OConnor_2025_Total": 95, "Peduto_2021_Total": 66 }, "geometry": { "type": "Polygon", "coordinates": [ [ [ -79.958322321337803, 40.473479815397177 ], [ -79.959239667902679, 40.47218468863548 ], [ -79.960338664294042, 40.470633029685352 ], [ -79.966764961433256, 40.475169723648101 ], [ -79.966619150416449, 40.475318268485182 ], [ -79.966044215761244, 40.476007136907434 ], [ -79.965992678930945, 40.476068886261992 ], [ -79.965907349937609, 40.476196619408853 ], [ -79.965642751639535, 40.476592709059858 ], [ -79.961999635103311, 40.474081587978745 ], [ -79.961334934525183, 40.474624971945197 ], [ -79.960230344793942, 40.473831333498588 ], [ -79.959567922059136, 40.474367144949916 ], [ -79.958322321337803, 40.473479815397177 ] ] ] } },
{ "type": "Feature", "properties": { "Ward": 11, "District": 1, "Muni_War_1": "Pittsburgh Ward 11 Dist 1", "Gainey_2021_Total": 141, "Gainey_2025_Total": 134, "OConnor_2025_Total": 86, "Peduto_2021_Total": 51 }, "geometry": { "type": "Polygon", "coordinates": [ [ [ -79.921732629675404, 40.47449094949944 ], [ -79.921732784307409, 40.474490696157332 ], [ -79.923234618252607, 40.47202960089006 ], [ -79.925701031789856, 40.472812535284959 ], [ -79.92515682812126, 40.474035756458875 ], [ -79.923748454601167, 40.477212674337849 ], [ -79.921683849817683, 40.476446030746658 ], [ -79.92268480999374, 40.474800504730226 ], [ -79.921732629675404, 40.47449094949944 ] ] ] } },
{ "type": "Feature", "properties": { "Ward": 9, "District": 1, "Muni_War_1": "Pittsburgh Ward 9 Dist 1", "Gainey_2021_Total": 72, "Gainey_2025_Total": 76, "OConnor_2025_Total": 78, "Peduto_2021_Total": 44 }, "geometry": { "type": "Polygon", "coordinates": [ [ [ -79.960338664294042, 40.470633029685352 ], [ -79.960679871760789, 40.47011202974636 ], [ -79.960926565433311, 40.469778622539472 ], [ -79.962081718314948, 40.468870806113081 ], [ -79.962290192576404, 40.468706965477836 ], [ -79.963845790024706, 40.469936081459501 ], [ -79.966712355536714, 40.471654137990264 ], [ -79.968638112331732, 40.472817243922862 ], [ -79.968056242932462, 40.473667665693839 ], [ -79.967370590565437, 40.474552734572754 ], [ -79.966764961433256, 40.475169723648101 ], [ -79.960338664294042, 40.470633029685352 ] ] ] } },
{ "type": "Feature", "properties": { "Ward": 26, "District": 8, "Muni_War_1": "Pittsburgh Ward 26 Dist 8", "Gainey_2021_Total": 28, "Gainey_2025_Total": 35, "OConnor_2025_Total": 38, "Peduto_2021_Total": 29 }, "geometry": { "type": "Polygon", "coordinates": [ [ [ -80.000555911258061, 40.472964167973366 ], [ -80.000865703510172, 40.47175613089248 ], [ -80.000915346986645, 40.471479546969896 ], [ -79.999272481062064, 40.469493906137622 ], [ -79.996980706623475, 40.470244418155694 ], [ -79.99680199789411, 40.470262822481438 ], [ -79.995386438342251, 40.470105148752978 ], [ -79.994353565151499, 40.470183555278759 ], [ -79.994187511732264, 40.469677506699497 ], [ -79.990932671640593, 40.469728459236812 ], [ -79.990080009469978, 40.467195531263776 ], [ -79.992179688734765, 40.466804900966963 ], [ -79.992226584985431, 40.466755594641988 ], [ -79.992058213288331, 40.466165495159089 ], [ -79.992090117042096, 40.46614402747182 ], [ -79.992120190971065, 40.466123790724538 ], [ -79.992072214847624, 40.466040564276447 ], [ -79.997874516847105, 40.465859108285024 ], [ -79.999663980909517, 40.465765023455482 ], [ -80.000381980250594, 40.467030666439491 ], [ -80.001876892682915, 40.469820939940249 ], [ -80.002391525268564, 40.470728481007995 ], [ -80.00290253441635, 40.471217138195939 ], [ -80.003459495977395, 40.471543167791779 ], [ -80.003813449592172, 40.471779106471452 ], [ -80.004256114638935, 40.472208272108716 ], [ -80.004392448563564, 40.472411059443978 ], [ -80.004542881833061, 40.472726512714793 ], [ -80.00353240663884, 40.472920029990192 ], [ -80.003375505058742, 40.472997201429997 ], [ -80.003124648791967, 40.47310435606542 ], [ -80.002868128411478, 40.473200501003085 ], [ -80.002914389097711, 40.473455138314932 ], [ -80.002932412193445, 40.473725512815527 ], [ -80.002876965297148, 40.473872060328617 ], [ -80.002785377452426, 40.474035934072944 ], [ -80.002594046390712, 40.474238890592552 ], [ -80.002108464852768, 40.474126244794505 ], [ -80.000500188565724, 40.474176353731266 ], [ -80.000539996001791, 40.473564623555596 ], [ -80.000555911258061, 40.472964167973366 ] ] ] } },
{ "type": "Feature", "properties": { "Ward": 11, "District": 6, "Muni_War_1": "Pittsburgh Ward 11 Dist 6", "Gainey_2021_Total": 188, "Gainey_2025_Total": 171, "OConnor_2025_Total": 82, "Peduto_2021_Total": 64 }, "geometry": { "type": "Polygon", "coordinates": [ [ [ -79.928511195537098, 40.475291448200927 ], [ -79.928345924487274, 40.475197547120537 ], [ -79.927909244564901, 40.474954224866281 ], [ -79.92515682812126, 40.474035756458875 ], [ -79.925701031789856, 40.472812535284959 ], [ -79.926275463962725, 40.471521321819225 ], [ -79.926665376838955, 40.470644838882407 ], [ -79.930404873032913, 40.471960410979868 ], [ -79.931702238037843, 40.4722727092147 ], [ -79.931522514565259, 40.473858870806211 ], [ -79.93146306211591, 40.473908617234208 ], [ -79.931910604262455, 40.475201363955236 ], [ -79.93191608151696, 40.475217186843388 ], [ -79.931861222385379, 40.47529531384631 ], [ -79.93179857451581, 40.475391947262587 ], [ -79.931798852327105, 40.475396558912351 ], [ -79.931796729953589, 40.475394877424677 ], [ -79.931522082874082, 40.475277993685779 ], [ -79.931028667995676, 40.475100071934783 ], [ -79.930039734577633, 40.474751887664148 ], [ -79.928948040822647, 40.474397038508911 ], [ -79.928300101455278, 40.474180066339585 ], [ -79.928287244583501, 40.474317182874117 ], [ -79.928310815328544, 40.474621242625439 ], [ -79.928316915663657, 40.474784544815584 ], [ -79.928374031352831, 40.474909059784373 ], [ -79.928486828780279, 40.475101895123721 ], [ -79.928511195537098, 40.475291448200927 ] ] ] } },
{ "type": "Feature", "properties": { "Ward": 10, "District": 15, "Muni_War_1": "Pittsburgh Ward 10 Dist 15", "Gainey_2021_Total": 71, "Gainey_2025_Total": 72, "OConnor_2025_Total": 28, "Peduto_2021_Total": 22 }, "geometry": { "type": "Polygon", "coordinates": [ [ [ -79.931910604262455, 40.475201363955236 ], [ -79.93146306211591, 40.473908617234208 ], [ -79.931522514565259, 40.473858870806211 ], [ -79.931702238037843, 40.4722727092147 ], [ -79.931717756187581, 40.472132649238134 ], [ -79.932787166329518, 40.470636935143773 ], [ -79.933141888444609, 40.470619337846372 ], [ -79.933806510895153, 40.470484073385293 ], [ -79.93435837571829, 40.470569112655355 ], [ -79.935709029832282, 40.471021508251255 ], [ -79.936564879147028, 40.471258126544683 ], [ -79.936995932943674, 40.471358823177489 ], [ -79.937438126216037, 40.471610504944998 ], [ -79.937776699514842, 40.471982368375151 ], [ -79.937860758031476, 40.472217273019616 ], [ -79.94018691046891, 40.471674556408345 ], [ -79.941397066883141, 40.471392192403769 ], [ -79.941551196554116, 40.471875453305302 ], [ -79.941667700354145, 40.471869518864956 ], [ -79.941942903521408, 40.471855500155634 ], [ -79.942209091574711, 40.471873107065633 ], [ -79.942376199184835, 40.471898254171855 ], [ -79.942562344165395, 40.471942176079473 ], [ -79.942674699085813, 40.472011178996553 ], [ -79.942710653564916, 40.472089453898676 ], [ -79.942728752646062, 40.472128854788693 ], [ -79.941988828755797, 40.472277930097469 ], [ -79.940149799468244, 40.472897371899336 ], [ -79.939566853300377, 40.473019492070506 ], [ -79.93908158799195, 40.4730806355129 ], [ -79.938574834477507, 40.473091286932295 ], [ -79.938047930825505, 40.473069053257142 ], [ -79.937527808141155, 40.473017622677176 ], [ -79.936726420102062, 40.472870274105958 ], [ -79.935983839138572, 40.472702629793062 ], [ -79.934923827854348, 40.472537050555324 ], [ -79.936514838696368, 40.474092416586615 ], [ -79.936530427340728, 40.474268796326015 ], [ -79.936537095776586, 40.474414409279909 ], [ -79.936494158613684, 40.474480541624487 ], [ -79.936581965670982, 40.474552400995172 ], [ -79.936547144140917, 40.474633872835021 ], [ -79.936574780212936, 40.475237399987869 ], [ -79.931910604262455, 40.475201363955236 ] ] ] } },
{ "type": "Feature", "properties": { "Ward": 12, "District": 16, "Muni_War_1": "Pittsburgh Ward 12 Dist 16", "Gainey_2021_Total": 96, "Gainey_2025_Total": 101, "OConnor_2025_Total": 10, "Peduto_2021_Total": 25 }, "geometry": { "type": "Polygon", "coordinates": [ [ [ -79.887751215579314, 40.472984658133619 ], [ -79.888158273490006, 40.470732503842584 ], [ -79.888830973922737, 40.470148035589922 ], [ -79.890092046012583, 40.471539738912668 ], [ -79.891253296539034, 40.470232781198 ], [ -79.891504460007098, 40.469962370005092 ], [ -79.891605766551436, 40.469884667264125 ], [ -79.892342953004643, 40.469579430732495 ], [ -79.89279381462174, 40.47049650196054 ], [ -79.892423984081034, 40.470644582753799 ], [ -79.891477942401465, 40.471681989354316 ], [ -79.891559953980703, 40.47172638555751 ], [ -79.891783851316134, 40.471923802674709 ], [ -79.893548829994458, 40.473430266957337 ], [ -79.893835759166805, 40.473701992764653 ], [ -79.893987815983152, 40.473913392069655 ], [ -79.894018941607925, 40.474054954249766 ], [ -79.894054658416877, 40.474217399413192 ], [ -79.893887774070279, 40.474577651308415 ], [ -79.893767968470868, 40.474752337331736 ], [ -79.89365336406064, 40.474919439837301 ], [ -79.893408310236055, 40.475046709055547 ], [ -79.893232783745432, 40.475065779072665 ], [ -79.893013515675619, 40.475089600783917 ], [ -79.892758191716865, 40.475098139893198 ], [ -79.892552837758643, 40.475086853583029 ], [ -79.89206461227576, 40.475001102784049 ], [ -79.891981975076888, 40.475012381819134 ], [ -79.891647426609154, 40.475058042593133 ], [ -79.891082261707865, 40.475247585571765 ], [ -79.890508394675962, 40.475417017776749 ], [ -79.889827285613165, 40.47558292320069 ], [ -79.889281710711359, 40.475661231974087 ], [ -79.887723530340566, 40.474974190773636 ], [ -79.887472152092244, 40.475276394915838 ], [ -79.887440870344278, 40.475364003041179 ], [ -79.887324172573031, 40.475577603276101 ], [ -79.887176771296382, 40.475798061512222 ], [ -79.887085911684267, 40.475906864120532 ], [ -79.887722702729349, 40.473142405547364 ], [ -79.887751215579314, 40.472984658133619 ] ] ] } },
{ "type": "Feature", "properties": { "Ward": 27, "District": 11, "Muni_War_1": "Pittsburgh Ward 27 Dist 11", "Gainey_2021_Total": 64, "Gainey_2025_Total": 84, "OConnor_2025_Total": 43, "Peduto_2021_Total": 23 }, "geometry": { "type": "Polygon", "coordinates": [ [ [ -80.030369568786213, 40.471909730016051 ], [ -80.030211947430516, 40.47188709616087 ], [ -80.030107736660838, 40.471907783524813 ], [ -80.030023432002565, 40.471924519732028 ], [ -80.029943185149463, 40.471940449742767 ], [ -80.029716310858845, 40.471943293936839 ], [ -80.029063950687004, 40.470008800359601 ], [ -80.028913747025257, 40.470037371621473 ], [ -80.029707398028009, 40.469885075530378 ], [ -80.029484060799092, 40.469194596667052 ], [ -80.031471228516011, 40.468816879686557 ], [ -80.031599768773503, 40.469215501034014 ], [ -80.033362208104165, 40.468824252440477 ], [ -80.032869143194858, 40.467439969826678 ], [ -80.03241382877988, 40.467676011823549 ], [ -80.031908910826715, 40.467800565620827 ], [ -80.031668536803679, 40.467223454320887 ], [ -80.031666807834398, 40.467163222903956 ], [ -80.031665583447946, 40.46712055327172 ], [ -80.031818155654861, 40.466983237143062 ], [ -80.033240101448328, 40.465656091254161 ], [ -80.03328479345582, 40.465629634214181 ], [ -80.03333887388608, 40.465597619741047 ], [ -80.033387101918748, 40.465569068528154 ], [ -80.033441242095819, 40.465485421313851 ], [ -80.033508080845223, 40.465421172429835 ], [ -80.033699131059322, 40.465303357150617 ], [ -80.033966741460731, 40.465073581325321 ], [ -80.034275542095841, 40.465453230659136 ], [ -80.035441374867275, 40.467011793645966 ], [ -80.036254464022278, 40.468380466904598 ], [ -80.036269689169401, 40.468383292778 ], [ -80.036258060966929, 40.468494974840731 ], [ -80.036436156732293, 40.469042178989802 ], [ -80.037037085946039, 40.470096705264424 ], [ -80.037552265320869, 40.470884710239758 ], [ -80.038094149271984, 40.471416638569856 ], [ -80.038278960152411, 40.471712605244683 ], [ -80.037782322211882, 40.47176551168576 ], [ -80.037189246431097, 40.47174472433823 ], [ -80.035526045476743, 40.47179014388837 ], [ -80.035457622824467, 40.471893095549881 ], [ -80.034790392329072, 40.472973237633425 ], [ -80.034603297559798, 40.473022670081129 ], [ -80.034537271711656, 40.472997460863795 ], [ -80.034529996848903, 40.472814326990388 ], [ -80.034506716969744, 40.472228267392723 ], [ -80.033397334008995, 40.472244563846409 ], [ -80.031190014774921, 40.472261323566258 ], [ -80.031119791726994, 40.472271374736472 ], [ -80.030991775212257, 40.471901574546152 ], [ -80.030624438239528, 40.471924009419268 ], [ -80.030369568786213, 40.471909730016051 ] ] ] } },
{ "type": "Feature", "properties": { "Ward": 26, "District": 1, "Muni_War_1": "Pittsburgh Ward 26 Dist 1", "Gainey_2021_Total": 78, "Gainey_2025_Total": 99, "OConnor_2025_Total": 32, "Peduto_2021_Total": 44 }, "geometry": { "type": "Polygon", "coordinates": [ [ [ -80.01037773230901, 40.473441770390608 ], [ -80.010376698945777, 40.473432340388982 ], [ -80.010344815186116, 40.472416179272997 ], [ -80.010271814672279, 40.472038990122087 ], [ -80.009996779769025, 40.471797662403468 ], [ -80.009722523995293, 40.471702474510643 ], [ -80.009386090213056, 40.471600090542566 ], [ -80.009205125222124, 40.471545018592266 ], [ -80.009067937782177, 40.471493398947757 ], [ -80.00904472379392, 40.471484664501389 ], [ -80.008824560958359, 40.471365697408068 ], [ -80.008700093672161, 40.471253812357638 ], [ -80.008654068824058, 40.471177269414547 ], [ -80.008613749799053, 40.470982607248949 ], [ -80.013640528029057, 40.470011960109041 ], [ -80.013801620967214, 40.469954627811489 ], [ -80.013935831843781, 40.46985120482703 ], [ -80.014563095848146, 40.469211642765359 ], [ -80.014577685559829, 40.469196766334854 ], [ -80.01499762917517, 40.468755485862175 ], [ -80.01501138927253, 40.468741025616424 ], [ -80.01512235516384, 40.468734114650303 ], [ -80.015175227817977, 40.468730821080953 ], [ -80.01526908381166, 40.468679315655471 ], [ -80.015428717815752, 40.468541088065805 ], [ -80.015521372288717, 40.468465138979951 ], [ -80.015662306805453, 40.468364585624364 ], [ -80.015902742291331, 40.468271251039447 ], [ -80.016030956505531, 40.468262732672251 ], [ -80.016218156750554, 40.468285565223205 ], [ -80.016353160160421, 40.46833659219746 ], [ -80.016442709243819, 40.468373033037238 ], [ -80.016521994335832, 40.468427459311421 ], [ -80.016617452425507, 40.468507457927572 ], [ -80.016685065963728, 40.468573501854607 ], [ -80.016822937959432, 40.468702253125343 ], [ -80.016888936971171, 40.468779487796198 ], [ -80.016990419263266, 40.468983560598254 ], [ -80.01716101066323, 40.469298176343827 ], [ -80.01718554594747, 40.469343426551724 ], [ -80.017254525272861, 40.469378831478302 ], [ -80.017296390193849, 40.469374339345698 ], [ -80.017420984586053, 40.469334165979504 ], [ -80.019168847317886, 40.4687705792606 ], [ -80.019407672387572, 40.468676173466804 ], [ -80.019754764049949, 40.469757673617984 ], [ -80.020144480609147, 40.470863557703005 ], [ -80.020609175177469, 40.472182152281704 ], [ -80.02020740368836, 40.472196272794932 ], [ -80.017178561632477, 40.472302680334387 ], [ -80.017218654351495, 40.473301455811217 ], [ -80.010609983530031, 40.473443294138491 ], [ -80.01037773230901, 40.473441770390608 ] ] ] } },
{ "type": "Feature", "properties": { "Ward": 11, "District": 11, "Muni_War_1": "Pittsburgh Ward 11 Dist 11", "Gainey_2021_Total": 144, "Gainey_2025_Total": 136, "OConnor_2025_Total": 98, "Peduto_2021_Total": 98 }, "geometry": { "type": "Polygon", "coordinates": [ [ [ -79.919192059114096, 40.473666595149417 ], [ -79.91930576449279, 40.473419914098542 ], [ -79.921024900579411, 40.469690061097978 ], [ -79.924028241355828, 40.470730926602805 ], [ -79.926275463962725, 40.471521321819225 ], [ -79.925701031789856, 40.472812535284959 ], [ -79.923234618252607, 40.47202960089006 ], [ -79.921732784307409, 40.474490696157332 ], [ -79.921335640022008, 40.47436188480615 ], [ -79.919192059114096, 40.473666595149417 ] ] ] } },
{ "type": "Feature", "properties": { "Ward": 26, "District": 9, "Muni_War_1": "Pittsburgh Ward 26 Dist 9", "Gainey_2021_Total": 45, "Gainey_2025_Total": 57, "OConnor_2025_Total": 67, "Peduto_2021_Total": 31 }, "geometry": { "type": "Polygon", "coordinates": [ [ [ -79.997544991111909, 40.472981974962941 ], [ -79.995133285309436, 40.47303073242157 ], [ -79.992031670287901, 40.473128428382452 ], [ -79.991665626004902, 40.472804977119743 ], [ -79.991254061544041, 40.472559026418125 ], [ -79.990821271290514, 40.472273459029914 ], [ -79.990682684654487, 40.472170849251711 ], [ -79.990412132206885, 40.471673179479886 ], [ -79.990158263795792, 40.471411102736013 ], [ -79.989912312917639, 40.471262207231966 ], [ -79.989646501953388, 40.470439599169282 ], [ -79.989183000397958, 40.469015166590225 ], [ -79.988749482120596, 40.46786020346596 ], [ -79.988657995367362, 40.467571974253516 ], [ -79.988603572372327, 40.4676112125183 ], [ -79.98846785217151, 40.467410781131647 ], [ -79.988054405530391, 40.466800198146466 ], [ -79.987837601705436, 40.46642781598139 ], [ -79.987706926373292, 40.466115133737127 ], [ -79.987434383289013, 40.466116508220374 ], [ -79.992072214847624, 40.466040564276447 ], [ -79.992120190971065, 40.466123790724538 ], [ -79.992090117042096, 40.46614402747182 ], [ -79.992058213288331, 40.466165495159089 ], [ -79.992226584985431, 40.466755594641988 ], [ -79.992179688734765, 40.466804900966963 ], [ -79.990080009469978, 40.467195531263776 ], [ -79.990932671640593, 40.469728459236812 ], [ -79.994187511732264, 40.469677506699497 ], [ -79.994353565151499, 40.470183555278759 ], [ -79.995386438342251, 40.470105148752978 ], [ -79.99680199789411, 40.470262822481438 ], [ -79.996980706623475, 40.470244418155694 ], [ -79.999272481062064, 40.469493906137622 ], [ -80.000915346986645, 40.471479546969896 ], [ -80.000865703510172, 40.47175613089248 ], [ -80.000555911258061, 40.472964167973366 ], [ -79.999853718148742, 40.472865251554069 ], [ -79.99803790888285, 40.472956169537476 ], [ -79.997544991111909, 40.472981974962941 ] ] ] } },
{ "type": "Feature", "properties": { "Ward": 26, "District": 7, "Muni_War_1": "Pittsburgh Ward 26 Dist 7", "Gainey_2021_Total": 55, "Gainey_2025_Total": 49, "OConnor_2025_Total": 18, "Peduto_2021_Total": 27 }, "geometry": { "type": "Polygon", "coordinates": [ [ [ -80.02020740368836, 40.472196272794932 ], [ -80.020609175177469, 40.472182152281704 ], [ -80.020144480609147, 40.470863557703005 ], [ -80.019754764049949, 40.469757673617984 ], [ -80.019407672387572, 40.468676173466804 ], [ -80.019168847317886, 40.4687705792606 ], [ -80.017420984586053, 40.469334165979504 ], [ -80.017296390193849, 40.469374339345698 ], [ -80.017254525272861, 40.469378831478302 ], [ -80.01718554594747, 40.469343426551724 ], [ -80.01716101066323, 40.469298176343827 ], [ -80.016990419263266, 40.468983560598254 ], [ -80.016888936971171, 40.468779487796198 ], [ -80.016822937959432, 40.468702253125343 ], [ -80.016685065963728, 40.468573501854607 ], [ -80.016617452425507, 40.468507457927572 ], [ -80.016521994335832, 40.468427459311421 ], [ -80.016442709243819, 40.468373033037238 ], [ -80.016353160160421, 40.46833659219746 ], [ -80.016218156750554, 40.468285565223205 ], [ -80.016030956505531, 40.468262732672251 ], [ -80.015902742291331, 40.468271251039447 ], [ -80.015662306805453, 40.468364585624364 ], [ -80.015521372288717, 40.468465138979951 ], [ -80.015428717815752, 40.468541088065805 ], [ -80.01526908381166, 40.468679315655471 ], [ -80.015175227817977, 40.468730821080953 ], [ -80.01512235516384, 40.468734114650303 ], [ -80.01501138927253, 40.468741025616424 ], [ -80.01499762917517, 40.468755485862175 ], [ -80.014577685559829, 40.469196766334854 ], [ -80.014563095848146, 40.469211642765359 ], [ -80.014041281908391, 40.468908284162694 ], [ -80.014741444806916, 40.468218017743958 ], [ -80.015210456399501, 40.467874438450501 ], [ -80.016238097469909, 40.467121610396966 ], [ -80.01672231958247, 40.466766870816343 ], [ -80.018531892126802, 40.466099836789773 ], [ -80.018245320371207, 40.465334651096953 ], [ -80.018171577551854, 40.465213625962114 ], [ -80.018190701706615, 40.464967396734345 ], [ -80.018112228146677, 40.464724114848821 ], [ -80.018038822158161, 40.464496539441718 ], [ -80.018583508596507, 40.464413294527567 ], [ -80.022707115567371, 40.463782989268651 ], [ -80.023824536769922, 40.464624450360709 ], [ -80.024717584840687, 40.465506239056985 ], [ -80.024789256974287, 40.46571006867498 ], [ -80.025045981969583, 40.467107462653786 ], [ -80.025046042686114, 40.467107793884466 ], [ -80.02532981153054, 40.469015487503803 ], [ -80.025612631018063, 40.469943211266916 ], [ -80.025827402166485, 40.470611216336081 ], [ -80.023693058956127, 40.471176271959848 ], [ -80.022629441090942, 40.472169146426637 ], [ -80.02020740368836, 40.472196272794932 ] ] ] } },
{ "type": "Feature", "properties": { "Ward": 12, "District": 11, "Muni_War_1": "Pittsburgh Ward 12 Dist 11", "Gainey_2021_Total": 88, "Gainey_2025_Total": 90, "OConnor_2025_Total": 20, "Peduto_2021_Total": 18 }, "geometry": { "type": "Polygon", "coordinates": [ [ [ -79.896347456002104, 40.469122098876817 ], [ -79.899184264674432, 40.468456293407655 ], [ -79.89937789559707, 40.469524769892672 ], [ -79.901794680464235, 40.468632550312655 ], [ -79.903017982808549, 40.468176144863435 ], [ -79.907588511485685, 40.470829396490757 ], [ -79.907771212938115, 40.468616667261976 ], [ -79.907732693854214, 40.468172292283221 ], [ -79.907616380939103, 40.467710194545788 ], [ -79.908741132291425, 40.467391008065661 ], [ -79.908813906618292, 40.467835167521713 ], [ -79.908770939229086, 40.468451525924152 ], [ -79.908660833896676, 40.469597169653099 ], [ -79.908622022006142, 40.470281069923267 ], [ -79.908348824805572, 40.473478878145258 ], [ -79.908348663607185, 40.473478854128963 ], [ -79.908272356357003, 40.47422334765519 ], [ -79.904437050092909, 40.474022972025686 ], [ -79.904334221492775, 40.473885676986434 ], [ -79.904030017536044, 40.473752386021481 ], [ -79.903443460056337, 40.473523775495849 ], [ -79.903076700295983, 40.473359263441971 ], [ -79.902473566123419, 40.473126058881704 ], [ -79.900799429316095, 40.473063163299329 ], [ -79.900312074238471, 40.472988519730961 ], [ -79.899248564497412, 40.472722015605811 ], [ -79.896347456002104, 40.469122098876817 ] ] ] } },
{ "type": "Feature", "properties": { "Ward": 11, "District": 13, "Muni_War_1": "Pittsburgh Ward 11 Dist 13", "Gainey_2021_Total": 174, "Gainey_2025_Total": 180, "OConnor_2025_Total": 126, "Peduto_2021_Total": 106 }, "geometry": { "type": "Polygon", "coordinates": [ [ [ -79.911020750786335, 40.473882479907019 ], [ -79.911425391768418, 40.471393115571004 ], [ -79.911575166977144, 40.470429799256465 ], [ -79.911660262402478, 40.470072867729307 ], [ -79.911786042206472, 40.469842239755103 ], [ -79.912024506688766, 40.469585145297643 ], [ -79.912335213239686, 40.469379054009011 ], [ -79.912997607411171, 40.469074052221409 ], [ -79.913839394057561, 40.468686440890188 ], [ -79.914477365058204, 40.468392671580254 ], [ -79.915198981427153, 40.468060378146888 ], [ -79.915540174372239, 40.467933993719029 ], [ -79.916207015735395, 40.467703167768704 ], [ -79.916439924647051, 40.467640639696086 ], [ -79.917705530287932, 40.467977934989996 ], [ -79.917648949239322, 40.468114073651243 ], [ -79.917405562416505, 40.468699676363137 ], [ -79.917831997120885, 40.468814355645932 ], [ -79.917011768917007, 40.470602489054528 ], [ -79.916159746506196, 40.470437147525494 ], [ -79.915512943935084, 40.472029820263785 ], [ -79.914274189962384, 40.471831182764454 ], [ -79.912518149643091, 40.471644058397338 ], [ -79.91234636761682, 40.472734094254072 ], [ -79.913137983308999, 40.472873347194081 ], [ -79.91307084406705, 40.472863566981367 ], [ -79.912800150373357, 40.474118874798272 ], [ -79.912795054120878, 40.474118096303819 ], [ -79.912497588985815, 40.474115095105688 ], [ -79.912109178240769, 40.474111174221832 ], [ -79.911020750786335, 40.473882479907019 ] ] ] } },
{ "type": "Feature", "properties": { "Ward": 6, "District": 1, "Muni_War_1": "Pittsburgh Ward 6 Dist 1", "Gainey_2021_Total": 131, "Gainey_2025_Total": 137, "OConnor_2025_Total": 182, "Peduto_2021_Total": 97 }, "geometry": { "type": "Polygon", "coordinates": [ [ [ -79.962290192576404, 40.468706965477836 ], [ -79.9638103794491, 40.467525119069691 ], [ -79.965133708165396, 40.465622688765556 ], [ -79.964206938411493, 40.46487614805158 ], [ -79.96409478681062, 40.464804973675335 ], [ -79.964111776218971, 40.464776088994149 ], [ -79.963943431551186, 40.464182505964743 ], [ -79.964230376751516, 40.464128766862402 ], [ -79.964165997502874, 40.463792326177462 ], [ -79.96417602949505, 40.463764825140679 ], [ -79.967275411212128, 40.46154830674034 ], [ -79.965338777888192, 40.46173041444564 ], [ -79.965319400171794, 40.461615751306496 ], [ -79.965298338956345, 40.461491127100089 ], [ -79.965278950634413, 40.461401055142559 ], [ -79.965198347079863, 40.461256003404692 ], [ -79.965083564788728, 40.461148070994078 ], [ -79.964858443021456, 40.461021877773561 ], [ -79.96466697787379, 40.460972243666276 ], [ -79.964455847362217, 40.460958747723183 ], [ -79.964006828690643, 40.461011755229045 ], [ -79.960693497635674, 40.461398665437322 ], [ -79.960641920735981, 40.461385346945761 ], [ -79.960620925859516, 40.461366536569628 ], [ -79.960495932104465, 40.460978760647535 ], [ -79.960353227999363, 40.460465599197626 ], [ -79.960353556288879, 40.460465539768983 ], [ -79.96305186445079, 40.459969416596941 ], [ -79.966078843855385, 40.459436565188604 ], [ -79.966084198472203, 40.459435492296606 ], [ -79.966659165658342, 40.459320234598025 ], [ -79.967203853759457, 40.459156198011023 ], [ -79.967894073538432, 40.458909615294907 ], [ -79.969024020949348, 40.45831839761783 ], [ -79.975283942676057, 40.454392563839576 ], [ -79.979601557596069, 40.458042932153354 ], [ -79.980726950286339, 40.459215797010962 ], [ -79.977196881567281, 40.46183275623202 ], [ -79.976122865291288, 40.46313956125919 ], [ -79.973693103119018, 40.466095738609724 ], [ -79.971442058558623, 40.468834201537476 ], [ -79.970036242824122, 40.471108375404739 ], [ -79.96931241653725, 40.471826184813345 ], [ -79.969110406094913, 40.472123671224551 ], [ -79.968812823605248, 40.472561893410735 ], [ -79.96864094299498, 40.472813106874298 ], [ -79.968638112331732, 40.472817243922862 ], [ -79.966712355536714, 40.471654137990264 ], [ -79.963845790024706, 40.469936081459501 ], [ -79.962290192576404, 40.468706965477836 ] ] ] } },
{ "type": "Feature", "properties": { "Ward": 11, "District": 14, "Muni_War_1": "Pittsburgh Ward 11 Dist 14", "Gainey_2021_Total": 122, "Gainey_2025_Total": 138, "OConnor_2025_Total": 31, "Peduto_2021_Total": 34 }, "geometry": { "type": "Polygon", "coordinates": [ [ [ -79.908348824805572, 40.473478878145258 ], [ -79.908622022006142, 40.470281069923267 ], [ -79.909545508280019, 40.470180677557337 ], [ -79.909835041767494, 40.469919662850906 ], [ -79.910722005195709, 40.469176927242792 ], [ -79.911707014214386, 40.468604518536317 ], [ -79.913103816653603, 40.468019894376233 ], [ -79.914271490121834, 40.467531150413102 ], [ -79.915963504902123, 40.46702812763882 ], [ -79.91746113072557, 40.466699820076265 ], [ -79.918967518822399, 40.466159168005497 ], [ -79.919228235215158, 40.465989832210767 ], [ -79.918992716537616, 40.465901330793194 ], [ -79.918700340662042, 40.465799329620531 ], [ -79.918660859714322, 40.465478236116233 ], [ -79.918624902382078, 40.465192833236863 ], [ -79.918782438896798, 40.464850491387303 ], [ -79.918938385584795, 40.46471855408732 ], [ -79.918940071753752, 40.464606615477628 ], [ -79.918993539722763, 40.464520654404325 ], [ -79.919050976738745, 40.464385709579581 ], [ -79.919069295943487, 40.464167034487367 ], [ -79.919067699075782, 40.464031616302108 ], [ -79.919123999926214, 40.463886631080214 ], [ -79.919243457370015, 40.463719540128992 ], [ -79.919393046449372, 40.463510302777962 ], [ -79.919522707937418, 40.463374067103985 ], [ -79.919668205052517, 40.463288923380915 ], [ -79.91983795097012, 40.463233532713005 ], [ -79.920020380174833, 40.463207126568918 ], [ -79.920153186837453, 40.463150835230337 ], [ -79.920406395072533, 40.462836577003756 ], [ -79.920533905813684, 40.462635635961114 ], [ -79.920574376387449, 40.462591049399812 ], [ -79.920622365263469, 40.46258920781279 ], [ -79.921297932607601, 40.462871204127573 ], [ -79.91990418228184, 40.465070000267445 ], [ -79.920930506514608, 40.465444669155239 ], [ -79.918770412669744, 40.469071742919482 ], [ -79.917831997120885, 40.468814355645932 ], [ -79.917405562416505, 40.468699676363137 ], [ -79.917648949239322, 40.468114073651243 ], [ -79.917705530287932, 40.467977934989996 ], [ -79.916439924647051, 40.467640639696086 ], [ -79.916207015735395, 40.467703167768704 ], [ -79.915540174372239, 40.467933993719029 ], [ -79.915198981427153, 40.468060378146888 ], [ -79.914477365058204, 40.468392671580254 ], [ -79.913839394057561, 40.468686440890188 ], [ -79.912997607411171, 40.469074052221409 ], [ -79.912335213239686, 40.469379054009011 ], [ -79.912024506688766, 40.469585145297643 ], [ -79.911786042206472, 40.469842239755103 ], [ -79.911660262402478, 40.470072867729307 ], [ -79.911575166977144, 40.470429799256465 ], [ -79.911425391768418, 40.471393115571004 ], [ -79.911020750786335, 40.473882479907019 ], [ -79.911014149897724, 40.473881092555686 ], [ -79.908348824805572, 40.473478878145258 ] ] ] } },
{ "type": "Feature", "properties": { "Ward": 26, "District": 2, "Muni_War_1": "Pittsburgh Ward 26 Dist 2", "Gainey_2021_Total": 78, "Gainey_2025_Total": 86, "OConnor_2025_Total": 16, "Peduto_2021_Total": 35 }, "geometry": { "type": "Polygon", "coordinates": [ [ [ -80.009886332689248, 40.467630268094403 ], [ -80.011271112936655, 40.467014001393757 ], [ -80.014337961000209, 40.465996198557697 ], [ -80.014708041602816, 40.467154600938535 ], [ -80.015151532622426, 40.466969538649693 ], [ -80.015766133793832, 40.466687801603143 ], [ -80.016355915950641, 40.466417436686434 ], [ -80.017033228369257, 40.466106940423487 ], [ -80.017365402285208, 40.465895188092702 ], [ -80.017751088093348, 40.465626716007414 ], [ -80.017910525648631, 40.465515732062855 ], [ -80.018086635718831, 40.465363940594415 ], [ -80.018171577551854, 40.465213625962114 ], [ -80.018245320371207, 40.465334651096953 ], [ -80.018531892126802, 40.466099836789773 ], [ -80.01672231958247, 40.466766870816343 ], [ -80.016238097469909, 40.467121610396966 ], [ -80.015210456399501, 40.467874438450501 ], [ -80.014741444806916, 40.468218017743958 ], [ -80.014041281908391, 40.468908284162694 ], [ -80.014563095848146, 40.469211642765359 ], [ -80.013935831843781, 40.46985120482703 ], [ -80.013801620967214, 40.469954627811489 ], [ -80.013640528029057, 40.470011960109041 ], [ -80.008613749799053, 40.470982607248949 ], [ -80.008654068824058, 40.471177269414547 ], [ -80.008700093672161, 40.471253812357638 ], [ -80.008824560958359, 40.471365697408068 ], [ -80.00904472379392, 40.471484664501389 ], [ -80.009067937782177, 40.471493398947757 ], [ -80.008220265821222, 40.471763469035842 ], [ -80.008117756961028, 40.471787422944018 ], [ -80.007477493101106, 40.469832692977867 ], [ -80.007473695277639, 40.469702023712394 ], [ -80.00840871798647, 40.469516277884431 ], [ -80.008705311552816, 40.469176314660714 ], [ -80.008931717279438, 40.469050409419779 ], [ -80.009346574422707, 40.468854963120101 ], [ -80.009700631108132, 40.468678693362875 ], [ -80.009747067878422, 40.468648008054387 ], [ -80.009886332689248, 40.467630268094403 ] ] ] } },
{ "type": "Feature", "properties": { "Ward": 11, "District": 12, "Muni_War_1": "Pittsburgh Ward 11 Dist 12", "Gainey_2021_Total": 159, "Gainey_2025_Total": 149, "OConnor_2025_Total": 121, "Peduto_2021_Total": 110 }, "geometry": { "type": "Polygon", "coordinates": [ [ [ -79.913137983308999, 40.472873347194081 ], [ -79.91234636761682, 40.472734094254072 ], [ -79.912518149643091, 40.471644058397338 ], [ -79.914274189962384, 40.471831182764454 ], [ -79.915512943935084, 40.472029820263785 ], [ -79.916159746506196, 40.470437147525494 ], [ -79.917011768917007, 40.470602489054528 ], [ -79.917831997120885, 40.468814355645932 ], [ -79.918770412669744, 40.469071742919482 ], [ -79.921024900579411, 40.469690061097978 ], [ -79.91930576449279, 40.473419914098542 ], [ -79.919304568410027, 40.473419952755847 ], [ -79.915915906161601, 40.473213608260906 ], [ -79.915061844385789, 40.473153580869365 ], [ -79.913137983308999, 40.472873347194081 ] ] ] } },
{ "type": "Feature", "properties": { "Ward": 9, "District": 5, "Muni_War_1": "Pittsburgh Ward 9 Dist 5", "Gainey_2021_Total": 98, "Gainey_2025_Total": 86, "OConnor_2025_Total": 118, "Peduto_2021_Total": 74 }, "geometry": { "type": "Polygon", "coordinates": [ [ [ -79.955126514682902, 40.468617382146384 ], [ -79.955505674391347, 40.468333616492217 ], [ -79.95620466085893, 40.468876385638801 ], [ -79.957246257895349, 40.468115162377281 ], [ -79.957369244978864, 40.468220631440104 ], [ -79.957673544538963, 40.467966107381457 ], [ -79.959117429467611, 40.469008842161251 ], [ -79.960903493525663, 40.467584345561299 ], [ -79.962290192576404, 40.468706965477836 ], [ -79.962081718314948, 40.468870806113081 ], [ -79.960926565433311, 40.469778622539472 ], [ -79.960679871760789, 40.47011202974636 ], [ -79.960338664294042, 40.470633029685352 ], [ -79.959239667902679, 40.47218468863548 ], [ -79.958733550897918, 40.471751628101615 ], [ -79.959017055910778, 40.471418517547733 ], [ -79.955126514682902, 40.468617382146384 ] ] ] } },
{ "type": "Feature", "properties": { "Ward": 24, "District": 6, "Muni_War_1": "Pittsburgh Ward 24 Dist 6", "Gainey_2021_Total": 44, "Gainey_2025_Total": 65, "OConnor_2025_Total": 78, "Peduto_2021_Total": 43 }, "geometry": { "type": "Polygon", "coordinates": [ [ [ -79.978787652063787, 40.471600551984437 ], [ -79.978720286628061, 40.471594386938314 ], [ -79.977460792876855, 40.470981167039056 ], [ -79.977191049965541, 40.470849830760251 ], [ -79.976117046495034, 40.470245581235034 ], [ -79.974678275141628, 40.469436076458727 ], [ -79.974678188472396, 40.469436095243054 ], [ -79.974258935355948, 40.46952926641292 ], [ -79.974095456906909, 40.469565596844291 ], [ -79.973785780941512, 40.469825625978352 ], [ -79.973397933346845, 40.470087154938106 ], [ -79.972851636618799, 40.470340618744522 ], [ -79.972646239481875, 40.470364667024562 ], [ -79.971744738026132, 40.470470212655087 ], [ -79.971047414853288, 40.470604422221918 ], [ -79.970880888219298, 40.470636471602724 ], [ -79.970767066929085, 40.4706583771423 ], [ -79.970661457897307, 40.470723406112498 ], [ -79.970036327250853, 40.471108324235836 ], [ -79.970036242824122, 40.471108375404739 ], [ -79.971442058558623, 40.468834201537476 ], [ -79.973693103119018, 40.466095738609724 ], [ -79.976122865291288, 40.46313956125919 ], [ -79.979833941041292, 40.464775609758917 ], [ -79.979704084565739, 40.464939262294216 ], [ -79.981180396037701, 40.465734083123571 ], [ -79.98088270748903, 40.466144266228291 ], [ -79.981062991752538, 40.466649115178882 ], [ -79.980382607006135, 40.467763590951705 ], [ -79.980345647829211, 40.467814759960937 ], [ -79.980885662713249, 40.468067427045241 ], [ -79.981358639504123, 40.467570823269781 ], [ -79.981652156481829, 40.468489670036043 ], [ -79.981915943630469, 40.469180525595007 ], [ -79.981897786513287, 40.469207828384711 ], [ -79.981885749928438, 40.469225927729035 ], [ -79.98181672528105, 40.469337680899237 ], [ -79.981813229874874, 40.469343338280844 ], [ -79.981560944513959, 40.46956963696055 ], [ -79.981330026811335, 40.469749805262381 ], [ -79.981242832455777, 40.469817847159781 ], [ -79.981141625348371, 40.469901782315468 ], [ -79.980866738781884, 40.470063457394723 ], [ -79.980582059897529, 40.470230898011934 ], [ -79.980463041017302, 40.470300901909894 ], [ -79.980312321096292, 40.470389549968061 ], [ -79.980270090765345, 40.470414387256959 ], [ -79.980025916098313, 40.47055106950318 ], [ -79.979850043324831, 40.470657831231428 ], [ -79.979796176763088, 40.470702172292413 ], [ -79.979705649412907, 40.470777876988045 ], [ -79.979615110696102, 40.470853600745386 ], [ -79.979560477036145, 40.470899296076375 ], [ -79.979372753881236, 40.471056305470618 ], [ -79.979147152069501, 40.471244987969861 ], [ -79.979019911043579, 40.471351408845067 ], [ -79.979013318768679, 40.471356922245064 ], [ -79.97892352797038, 40.471432015709134 ], [ -79.978909302139627, 40.471446514704489 ], [ -79.978863867561955, 40.471492822394481 ], [ -79.978833765889675, 40.471513872274066 ], [ -79.978791571728379, 40.471602651119831 ], [ -79.978787652063787, 40.471600551984437 ] ] ] } },
{ "type": "Feature", "properties": { "Ward": 10, "District": 19, "Muni_War_1": "Pittsburgh Ward 10 Dist 19", "Gainey_2021_Total": 117, "Gainey_2025_Total": 113, "OConnor_2025_Total": 18, "Peduto_2021_Total": 28 }, "geometry": { "type": "Polygon", "coordinates": [ [ [ -79.94018691046891, 40.471674556408345 ], [ -79.940135869669987, 40.471479268322668 ], [ -79.940112959148109, 40.471401395997447 ], [ -79.940099893740737, 40.471312159299991 ], [ -79.940078221324896, 40.471164138786726 ], [ -79.940151985168441, 40.470916818414885 ], [ -79.94033914591941, 40.470466389417183 ], [ -79.940399545905549, 40.470264283935251 ], [ -79.940353090126976, 40.470037860893974 ], [ -79.940319229367233, 40.469983433741184 ], [ -79.940202776138094, 40.469796244960669 ], [ -79.940076502223192, 40.469663890080419 ], [ -79.939920352317927, 40.469502977091167 ], [ -79.9397824951036, 40.469364959603922 ], [ -79.939723647089764, 40.469329962368903 ], [ -79.939609767746404, 40.469262238661528 ], [ -79.939496536918099, 40.469194899842684 ], [ -79.939343079585186, 40.469141400495822 ], [ -79.939103657121606, 40.469095167249847 ], [ -79.939289631072839, 40.468345122759764 ], [ -79.939203413800726, 40.468276803664764 ], [ -79.939467914812127, 40.467192189377535 ], [ -79.940548545439668, 40.46733887100072 ], [ -79.940635990440867, 40.466952335756829 ], [ -79.94592730038201, 40.46770679201299 ], [ -79.946121692783734, 40.466867520214201 ], [ -79.94614273708568, 40.466870284265475 ], [ -79.946209858755481, 40.466926261621737 ], [ -79.94619401396308, 40.467015023678428 ], [ -79.946415493104539, 40.467166836241645 ], [ -79.94670475054042, 40.467419890327243 ], [ -79.94692257347748, 40.467619065788099 ], [ -79.947187932228601, 40.467909289309297 ], [ -79.947266781530999, 40.468012140256718 ], [ -79.947345519321871, 40.468185912741298 ], [ -79.947371447846521, 40.468361751058325 ], [ -79.947371210167844, 40.468533310343169 ], [ -79.947313333343345, 40.468716235887868 ], [ -79.94718651174324, 40.468964351857423 ], [ -79.946976516445147, 40.469348080307441 ], [ -79.946734629806215, 40.469695591562747 ], [ -79.946296558178091, 40.470167962858412 ], [ -79.945737133953571, 40.470691969242367 ], [ -79.945179495404133, 40.471143728479312 ], [ -79.944717880675128, 40.471492032318828 ], [ -79.944494769532781, 40.471634102805808 ], [ -79.944246455397433, 40.471753708954871 ], [ -79.943918691076689, 40.471879949047157 ], [ -79.943614776060855, 40.471963035789855 ], [ -79.943111067195133, 40.472059855530162 ], [ -79.942710653564916, 40.472089453898676 ], [ -79.942674699085813, 40.472011178996553 ], [ -79.942562344165395, 40.471942176079473 ], [ -79.942376199184835, 40.471898254171855 ], [ -79.942209091574711, 40.471873107065633 ], [ -79.941942903521408, 40.471855500155634 ], [ -79.941667700354145, 40.471869518864956 ], [ -79.941551196554116, 40.471875453305302 ], [ -79.941397066883141, 40.471392192403769 ], [ -79.94018691046891, 40.471674556408345 ] ] ] } },
{ "type": "Feature", "properties": { "Ward": 10, "District": 16, "Muni_War_1": "Pittsburgh Ward 10 Dist 16", "Gainey_2021_Total": 58, "Gainey_2025_Total": 73, "OConnor_2025_Total": 10, "Peduto_2021_Total": 9 }, "geometry": { "type": "Polygon", "coordinates": [ [ [ -79.932787166329518, 40.470636935143773 ], [ -79.934490778904319, 40.467890212965379 ], [ -79.934616498455995, 40.467687506108291 ], [ -79.939190290259319, 40.468330616414143 ], [ -79.939203413800726, 40.468276803664764 ], [ -79.939289631072839, 40.468345122759764 ], [ -79.939103657121606, 40.469095167249847 ], [ -79.939343079585186, 40.469141400495822 ], [ -79.939496536918099, 40.469194899842684 ], [ -79.939609767746404, 40.469262238661528 ], [ -79.939723647089764, 40.469329962368903 ], [ -79.9397824951036, 40.469364959603922 ], [ -79.939920352317927, 40.469502977091167 ], [ -79.940076502223192, 40.469663890080419 ], [ -79.940202776138094, 40.469796244960669 ], [ -79.940319229367233, 40.469983433741184 ], [ -79.940353090126976, 40.470037860893974 ], [ -79.940399545905549, 40.470264283935251 ], [ -79.94033914591941, 40.470466389417183 ], [ -79.940151985168441, 40.470916818414885 ], [ -79.940078221324896, 40.471164138786726 ], [ -79.940099893740737, 40.471312159299991 ], [ -79.940112959148109, 40.471401395997447 ], [ -79.940135869669987, 40.471479268322668 ], [ -79.94018691046891, 40.471674556408345 ], [ -79.937860758031476, 40.472217273019616 ], [ -79.937776699514842, 40.471982368375151 ], [ -79.937438126216037, 40.471610504944998 ], [ -79.936995932943674, 40.471358823177489 ], [ -79.936564879147028, 40.471258126544683 ], [ -79.935709029832282, 40.471021508251255 ], [ -79.93435837571829, 40.470569112655355 ], [ -79.933806510895153, 40.470484073385293 ], [ -79.933141888444609, 40.470619337846372 ], [ -79.932787166329518, 40.470636935143773 ] ] ] } },
{ "type": "Feature", "properties": { "Ward": 11, "District": 5, "Muni_War_1": "Pittsburgh Ward 11 Dist 5", "Gainey_2021_Total": 124, "Gainey_2025_Total": 119, "OConnor_2025_Total": 30, "Peduto_2021_Total": 18 }, "geometry": { "type": "Polygon", "coordinates": [ [ [ -79.926665376838955, 40.470644838882407 ], [ -79.927866978492219, 40.468149257224198 ], [ -79.927881101589165, 40.468125896790937 ], [ -79.930467612431272, 40.468855507975412 ], [ -79.932126097897182, 40.468513166555518 ], [ -79.931810402931163, 40.470270700038249 ], [ -79.932787166329518, 40.470636935143773 ], [ -79.931717756187581, 40.472132649238134 ], [ -79.931702238037843, 40.4722727092147 ], [ -79.930404873032913, 40.471960410979868 ], [ -79.926665376838955, 40.470644838882407 ] ] ] } },
{ "type": "Feature", "properties": { "Ward": 27, "District": 10, "Muni_War_1": "Pittsburgh Ward 27 Dist 10", "Gainey_2021_Total": 79, "Gainey_2025_Total": 87, "OConnor_2025_Total": 47, "Peduto_2021_Total": 39 }, "geometry": { "type": "Polygon", "coordinates": [ [ [ -80.025612631018063, 40.469943211266916 ], [ -80.02532981153054, 40.469015487503803 ], [ -80.025046042686114, 40.467107793884466 ], [ -80.025045981969583, 40.467107462653786 ], [ -80.029144705749687, 40.466361341916844 ], [ -80.029355109216326, 40.46701517996356 ], [ -80.031668529302408, 40.466559031701564 ], [ -80.031818155654861, 40.466983237143062 ], [ -80.031665583447946, 40.46712055327172 ], [ -80.031666807834398, 40.467163222903956 ], [ -80.031668536803679, 40.467223454320887 ], [ -80.031908910826715, 40.467800565620827 ], [ -80.03241382877988, 40.467676011823549 ], [ -80.032869143194858, 40.467439969826678 ], [ -80.033362208104165, 40.468824252440477 ], [ -80.031599768773503, 40.469215501034014 ], [ -80.031471228516011, 40.468816879686557 ], [ -80.029484060799092, 40.469194596667052 ], [ -80.029707398028009, 40.469885075530378 ], [ -80.028913747025257, 40.470037371621473 ], [ -80.02755010307699, 40.470296748432091 ], [ -80.027335036663544, 40.469597776980173 ], [ -80.025612631018063, 40.469943211266916 ] ] ] } },
{ "type": "Feature", "properties": { "Ward": 11, "District": 17, "Muni_War_1": "Pittsburgh Ward 11 Dist 17", "Gainey_2021_Total": 154, "Gainey_2025_Total": 167, "OConnor_2025_Total": 50, "Peduto_2021_Total": 25 }, "geometry": { "type": "Polygon", "coordinates": [ [ [ -79.924028241355828, 40.470730926602805 ], [ -79.926211602645921, 40.467146365337605 ], [ -79.926286350190054, 40.467033244764572 ], [ -79.925318376163219, 40.46670006391583 ], [ -79.92598255474644, 40.46559237977052 ], [ -79.926929438586058, 40.465935059705515 ], [ -79.928796977557255, 40.466610893409275 ], [ -79.927881101589165, 40.468125896790937 ], [ -79.927866978492219, 40.468149257224198 ], [ -79.926665376838955, 40.470644838882407 ], [ -79.926275463962725, 40.471521321819225 ], [ -79.924028241355828, 40.470730926602805 ] ] ] } },
{ "type": "Feature", "properties": { "Ward": 12, "District": 13, "Muni_War_1": "Pittsburgh Ward 12 Dist 13", "Gainey_2021_Total": 94, "Gainey_2025_Total": 91, "OConnor_2025_Total": 12, "Peduto_2021_Total": 24 }, "geometry": { "type": "Polygon", "coordinates": [ [ [ -79.888158273490006, 40.470732503842584 ], [ -79.888283936374592, 40.47003721583863 ], [ -79.888464799747211, 40.469195830490463 ], [ -79.889041442255007, 40.466513118308654 ], [ -79.889949490295152, 40.467118654074845 ], [ -79.890093099923035, 40.467140708642262 ], [ -79.89007991563345, 40.466456220860515 ], [ -79.890850697005192, 40.4664162069894 ], [ -79.890923212861338, 40.4663789121199 ], [ -79.890915991616851, 40.465441702355186 ], [ -79.891556202742592, 40.465959688184675 ], [ -79.891846770718971, 40.46614239685897 ], [ -79.892028026681089, 40.466207468788227 ], [ -79.895489318750265, 40.466614231837113 ], [ -79.896104522868328, 40.467489275670886 ], [ -79.895729051217032, 40.468188443356368 ], [ -79.89574748433273, 40.468361088588757 ], [ -79.89604710447307, 40.468749373868619 ], [ -79.894198077990268, 40.469934214720723 ], [ -79.89279381462174, 40.47049650196054 ], [ -79.892342953004643, 40.469579430732495 ], [ -79.891605766551436, 40.469884667264125 ], [ -79.891504460007098, 40.469962370005092 ], [ -79.891253296539034, 40.470232781198 ], [ -79.890092046012583, 40.471539738912668 ], [ -79.888830973922737, 40.470148035589922 ], [ -79.888158273490006, 40.470732503842584 ] ] ] } },
{ "type": "Feature", "properties": { "Ward": 11, "District": 4, "Muni_War_1": "Pittsburgh Ward 11 Dist 4", "Gainey_2021_Total": 110, "Gainey_2025_Total": 120, "OConnor_2025_Total": 32, "Peduto_2021_Total": 28 }, "geometry": { "type": "Polygon", "coordinates": [ [ [ -79.927881101589165, 40.468125896790937 ], [ -79.928796977557255, 40.466610893409275 ], [ -79.926929438586058, 40.465935059705515 ], [ -79.927540991937164, 40.464943218856604 ], [ -79.929400556045621, 40.465610935482026 ], [ -79.930073924166635, 40.464504727602481 ], [ -79.931874524008393, 40.465127081032534 ], [ -79.931512066764583, 40.465758338964037 ], [ -79.931162850404959, 40.466993683794932 ], [ -79.931175648412832, 40.467208732122977 ], [ -79.934614385466958, 40.467686473114391 ], [ -79.934616921081471, 40.467686825180301 ], [ -79.934616498455995, 40.467687506108291 ], [ -79.934490778904319, 40.467890212965379 ], [ -79.932787166329518, 40.470636935143773 ], [ -79.931810402931163, 40.470270700038249 ], [ -79.932126097897182, 40.468513166555518 ], [ -79.930467612431272, 40.468855507975412 ], [ -79.927881101589165, 40.468125896790937 ] ] ] } },
{ "type": "Feature", "properties": { "Ward": 11, "District": 16, "Muni_War_1": "Pittsburgh Ward 11 Dist 16", "Gainey_2021_Total": 122, "Gainey_2025_Total": 99, "OConnor_2025_Total": 41, "Peduto_2021_Total": 22 }, "geometry": { "type": "Polygon", "coordinates": [ [ [ -79.921024900579411, 40.469690061097978 ], [ -79.922765756847141, 40.465937296386628 ], [ -79.923608346609484, 40.466100955243 ], [ -79.925318376163219, 40.46670006391583 ], [ -79.926286350190054, 40.467033244764572 ], [ -79.926211602645921, 40.467146365337605 ], [ -79.924028241355828, 40.470730926602805 ], [ -79.921024900579411, 40.469690061097978 ] ] ] } },
{ "type": "Feature", "properties": { "Ward": 27, "District": 13, "Muni_War_1": "Pittsburgh Ward 27 Dist 13", "Gainey_2021_Total": 63, "Gainey_2025_Total": 67, "OConnor_2025_Total": 41, "Peduto_2021_Total": 32 }, "geometry": { "type": "Polygon", "coordinates": [ [ [ -80.031818155654861, 40.466983237143062 ], [ -80.031668529302408, 40.466559031701564 ], [ -80.029355109216326, 40.46701517996356 ], [ -80.029144705749687, 40.466361341916844 ], [ -80.025045981969583, 40.467107462653786 ], [ -80.024789256974287, 40.46571006867498 ], [ -80.024717584840687, 40.465506239056985 ], [ -80.023824536769922, 40.464624450360709 ], [ -80.022707115567371, 40.463782989268651 ], [ -80.024181531426763, 40.463483748971953 ], [ -80.024311817509741, 40.46342871292326 ], [ -80.024558574372733, 40.463365625687963 ], [ -80.024614201037977, 40.463362952783648 ], [ -80.027450952724905, 40.46284659152473 ], [ -80.02750537165322, 40.462847113024509 ], [ -80.027599357330743, 40.462848012554268 ], [ -80.027675852124631, 40.462833781264138 ], [ -80.027827485433505, 40.462805569575629 ], [ -80.027872034071052, 40.462797281063125 ], [ -80.02801098561639, 40.462746972606496 ], [ -80.029971088146581, 40.462398280504139 ], [ -80.030083676211049, 40.462390918444164 ], [ -80.030132195225335, 40.46238774613532 ], [ -80.030251099339367, 40.462348466212177 ], [ -80.030363913337894, 40.462328395146756 ], [ -80.030520331383329, 40.462289457754963 ], [ -80.030647035668153, 40.462276250983329 ], [ -80.030719595348415, 40.462263683550383 ], [ -80.030951131872854, 40.462223923784542 ], [ -80.031343083279424, 40.4621508586633 ], [ -80.031799885281941, 40.462071255421392 ], [ -80.03201610317825, 40.46203154183015 ], [ -80.032067150667643, 40.46202216574153 ], [ -80.032131116303162, 40.462061637332333 ], [ -80.032389946648067, 40.461978592406162 ], [ -80.032599889987665, 40.461924825270493 ], [ -80.032883454860581, 40.461866442604467 ], [ -80.033109903447965, 40.461823838453149 ], [ -80.03284410730511, 40.461089189899965 ], [ -80.037169667825964, 40.460341036292661 ], [ -80.036535453310009, 40.45913554977141 ], [ -80.036481200654805, 40.454202717841319 ], [ -80.036489996369568, 40.454214969779876 ], [ -80.041178463443217, 40.456904969913182 ], [ -80.045890252892562, 40.460747869700654 ], [ -80.038091400582616, 40.466112831240842 ], [ -80.036882598037167, 40.466969739159964 ], [ -80.036326917300983, 40.467833669672714 ], [ -80.036269689169401, 40.468383292778 ], [ -80.036254464022278, 40.468380466904598 ], [ -80.035441374867275, 40.467011793645966 ], [ -80.034275542095841, 40.465453230659136 ], [ -80.033966741460731, 40.465073581325321 ], [ -80.033699131059322, 40.465303357150617 ], [ -80.033508080845223, 40.465421172429835 ], [ -80.033441242095819, 40.465485421313851 ], [ -80.033387101918748, 40.465569068528154 ], [ -80.03333887388608, 40.465597619741047 ], [ -80.03328479345582, 40.465629634214181 ], [ -80.033240101448328, 40.465656091254161 ], [ -80.031818155654861, 40.466983237143062 ] ] ] } },
{ "type": "Feature", "properties": { "Ward": 12, "District": 10, "Muni_War_1": "Pittsburgh Ward 12 Dist 10", "Gainey_2021_Total": 91, "Gainey_2025_Total": 111, "OConnor_2025_Total": 20, "Peduto_2021_Total": 27 }, "geometry": { "type": "Polygon", "coordinates": [ [ [ -79.901794680464235, 40.468632550312655 ], [ -79.900985543352576, 40.468140613595764 ], [ -79.901591467778857, 40.468003804735766 ], [ -79.901356361461453, 40.467635351353437 ], [ -79.902775360226713, 40.466375568364612 ], [ -79.903216597752262, 40.466627332951532 ], [ -79.906195106479842, 40.463731773312347 ], [ -79.908741132291425, 40.467391008065661 ], [ -79.907616380939103, 40.467710194545788 ], [ -79.907732693854214, 40.468172292283221 ], [ -79.907771212938115, 40.468616667261976 ], [ -79.907588511485685, 40.470829396490757 ], [ -79.903017982808549, 40.468176144863435 ], [ -79.901794680464235, 40.468632550312655 ] ] ] } },
{ "type": "Feature", "properties": { "Ward": 24, "District": 4, "Muni_War_1": "Pittsburgh Ward 24 Dist 4", "Gainey_2021_Total": 65, "Gainey_2025_Total": 62, "OConnor_2025_Total": 107, "Peduto_2021_Total": 66 }, "geometry": { "type": "Polygon", "coordinates": [ [ [ -79.976122865291288, 40.46313956125919 ], [ -79.977196881567281, 40.46183275623202 ], [ -79.980726950286339, 40.459215797010962 ], [ -79.9853959635888, 40.455754027124499 ], [ -79.985714221506996, 40.455518038854606 ], [ -79.986831558608714, 40.456322063295588 ], [ -79.987064117646284, 40.456462210503439 ], [ -79.987245583743558, 40.456585704388111 ], [ -79.987305251146722, 40.456627336490712 ], [ -79.987430413340277, 40.45668663806125 ], [ -79.988286750277851, 40.457335271428761 ], [ -79.98920477178892, 40.457592852113223 ], [ -79.989018874148897, 40.457640760941125 ], [ -79.988579568486429, 40.45776008000891 ], [ -79.988163012497324, 40.457908104655161 ], [ -79.98803889326382, 40.457963555910702 ], [ -79.985145354500389, 40.460288900215538 ], [ -79.984691418291376, 40.460639726545807 ], [ -79.984659618284581, 40.460751378395067 ], [ -79.984694616028392, 40.460817631258848 ], [ -79.984737188665065, 40.460875499187495 ], [ -79.985051833366867, 40.461291337847285 ], [ -79.984965979584501, 40.461378001482259 ], [ -79.983654797904336, 40.462399628026219 ], [ -79.983433118554714, 40.462593979128862 ], [ -79.983062440504213, 40.46309511827549 ], [ -79.984360260431146, 40.464058380084253 ], [ -79.984713592784161, 40.463795335749971 ], [ -79.984853761680981, 40.463690984137223 ], [ -79.984980319076854, 40.463675181913146 ], [ -79.985090836922438, 40.463661381513006 ], [ -79.985213847528016, 40.463684830157788 ], [ -79.985299067153434, 40.463714565114792 ], [ -79.985474357317301, 40.463775726565601 ], [ -79.985628501939473, 40.46385663303311 ], [ -79.985933937772131, 40.464016946555326 ], [ -79.985971033113032, 40.464036416701418 ], [ -79.985887169080755, 40.464248228606742 ], [ -79.985868297330541, 40.464317995039572 ], [ -79.985529396529856, 40.465602824264174 ], [ -79.985285795154326, 40.466126572329436 ], [ -79.98482855963347, 40.466076341415189 ], [ -79.98462766398579, 40.466054270829353 ], [ -79.984490812468252, 40.466055781023627 ], [ -79.984415045537077, 40.466064462387756 ], [ -79.984318409952479, 40.466110045869371 ], [ -79.98415309508448, 40.466188025859786 ], [ -79.98387344610515, 40.466332955263525 ], [ -79.983654867654053, 40.466572721597977 ], [ -79.983562689461564, 40.466666059083124 ], [ -79.983368198404435, 40.466890968907499 ], [ -79.983154280049447, 40.467102091053135 ], [ -79.98315159811996, 40.467104737370249 ], [ -79.982977597638481, 40.467276457784841 ], [ -79.982998818920635, 40.467317993352772 ], [ -79.982945273859656, 40.467430498723147 ], [ -79.982836357263182, 40.467622487177991 ], [ -79.982801438239562, 40.467681920036334 ], [ -79.982667204782601, 40.467916361654254 ], [ -79.982523191607086, 40.468167897696546 ], [ -79.982467362300781, 40.468265393356425 ], [ -79.982457396725138, 40.468282796942248 ], [ -79.982380395280231, 40.468417278569085 ], [ -79.982341870274212, 40.468480261861927 ], [ -79.982276105694851, 40.468587757043352 ], [ -79.982189713843866, 40.468728963768761 ], [ -79.98212669288796, 40.468831981699203 ], [ -79.982125614517059, 40.468834041191045 ], [ -79.982048596100014, 40.468981055801763 ], [ -79.981915943630469, 40.469180525595007 ], [ -79.981652156481829, 40.468489670036043 ], [ -79.981358639504123, 40.467570823269781 ], [ -79.980885662713249, 40.468067427045241 ], [ -79.980345647829211, 40.467814759960937 ], [ -79.980382607006135, 40.467763590951705 ], [ -79.981062991752538, 40.466649115178882 ], [ -79.98088270748903, 40.466144266228291 ], [ -79.981180396037701, 40.465734083123571 ], [ -79.979704084565739, 40.464939262294216 ], [ -79.979833941041292, 40.464775609758917 ], [ -79.976122865291288, 40.46313956125919 ] ] ] } },
{ "type": "Feature", "properties": { "Ward": 9, "District": 7, "Muni_War_1": "Pittsburgh Ward 9 Dist 7", "Gainey_2021_Total": 65, "Gainey_2025_Total": 59, "OConnor_2025_Total": 65, "Peduto_2021_Total": 46 }, "geometry": { "type": "Polygon", "coordinates": [ [ [ -79.948068519011684, 40.465697904548648 ], [ -79.951700810250529, 40.46617403082589 ], [ -79.952271482873229, 40.46608844316831 ], [ -79.955184043491457, 40.465651579247663 ], [ -79.956507800093917, 40.466612809522061 ], [ -79.956152335087793, 40.466862885635905 ], [ -79.957673544538963, 40.467966107381457 ], [ -79.957369244978864, 40.468220631440104 ], [ -79.957246257895349, 40.468115162377281 ], [ -79.95620466085893, 40.468876385638801 ], [ -79.955505674391347, 40.468333616492217 ], [ -79.955126514682902, 40.468617382146384 ], [ -79.954786261155846, 40.468879833274627 ], [ -79.953865420202803, 40.468347994013151 ], [ -79.95203088560551, 40.469740622910848 ], [ -79.949910674937385, 40.468225277749156 ], [ -79.949851235546816, 40.467959975053738 ], [ -79.948702928249276, 40.467116969628719 ], [ -79.948558821280244, 40.466942516049357 ], [ -79.948465680119313, 40.466658912098978 ], [ -79.948322302062209, 40.46613879689145 ], [ -79.948263332599083, 40.466080625262805 ], [ -79.948136031182443, 40.46604932210564 ], [ -79.948056539197907, 40.465995660243074 ], [ -79.948053005362638, 40.465956252534561 ], [ -79.948146425828767, 40.465789212062631 ], [ -79.948103766365989, 40.465831470999206 ], [ -79.948068519011684, 40.465697904548648 ] ] ] } },
{ "type": "Feature", "properties": { "Ward": 12, "District": 5, "Muni_War_1": "Pittsburgh Ward 12 Dist 5", "Gainey_2021_Total": 26, "Gainey_2025_Total": 33, "OConnor_2025_Total": 3, "Peduto_2021_Total": 5 }, "geometry": { "type": "Polygon", "coordinates": [ [ [ -79.908741132291425, 40.467391008065661 ], [ -79.910195784072783, 40.466966390453727 ], [ -79.91335314124521, 40.465731129682403 ], [ -79.911381673401479, 40.463950453719491 ], [ -79.912241414443187, 40.463368144180798 ], [ -79.912301401992366, 40.4633275133667 ], [ -79.912302542922646, 40.463328518999084 ], [ -79.914507688871097, 40.465271218404119 ], [ -79.915679537244245, 40.46644479877579 ], [ -79.915963504902123, 40.46702812763882 ], [ -79.914271490121834, 40.467531150413102 ], [ -79.913103816653603, 40.468019894376233 ], [ -79.911707014214386, 40.468604518536317 ], [ -79.910722005195709, 40.469176927242792 ], [ -79.909835041767494, 40.469919662850906 ], [ -79.909545508280019, 40.470180677557337 ], [ -79.908622022006142, 40.470281069923267 ], [ -79.908660833896676, 40.469597169653099 ], [ -79.908770939229086, 40.468451525924152 ], [ -79.908813906618292, 40.467835167521713 ], [ -79.908741132291425, 40.467391008065661 ] ] ] } },
{ "type": "Feature", "properties": { "Ward": 9, "District": 6, "Muni_War_1": "Pittsburgh Ward 9 Dist 6", "Gainey_2021_Total": 110, "Gainey_2025_Total": 121, "OConnor_2025_Total": 94, "Peduto_2021_Total": 79 }, "geometry": { "type": "Polygon", "coordinates": [ [ [ -79.957673544538963, 40.467966107381457 ], [ -79.956152335087793, 40.466862885635905 ], [ -79.956507800093917, 40.466612809522061 ], [ -79.955184043491457, 40.465651579247663 ], [ -79.957961292282917, 40.465182309067337 ], [ -79.958011681252032, 40.465260248927557 ], [ -79.960903493525663, 40.467584345561299 ], [ -79.959117429467611, 40.469008842161251 ], [ -79.957673544538963, 40.467966107381457 ] ] ] } },
{ "type": "Feature", "properties": { "Ward": 11, "District": 18, "Muni_War_1": "Pittsburgh Ward 11 Dist 18", "Gainey_2021_Total": 110, "Gainey_2025_Total": 136, "OConnor_2025_Total": 21, "Peduto_2021_Total": 28 }, "geometry": { "type": "Polygon", "coordinates": [ [ [ -79.918770412669744, 40.469071742919482 ], [ -79.920930506514608, 40.465444669155239 ], [ -79.91990418228184, 40.465070000267445 ], [ -79.921297932607601, 40.462871204127573 ], [ -79.920622365263469, 40.46258920781279 ], [ -79.920630734870457, 40.462588886697766 ], [ -79.920801608157021, 40.462304417156126 ], [ -79.92085216524724, 40.462172088643513 ], [ -79.920908122169266, 40.461986138813373 ], [ -79.920967731233773, 40.461788054283481 ], [ -79.921032994445866, 40.461677981698827 ], [ -79.921112258769256, 40.461590341384046 ], [ -79.921240828847871, 40.46148592704148 ], [ -79.921359776634915, 40.461402753519046 ], [ -79.927240320520852, 40.463494627553494 ], [ -79.92598255474644, 40.46559237977052 ], [ -79.925318376163219, 40.46670006391583 ], [ -79.923608346609484, 40.466100955243 ], [ -79.922765756847141, 40.465937296386628 ], [ -79.921024900579411, 40.469690061097978 ], [ -79.918770412669744, 40.469071742919482 ] ] ] } },
{ "type": "Feature", "properties": { "Ward": 26, "District": 3, "Muni_War_1": "Pittsburgh Ward 26 Dist 3", "Gainey_2021_Total": 57, "Gainey_2025_Total": 73, "OConnor_2025_Total": 28, "Peduto_2021_Total": 44 }, "geometry": { "type": "Polygon", "coordinates": [ [ [ -80.006960734383796, 40.465285734890358 ], [ -80.008010961124796, 40.465216248609927 ], [ -80.008898578130157, 40.465157513040303 ], [ -80.010043235060905, 40.465099614883201 ], [ -80.011415667868292, 40.464849599323315 ], [ -80.012661422667563, 40.46478924509141 ], [ -80.01396175098705, 40.464819724478446 ], [ -80.018038822158161, 40.464496539441718 ], [ -80.018112228146677, 40.464724114848821 ], [ -80.018190701706615, 40.464967396734345 ], [ -80.018171577551854, 40.465213625962114 ], [ -80.018086635718831, 40.465363940594415 ], [ -80.017910525648631, 40.465515732062855 ], [ -80.017751088093348, 40.465626716007414 ], [ -80.017365402285208, 40.465895188092702 ], [ -80.017033228369257, 40.466106940423487 ], [ -80.016355915950641, 40.466417436686434 ], [ -80.015766133793832, 40.466687801603143 ], [ -80.015151532622426, 40.466969538649693 ], [ -80.014708041602816, 40.467154600938535 ], [ -80.014337961000209, 40.465996198557697 ], [ -80.011271112936655, 40.467014001393757 ], [ -80.009886332689248, 40.467630268094403 ], [ -80.009896578919324, 40.46755538678692 ], [ -80.007789567589526, 40.467961095722274 ], [ -80.007810825149406, 40.467937439714291 ], [ -80.006960734383796, 40.465285734890358 ] ] ] } },
{ "type": "Feature", "properties": { "Ward": 6, "District": 2, "Muni_War_1": "Pittsburgh Ward 6 Dist 2", "Gainey_2021_Total": 93, "Gainey_2025_Total": 87, "OConnor_2025_Total": 94, "Peduto_2021_Total": 57 }, "geometry": { "type": "Polygon", "coordinates": [ [ [ -79.960903493525663, 40.467584345561299 ], [ -79.958011681252032, 40.465260248927557 ], [ -79.957961292282917, 40.465182309067337 ], [ -79.963310377424605, 40.464278252209382 ], [ -79.963255309022358, 40.464043955999429 ], [ -79.96413550438443, 40.463281308691172 ], [ -79.964098206603964, 40.462979956903567 ], [ -79.962058574489618, 40.463162498573439 ], [ -79.961140614090937, 40.463321700423961 ], [ -79.960620925859516, 40.461366536569628 ], [ -79.960641920735981, 40.461385346945761 ], [ -79.960693497635674, 40.461398665437322 ], [ -79.964006828690643, 40.461011755229045 ], [ -79.964455847362217, 40.460958747723183 ], [ -79.96466697787379, 40.460972243666276 ], [ -79.964858443021456, 40.461021877773561 ], [ -79.965083564788728, 40.461148070994078 ], [ -79.965198347079863, 40.461256003404692 ], [ -79.965278950634413, 40.461401055142559 ], [ -79.965298338956345, 40.461491127100089 ], [ -79.965319400171794, 40.461615751306496 ], [ -79.965338777888192, 40.46173041444564 ], [ -79.967275411212128, 40.46154830674034 ], [ -79.96417602949505, 40.463764825140679 ], [ -79.964165997502874, 40.463792326177462 ], [ -79.964230376751516, 40.464128766862402 ], [ -79.963943431551186, 40.464182505964743 ], [ -79.964111776218971, 40.464776088994149 ], [ -79.96409478681062, 40.464804973675335 ], [ -79.964206938411493, 40.46487614805158 ], [ -79.965133708165396, 40.465622688765556 ], [ -79.9638103794491, 40.467525119069691 ], [ -79.962290192576404, 40.468706965477836 ], [ -79.960903493525663, 40.467584345561299 ] ] ] } },
{ "type": "Feature", "properties": { "Ward": 12, "District": 14, "Muni_War_1": "Pittsburgh Ward 12 Dist 14", "Gainey_2021_Total": 66, "Gainey_2025_Total": 61, "OConnor_2025_Total": 7, "Peduto_2021_Total": 13 }, "geometry": { "type": "Polygon", "coordinates": [ [ [ -79.896347456002104, 40.469122098876817 ], [ -79.89604710447307, 40.468749373868619 ], [ -79.89574748433273, 40.468361088588757 ], [ -79.895729051217032, 40.468188443356368 ], [ -79.896104522868328, 40.467489275670886 ], [ -79.89665681831552, 40.465173668939009 ], [ -79.897345992281146, 40.464744623579733 ], [ -79.897555635913321, 40.464342675026217 ], [ -79.898707395171968, 40.464603344398498 ], [ -79.898983038085234, 40.464665726798096 ], [ -79.899600038958425, 40.464500327964139 ], [ -79.902775360226713, 40.466375568364612 ], [ -79.901356361461453, 40.467635351353437 ], [ -79.901591467778857, 40.468003804735766 ], [ -79.900985543352576, 40.468140613595764 ], [ -79.901794680464235, 40.468632550312655 ], [ -79.89937789559707, 40.469524769892672 ], [ -79.899184264674432, 40.468456293407655 ], [ -79.896347456002104, 40.469122098876817 ] ] ] } },
{ "type": "Feature", "properties": { "Ward": 10, "District": 17, "Muni_War_1": "Pittsburgh Ward 10 Dist 17", "Gainey_2021_Total": 95, "Gainey_2025_Total": 110, "OConnor_2025_Total": 29, "Peduto_2021_Total": 19 }, "geometry": { "type": "Polygon", "coordinates": [ [ [ -79.934616498455995, 40.467687506108291 ], [ -79.934616921081471, 40.467686825180301 ], [ -79.934614385466958, 40.467686473114391 ], [ -79.936440939333366, 40.464675610081756 ], [ -79.939067317902911, 40.464541355573111 ], [ -79.941135302806444, 40.464745144502949 ], [ -79.940635990440867, 40.466952335756829 ], [ -79.940548545439668, 40.46733887100072 ], [ -79.939467914812127, 40.467192189377535 ], [ -79.939203413800726, 40.468276803664764 ], [ -79.939190290259319, 40.468330616414143 ], [ -79.934616498455995, 40.467687506108291 ] ] ] } },
{ "type": "Feature", "properties": { "Ward": 10, "District": 18, "Muni_War_1": "Pittsburgh Ward 10 Dist 18", "Gainey_2021_Total": 133, "Gainey_2025_Total": 111, "OConnor_2025_Total": 40, "Peduto_2021_Total": 38 }, "geometry": { "type": "Polygon", "coordinates": [ [ [ -79.940635990440867, 40.466952335756829 ], [ -79.941135302806444, 40.464745144502949 ], [ -79.942855327725098, 40.464978784045023 ], [ -79.946446195348912, 40.46546646111878 ], [ -79.946121692783734, 40.466867520214201 ], [ -79.94592730038201, 40.46770679201299 ], [ -79.940635990440867, 40.466952335756829 ] ] ] } },
{ "type": "Feature", "properties": { "Ward": 20, "District": 9, "Muni_War_1": "Pittsburgh Ward 20 Dist 9", "Gainey_2021_Total": 10, "Gainey_2025_Total": 9, "OConnor_2025_Total": 21, "Peduto_2021_Total": 21 }, "geometry": { "type": "Polygon", "coordinates": [ [ [ -80.045890252892562, 40.460747869700654 ], [ -80.041178463443217, 40.456904969913182 ], [ -80.036489996369568, 40.454214969779876 ], [ -80.036481200654805, 40.454202717841319 ], [ -80.034942420241819, 40.452059054618886 ], [ -80.033253696209073, 40.450595882652337 ], [ -80.035320945509369, 40.449342071693096 ], [ -80.036133074727417, 40.450001244368131 ], [ -80.037701879757833, 40.451141059988935 ], [ -80.03839901568719, 40.451627454528278 ], [ -80.039124422300873, 40.452079233313761 ], [ -80.039749122284903, 40.452387923783824 ], [ -80.040349739710109, 40.452532978720363 ], [ -80.040837889506321, 40.452586905219547 ], [ -80.041017829080644, 40.452606783282029 ], [ -80.041800469686891, 40.45258468322853 ], [ -80.044622792459023, 40.454548171339908 ], [ -80.04929739136459, 40.457921190985701 ], [ -80.050241526033915, 40.458739225167172 ], [ -80.050440869512315, 40.458984450592816 ], [ -80.050529346419665, 40.459048934871056 ], [ -80.050446221813772, 40.459112834459368 ], [ -80.051259162334304, 40.459995350238479 ], [ -80.05112711447758, 40.460119099270734 ], [ -80.051428129794289, 40.460322043621041 ], [ -80.051808254361134, 40.460578320291454 ], [ -80.052094702307883, 40.460850766670021 ], [ -80.05233416235501, 40.461002246970544 ], [ -80.052719661778326, 40.461003180578309 ], [ -80.054179924064528, 40.460887011181839 ], [ -80.054313732929458, 40.460872872750478 ], [ -80.054718965373155, 40.460804125965275 ], [ -80.05498939061782, 40.460788093373978 ], [ -80.055163904503146, 40.460726784188623 ], [ -80.056843590960511, 40.463404781378145 ], [ -80.057140739285913, 40.463756319408105 ], [ -80.056635851364035, 40.463951357079459 ], [ -80.056627263831714, 40.463954475250361 ], [ -80.056353536053663, 40.464042988235867 ], [ -80.056162575404116, 40.464104737052615 ], [ -80.055958158386105, 40.464189938406371 ], [ -80.055560567321095, 40.464355652745255 ], [ -80.05533993811639, 40.464436835824458 ], [ -80.055038850696491, 40.464547622523618 ], [ -80.055017291195895, 40.464549791138232 ], [ -80.054178795776011, 40.464800756212938 ], [ -80.053635462816402, 40.464883093102642 ], [ -80.051272892875915, 40.465570202089438 ], [ -80.051185092339722, 40.465512710123022 ], [ -80.047695420390752, 40.462304204140999 ], [ -80.045890252892562, 40.460747869700654 ] ] ] } },
{ "type": "Feature", "properties": { "Ward": 11, "District": 2, "Muni_War_1": "Pittsburgh Ward 11 Dist 2", "Gainey_2021_Total": 151, "Gainey_2025_Total": 144, "OConnor_2025_Total": 28, "Peduto_2021_Total": 31 }, "geometry": { "type": "Polygon", "coordinates": [ [ [ -79.930073924166635, 40.464504727602481 ], [ -79.930673056450786, 40.4634932490426 ], [ -79.934517992877559, 40.464771770239132 ], [ -79.936440939333366, 40.464675610081756 ], [ -79.934614385466958, 40.467686473114391 ], [ -79.931175648412832, 40.467208732122977 ], [ -79.931162850404959, 40.466993683794932 ], [ -79.931512066764583, 40.465758338964037 ], [ -79.931874524008393, 40.465127081032534 ], [ -79.930073924166635, 40.464504727602481 ] ] ] } },
{ "type": "Feature", "properties": { "Ward": 28, "District": 9, "Muni_War_1": "Pittsburgh Ward 28 Dist 9", "Gainey_2021_Total": 79, "Gainey_2025_Total": 114, "OConnor_2025_Total": 78, "Peduto_2021_Total": 66 }, "geometry": { "type": "Polygon", "coordinates": [ [ [ -80.075371042242082, 40.463989260459826 ], [ -80.074753020416964, 40.463602378765948 ], [ -80.074224132139435, 40.463115615797236 ], [ -80.074320617513507, 40.463046133789462 ], [ -80.075219359872662, 40.462428876351218 ], [ -80.074666219474366, 40.461990716532711 ], [ -80.074025994582001, 40.461576059011385 ], [ -80.073517933515873, 40.461357001742336 ], [ -80.073215163493032, 40.461251402320883 ], [ -80.073236758324853, 40.458287968923905 ], [ -80.073208767388877, 40.457670569604751 ], [ -80.072985197162112, 40.455843057063177 ], [ -80.07292696161926, 40.45550823346548 ], [ -80.072881206165505, 40.455439081269006 ], [ -80.072696098115216, 40.455284736216896 ], [ -80.074343062727394, 40.455433204383596 ], [ -80.077348495091172, 40.453167755286344 ], [ -80.077680487923132, 40.45345504812154 ], [ -80.079099113247494, 40.454737375157983 ], [ -80.080067824915815, 40.455716272432511 ], [ -80.080315118076157, 40.456134955301081 ], [ -80.080605824409702, 40.456140103787298 ], [ -80.080775259559772, 40.456195491570561 ], [ -80.082666412500686, 40.457719135826594 ], [ -80.08451350231212, 40.45911539556522 ], [ -80.086390639135871, 40.458740338771022 ], [ -80.088882324263537, 40.45831946335484 ], [ -80.089817575711336, 40.45815468352361 ], [ -80.090743160374544, 40.457914888152764 ], [ -80.09150327148285, 40.457546550877254 ], [ -80.09226812646402, 40.456913983161641 ], [ -80.092557902530942, 40.456524193914781 ], [ -80.092848708368521, 40.455737418427866 ], [ -80.092830550578654, 40.454804854382296 ], [ -80.092783781412564, 40.4539064206582 ], [ -80.092557753269787, 40.451293666255054 ], [ -80.092442813347915, 40.450898405832376 ], [ -80.092572267572507, 40.450830847610447 ], [ -80.092699766705081, 40.450789819019178 ], [ -80.092894138658579, 40.450766542819501 ], [ -80.093256254346272, 40.450744991545122 ], [ -80.093563615329941, 40.450746761211946 ], [ -80.093599175809501, 40.450746965350497 ], [ -80.093599842267707, 40.450746969854123 ], [ -80.093585123777686, 40.450750304358365 ], [ -80.093583213045889, 40.450750737699522 ], [ -80.093583112417377, 40.450750760460828 ], [ -80.093634762268877, 40.45076050862567 ], [ -80.094040552234503, 40.450933748150518 ], [ -80.094353239610456, 40.451132399244358 ], [ -80.094575699417064, 40.451428225247412 ], [ -80.094645958639518, 40.452013177215377 ], [ -80.094624330781855, 40.452647665385044 ], [ -80.09458995073885, 40.452950714040476 ], [ -80.094547442120813, 40.453325407008883 ], [ -80.095260181183392, 40.457112027493203 ], [ -80.095270236892048, 40.457165446987993 ], [ -80.095300615593757, 40.457339926426172 ], [ -80.095327644676786, 40.457495169279063 ], [ -80.09531742985908, 40.457601698372642 ], [ -80.095310365010079, 40.457798536691271 ], [ -80.09529417929491, 40.45813377293387 ], [ -80.095283744396056, 40.458311779575745 ], [ -80.095254865649721, 40.4588043934071 ], [ -80.095230439674665, 40.45910258859503 ], [ -80.095138798849675, 40.459269242765714 ], [ -80.095032697085784, 40.45942024696307 ], [ -80.094889784224947, 40.459513517557539 ], [ -80.094753848344027, 40.459618959065764 ], [ -80.094706807789123, 40.459655445767915 ], [ -80.094684123084718, 40.459669820354982 ], [ -80.094611465454207, 40.459715859992215 ], [ -80.094174245638044, 40.459751305244914 ], [ -80.093456628532451, 40.459822604246853 ], [ -80.093130308003779, 40.459826476356682 ], [ -80.091853808561538, 40.459844629200177 ], [ -80.0906866248705, 40.459823518303587 ], [ -80.090318081077712, 40.459816850098676 ], [ -80.089979788577267, 40.45980499805048 ], [ -80.088771265211847, 40.459762646162922 ], [ -80.088585922740279, 40.459756149289326 ], [ -80.088381507859637, 40.459748984804669 ], [ -80.0880243462788, 40.459737100662167 ], [ -80.087871121650451, 40.459754557481141 ], [ -80.087741636324722, 40.459769308757949 ], [ -80.087535934134323, 40.459789382306191 ], [ -80.087283500785048, 40.45981401573745 ], [ -80.087108979174744, 40.459833603072695 ], [ -80.087061802940497, 40.459836855117111 ], [ -80.086782304856854, 40.459856123850521 ], [ -80.086666344466906, 40.459844850067775 ], [ -80.086646771597046, 40.459842947539954 ], [ -80.086435937837862, 40.459825797671904 ], [ -80.086298605067753, 40.459818346512058 ], [ -80.086110688479494, 40.459808149957254 ], [ -80.085155777813711, 40.459655813867165 ], [ -80.083823057627896, 40.459453200737748 ], [ -80.083702051682124, 40.459439677234151 ], [ -80.083702008478184, 40.459439689818112 ], [ -80.083445627841542, 40.459517775539354 ], [ -80.083157528156704, 40.459605519829559 ], [ -80.082778519470025, 40.459773188026766 ], [ -80.082624261971546, 40.459841428862362 ], [ -80.082273374079136, 40.459999426077658 ], [ -80.081915649858288, 40.460281009339703 ], [ -80.081455086741286, 40.460624280864934 ], [ -80.081418559771691, 40.460659928316609 ], [ -80.081188926674784, 40.460884039229256 ], [ -80.080973888505767, 40.461138875058943 ], [ -80.080890832811804, 40.461237301850019 ], [ -80.080838206753285, 40.461334585258271 ], [ -80.080681494961638, 40.461624273962151 ], [ -80.080619789853941, 40.461742786189326 ], [ -80.080586964007651, 40.461805832511821 ], [ -80.080545006306693, 40.461886415131808 ], [ -80.080524850427992, 40.461925128586522 ], [ -80.080483667138964, 40.462010956810232 ], [ -80.080354838741115, 40.462279441444004 ], [ -80.080303487209193, 40.462382933978482 ], [ -80.0802499697066, 40.462490788151669 ], [ -80.08017268551292, 40.462720139883189 ], [ -80.080166952459891, 40.462737153589202 ], [ -80.080104986079874, 40.462930666874271 ], [ -80.079934285854478, 40.4633668528908 ], [ -80.079717195697853, 40.463574640167884 ], [ -80.079397452525882, 40.463854083632434 ], [ -80.078059476455863, 40.464684511451487 ], [ -80.077695088639985, 40.464736060879638 ], [ -80.077592274289771, 40.464740256326813 ], [ -80.077341113923637, 40.46474948887009 ], [ -80.077028851116296, 40.464730722205495 ], [ -80.076705085933156, 40.464695484496097 ], [ -80.07649604763121, 40.464657936081416 ], [ -80.076262997147353, 40.464558239293382 ], [ -80.076072645217266, 40.464428453288406 ], [ -80.075371042242082, 40.463989260459826 ] ] ] } },
{ "type": "Feature", "properties": { "Ward": 24, "District": 2, "Muni_War_1": "Pittsburgh Ward 24 Dist 2", "Gainey_2021_Total": 36, "Gainey_2025_Total": 41, "OConnor_2025_Total": 71, "Peduto_2021_Total": 46 }, "geometry": { "type": "Polygon", "coordinates": [ [ [ -79.987434383289013, 40.466116508220374 ], [ -79.986755291052404, 40.466119931115578 ], [ -79.986839550312794, 40.464965743236917 ], [ -79.986923807931348, 40.46437098899932 ], [ -79.98833890259445, 40.462101864003053 ], [ -79.988984398091034, 40.462486631331863 ], [ -79.989289726820999, 40.46228973267764 ], [ -79.990742390759308, 40.461674485954326 ], [ -79.991059392709289, 40.461560303255496 ], [ -79.991713875151973, 40.461890761317051 ], [ -79.991776378638932, 40.461891951815737 ], [ -79.992033276736464, 40.46179044971872 ], [ -79.992159158537362, 40.46174071308269 ], [ -79.992301616925005, 40.461727394226187 ], [ -79.990876465317399, 40.462451881857106 ], [ -79.991364708196969, 40.463402453404001 ], [ -79.99140495942838, 40.463499056548933 ], [ -79.99142886852448, 40.463577617638435 ], [ -79.993180617509481, 40.463021206616887 ], [ -79.993334843123804, 40.462960323532151 ], [ -79.994290243567306, 40.462339659847508 ], [ -79.994579968418677, 40.463119097592347 ], [ -79.994648853542586, 40.463136464882105 ], [ -79.994777477028791, 40.463111351654099 ], [ -79.995377953817396, 40.462994107788582 ], [ -79.995441369795017, 40.463184657898381 ], [ -79.997265941667635, 40.463524184984593 ], [ -79.99768161701661, 40.46539814335511 ], [ -79.997874516847105, 40.465859108285024 ], [ -79.992072214847624, 40.466040564276447 ], [ -79.987434383289013, 40.466116508220374 ] ] ] } },
{ "type": "Feature", "properties": { "Ward": 24, "District": 3, "Muni_War_1": "Pittsburgh Ward 24 Dist 3", "Gainey_2021_Total": 26, "Gainey_2025_Total": 25, "OConnor_2025_Total": 61, "Peduto_2021_Total": 38 }, "geometry": { "type": "Polygon", "coordinates": [ [ [ -79.985285795154326, 40.466126572329436 ], [ -79.985529396529856, 40.465602824264174 ], [ -79.985868297330541, 40.464317995039572 ], [ -79.985887169080755, 40.464248228606742 ], [ -79.985971033113032, 40.464036416701418 ], [ -79.985933937772131, 40.464016946555326 ], [ -79.986007244663284, 40.463975944273983 ], [ -79.986508574050049, 40.463327263259231 ], [ -79.986989500420094, 40.462521833537394 ], [ -79.987683546762938, 40.461284061198917 ], [ -79.987849685545655, 40.46099957779613 ], [ -79.9878871746659, 40.460947564377982 ], [ -79.98810498422614, 40.460808198317054 ], [ -79.988622537436299, 40.46069640824318 ], [ -79.98850234965532, 40.460311052815833 ], [ -79.988436498771847, 40.460302453550256 ], [ -79.988063458746154, 40.460390820328051 ], [ -79.987828033141881, 40.460167423921924 ], [ -79.988378925918724, 40.459950043884533 ], [ -79.988484529890457, 40.459977260156712 ], [ -79.992378592145684, 40.459244662779298 ], [ -79.993307847617601, 40.458487820618629 ], [ -79.993700489120599, 40.457796306325633 ], [ -79.994440813733405, 40.458114354762337 ], [ -79.993429992644394, 40.459676222592627 ], [ -79.993396361218615, 40.459784385770796 ], [ -79.993834255730107, 40.459741105304737 ], [ -79.993953199557694, 40.459692317468786 ], [ -79.994118896274017, 40.459710229844809 ], [ -79.994572152980979, 40.459660498941837 ], [ -79.994659266303501, 40.459647542778825 ], [ -79.994688511430212, 40.45964319389109 ], [ -79.994312749450572, 40.460125544435236 ], [ -79.99404291670939, 40.460439184299339 ], [ -79.993687439908726, 40.460762028895353 ], [ -79.993248538836596, 40.461156774866403 ], [ -79.993123306679763, 40.46126875148456 ], [ -79.992935520685265, 40.461392881962155 ], [ -79.992537377393688, 40.461607043003887 ], [ -79.992301616925005, 40.461727394226187 ], [ -79.992159158537362, 40.46174071308269 ], [ -79.992033276736464, 40.46179044971872 ], [ -79.991776378638932, 40.461891951815737 ], [ -79.991713875151973, 40.461890761317051 ], [ -79.991059392709289, 40.461560303255496 ], [ -79.990742390759308, 40.461674485954326 ], [ -79.989289726820999, 40.46228973267764 ], [ -79.988984398091034, 40.462486631331863 ], [ -79.98833890259445, 40.462101864003053 ], [ -79.986923807931348, 40.46437098899932 ], [ -79.986839550312794, 40.464965743236917 ], [ -79.986755291052404, 40.466119931115578 ], [ -79.986753775615895, 40.466119938816284 ], [ -79.985285795154326, 40.466126572329436 ] ] ] } },
{ "type": "Feature", "properties": { "Ward": 24, "District": 1, "Muni_War_1": "Pittsburgh Ward 24 Dist 1", "Gainey_2021_Total": 38, "Gainey_2025_Total": 35, "OConnor_2025_Total": 61, "Peduto_2021_Total": 41 }, "geometry": { "type": "Polygon", "coordinates": [ [ [ -79.992301616925005, 40.461727394226187 ], [ -79.992537377393688, 40.461607043003887 ], [ -79.992935520685265, 40.461392881962155 ], [ -79.993123306679763, 40.46126875148456 ], [ -79.993248538836596, 40.461156774866403 ], [ -79.993687439908726, 40.460762028895353 ], [ -79.99404291670939, 40.460439184299339 ], [ -79.994312749450572, 40.460125544435236 ], [ -79.994688511430212, 40.45964319389109 ], [ -79.994659266303501, 40.459647542778825 ], [ -79.997831088869688, 40.458925548928015 ], [ -79.998394114181551, 40.45879603064477 ], [ -79.998395394393441, 40.458798771434232 ], [ -79.998672840695278, 40.458744582863339 ], [ -79.998802755148091, 40.458720984835296 ], [ -79.999035214151732, 40.458671617345885 ], [ -79.99954720272369, 40.458575833253313 ], [ -79.999718903271031, 40.458548151669874 ], [ -80.000264665634617, 40.458478560363361 ], [ -80.0006430257056, 40.458430313898141 ], [ -80.000914807829389, 40.459213153352714 ], [ -80.000975335565244, 40.459530799647709 ], [ -80.000981796983126, 40.460274001122137 ], [ -80.000980246951229, 40.46106159517646 ], [ -80.000999381616779, 40.461401575696044 ], [ -80.001022377662281, 40.461586388729742 ], [ -80.000898211946875, 40.462063085844633 ], [ -80.000730400197725, 40.462443964898625 ], [ -80.000685969992986, 40.463727153084328 ], [ -80.000963299870477, 40.464468787920765 ], [ -80.00103028826878, 40.464556940533257 ], [ -80.001092749737623, 40.464897797834055 ], [ -80.001235672776474, 40.465677731162096 ], [ -79.999663980909517, 40.465765023455482 ], [ -79.997874516847105, 40.465859108285024 ], [ -79.99768161701661, 40.46539814335511 ], [ -79.997265941667635, 40.463524184984593 ], [ -79.995441369795017, 40.463184657898381 ], [ -79.995377953817396, 40.462994107788582 ], [ -79.994777477028791, 40.463111351654099 ], [ -79.994648853542586, 40.463136464882105 ], [ -79.994579968418677, 40.463119097592347 ], [ -79.994290243567306, 40.462339659847508 ], [ -79.993334843123804, 40.462960323532151 ], [ -79.993180617509481, 40.463021206616887 ], [ -79.99142886852448, 40.463577617638435 ], [ -79.99140495942838, 40.463499056548933 ], [ -79.991364708196969, 40.463402453404001 ], [ -79.990876465317399, 40.462451881857106 ], [ -79.992301616925005, 40.461727394226187 ] ] ] } },
{ "type": "Feature", "properties": { "Ward": 25, "District": 7, "Muni_War_1": "Pittsburgh Ward 25 Dist 7", "Gainey_2021_Total": 50, "Gainey_2025_Total": 44, "OConnor_2025_Total": 62, "Peduto_2021_Total": 39 }, "geometry": { "type": "Polygon", "coordinates": [ [ [ -80.000264665634617, 40.458478560363361 ], [ -80.002123040161891, 40.458132600151657 ], [ -80.002184457033735, 40.458424354532049 ], [ -80.002197138863167, 40.458690318608113 ], [ -80.002913689276951, 40.458556223624761 ], [ -80.003107679651691, 40.45935512918399 ], [ -80.003529426366669, 40.46069884606095 ], [ -80.004500015532003, 40.460512289087241 ], [ -80.004617938140314, 40.460501539747071 ], [ -80.004649262400989, 40.46051105463669 ], [ -80.004700362259413, 40.460547556965651 ], [ -80.004766208226954, 40.460522241660385 ], [ -80.004912659991916, 40.460486265874529 ], [ -80.004987634963214, 40.460490836462455 ], [ -80.005058924949324, 40.46050149585664 ], [ -80.005140254537054, 40.460517981712037 ], [ -80.005269855284439, 40.460563645688914 ], [ -80.005316448294593, 40.460601893299248 ], [ -80.005391993272568, 40.460682116369384 ], [ -80.005485620424835, 40.460778843802878 ], [ -80.005555330842995, 40.460851759181899 ], [ -80.00564867934915, 40.460932771601065 ], [ -80.005731518387037, 40.461053145708121 ], [ -80.005805126808212, 40.461374451603824 ], [ -80.005899595766152, 40.461670229354866 ], [ -80.00640599442977, 40.46158159077406 ], [ -80.006489861093669, 40.461843225454743 ], [ -80.005641994761888, 40.462010137932275 ], [ -80.005561461065071, 40.462007173460741 ], [ -80.005720235972248, 40.462505295873164 ], [ -80.006923355240303, 40.462287831413192 ], [ -80.006966924796231, 40.46228483755015 ], [ -80.007012624263339, 40.462281696681174 ], [ -80.006968854615437, 40.462502640370211 ], [ -80.006963439146048, 40.462623364707078 ], [ -80.006992236270577, 40.462675884006174 ], [ -80.007032025962019, 40.462687623917972 ], [ -80.007075327457599, 40.462700400624385 ], [ -80.007117930855642, 40.462694433757335 ], [ -80.007176785496966, 40.462686190137234 ], [ -80.007183896813871, 40.462749945176995 ], [ -80.008003521426971, 40.465202778055193 ], [ -80.008010961124796, 40.465216248609927 ], [ -80.006960734383796, 40.465285734890358 ], [ -80.001235672776474, 40.465677731162096 ], [ -80.001092749737623, 40.464897797834055 ], [ -80.00103028826878, 40.464556940533257 ], [ -80.000963299870477, 40.464468787920765 ], [ -80.000685969992986, 40.463727153084328 ], [ -80.000730400197725, 40.462443964898625 ], [ -80.000898211946875, 40.462063085844633 ], [ -80.001022377662281, 40.461586388729742 ], [ -80.000999381616779, 40.461401575696044 ], [ -80.000980246951229, 40.46106159517646 ], [ -80.000981796983126, 40.460274001122137 ], [ -80.000975335565244, 40.459530799647709 ], [ -80.000914807829389, 40.459213153352714 ], [ -80.0006430257056, 40.458430313898141 ], [ -80.000264665634617, 40.458478560363361 ] ] ] } },
{ "type": "Feature", "properties": { "Ward": 12, "District": 6, "Muni_War_1": "Pittsburgh Ward 12 Dist 6", "Gainey_2021_Total": 33, "Gainey_2025_Total": 31, "OConnor_2025_Total": 10, "Peduto_2021_Total": 12 }, "geometry": { "type": "Polygon", "coordinates": [ [ [ -79.906195106479842, 40.463731773312347 ], [ -79.90580710607081, 40.463142553515951 ], [ -79.905658453434995, 40.46271830715601 ], [ -79.905643393526077, 40.46258297545463 ], [ -79.906637301153978, 40.462057963219259 ], [ -79.907922202635291, 40.461599889331083 ], [ -79.908516254877682, 40.462919570216407 ], [ -79.910429646470419, 40.464588029784075 ], [ -79.911381673401479, 40.463950453719491 ], [ -79.91335314124521, 40.465731129682403 ], [ -79.910195784072783, 40.466966390453727 ], [ -79.908741132291425, 40.467391008065661 ], [ -79.906195106479842, 40.463731773312347 ] ] ] } },
{ "type": "Feature", "properties": { "Ward": 12, "District": 15, "Muni_War_1": "Pittsburgh Ward 12 Dist 15", "Gainey_2021_Total": 150, "Gainey_2025_Total": 168, "OConnor_2025_Total": 16, "Peduto_2021_Total": 33 }, "geometry": { "type": "Polygon", "coordinates": [ [ [ -79.889041442255007, 40.466513118308654 ], [ -79.889286471014543, 40.465373103327188 ], [ -79.889337844364192, 40.46512823451171 ], [ -79.889515977438833, 40.464219834075159 ], [ -79.89001644896031, 40.461902651354528 ], [ -79.890028385789904, 40.461838608840523 ], [ -79.889981334542867, 40.461825913998936 ], [ -79.889981587563369, 40.461743345625415 ], [ -79.889993483749819, 40.461679285848724 ], [ -79.890828769628826, 40.461875462335151 ], [ -79.892701745103935, 40.462315325866051 ], [ -79.893444179617504, 40.462473157493569 ], [ -79.894351460865096, 40.462572510859324 ], [ -79.894351595035928, 40.462572538999346 ], [ -79.894533604071327, 40.462611295333566 ], [ -79.896196826517624, 40.46403541163977 ], [ -79.897555635913321, 40.464342675026217 ], [ -79.897345992281146, 40.464744623579733 ], [ -79.89665681831552, 40.465173668939009 ], [ -79.896104522868328, 40.467489275670886 ], [ -79.895489318750265, 40.466614231837113 ], [ -79.892028026681089, 40.466207468788227 ], [ -79.891846770718971, 40.46614239685897 ], [ -79.891556202742592, 40.465959688184675 ], [ -79.890915991616851, 40.465441702355186 ], [ -79.890923212861338, 40.4663789121199 ], [ -79.890850697005192, 40.4664162069894 ], [ -79.89007991563345, 40.466456220860515 ], [ -79.890093099923035, 40.467140708642262 ], [ -79.889949490295152, 40.467118654074845 ], [ -79.889041442255007, 40.466513118308654 ] ] ] } },
{ "type": "Feature", "properties": { "Ward": 12, "District": 3, "Muni_War_1": "Pittsburgh Ward 12 Dist 3", "Gainey_2021_Total": 31, "Gainey_2025_Total": 34, "OConnor_2025_Total": 1, "Peduto_2021_Total": 6 }, "geometry": { "type": "Polygon", "coordinates": [ [ [ -79.914507688871097, 40.465271218404119 ], [ -79.917393883198415, 40.463453746140004 ], [ -79.917700655460138, 40.463722565721071 ], [ -79.918190355087447, 40.464181970029152 ], [ -79.918688772928462, 40.464573224839661 ], [ -79.918938385584795, 40.46471855408732 ], [ -79.918782438896798, 40.464850491387303 ], [ -79.918624902382078, 40.465192833236863 ], [ -79.918660859714322, 40.465478236116233 ], [ -79.918700340662042, 40.465799329620531 ], [ -79.918992716537616, 40.465901330793194 ], [ -79.919228235215158, 40.465989832210767 ], [ -79.918967518822399, 40.466159168005497 ], [ -79.91746113072557, 40.466699820076265 ], [ -79.915963504902123, 40.46702812763882 ], [ -79.915679537244245, 40.46644479877579 ], [ -79.914507688871097, 40.465271218404119 ] ] ] } },
{ "type": "Feature", "properties": { "Ward": 25, "District": 6, "Muni_War_1": "Pittsburgh Ward 25 Dist 6", "Gainey_2021_Total": 30, "Gainey_2025_Total": 34, "OConnor_2025_Total": 22, "Peduto_2021_Total": 17 }, "geometry": { "type": "Polygon", "coordinates": [ [ [ -80.004912659991916, 40.460486265874529 ], [ -80.00857808869506, 40.460035957005438 ], [ -80.008755207632021, 40.461190408645308 ], [ -80.008057338317869, 40.462043474878108 ], [ -80.00801317889551, 40.462053750769662 ], [ -80.007963112963836, 40.462075236339217 ], [ -80.007615414452488, 40.462224449233631 ], [ -80.008005578879263, 40.463375689021348 ], [ -80.009935943268857, 40.463064255034986 ], [ -80.009563472613294, 40.461953573336338 ], [ -80.009992656439891, 40.461868228269125 ], [ -80.009993461371309, 40.461868068391233 ], [ -80.010486228068089, 40.461796600503192 ], [ -80.010983484334218, 40.463380588749615 ], [ -80.010982571787153, 40.46344311410575 ], [ -80.012894039847168, 40.463080458064326 ], [ -80.013075477438292, 40.463528482068277 ], [ -80.012296090051677, 40.463674948053153 ], [ -80.012661422667563, 40.46478924509141 ], [ -80.011415667868292, 40.464849599323315 ], [ -80.010043235060905, 40.465099614883201 ], [ -80.008898578130157, 40.465157513040303 ], [ -80.008010961124796, 40.465216248609927 ], [ -80.008003521426971, 40.465202778055193 ], [ -80.007183896813871, 40.462749945176995 ], [ -80.007176785496966, 40.462686190137234 ], [ -80.007117930855642, 40.462694433757335 ], [ -80.007075327457599, 40.462700400624385 ], [ -80.007032025962019, 40.462687623917972 ], [ -80.006992236270577, 40.462675884006174 ], [ -80.006963439146048, 40.462623364707078 ], [ -80.006968854615437, 40.462502640370211 ], [ -80.007012624263339, 40.462281696681174 ], [ -80.006966924796231, 40.46228483755015 ], [ -80.006923355240303, 40.462287831413192 ], [ -80.005720235972248, 40.462505295873164 ], [ -80.005561461065071, 40.462007173460741 ], [ -80.005641994761888, 40.462010137932275 ], [ -80.006489861093669, 40.461843225454743 ], [ -80.00640599442977, 40.46158159077406 ], [ -80.005899595766152, 40.461670229354866 ], [ -80.005805126808212, 40.461374451603824 ], [ -80.005731518387037, 40.461053145708121 ], [ -80.00564867934915, 40.460932771601065 ], [ -80.005555330842995, 40.460851759181899 ], [ -80.005485620424835, 40.460778843802878 ], [ -80.005391993272568, 40.460682116369384 ], [ -80.005316448294593, 40.460601893299248 ], [ -80.005269855284439, 40.460563645688914 ], [ -80.005140254537054, 40.460517981712037 ], [ -80.005058924949324, 40.46050149585664 ], [ -80.004987634963214, 40.460490836462455 ], [ -80.004912659991916, 40.460486265874529 ] ] ] } },
{ "type": "Feature", "properties": { "Ward": 20, "District": 12, "Muni_War_1": "Pittsburgh Ward 20 Dist 12", "Gainey_2021_Total": 71, "Gainey_2025_Total": 99, "OConnor_2025_Total": 104, "Peduto_2021_Total": 86 }, "geometry": { "type": "Polygon", "coordinates": [ [ [ -80.057140739285913, 40.463756319408105 ], [ -80.056843590960511, 40.463404781378145 ], [ -80.055163904503146, 40.460726784188623 ], [ -80.06000086060159, 40.459044823737322 ], [ -80.059513172503571, 40.458821739546792 ], [ -80.059266347516541, 40.458729813285736 ], [ -80.059167157495139, 40.458679643120021 ], [ -80.058984380487175, 40.458464211718969 ], [ -80.058725333466185, 40.458105675061915 ], [ -80.058631331767444, 40.457827626320615 ], [ -80.058615609507868, 40.457697609091774 ], [ -80.058596730492113, 40.457541488478505 ], [ -80.058565548822699, 40.457167670493114 ], [ -80.058461658109209, 40.456756430222057 ], [ -80.057198660678438, 40.455485827398221 ], [ -80.056450937720911, 40.455905603590523 ], [ -80.055619568375946, 40.455022386436916 ], [ -80.056084397013421, 40.454989257499626 ], [ -80.056023760190101, 40.454700857394165 ], [ -80.056463400561725, 40.453431962237431 ], [ -80.057400265931861, 40.453590202529796 ], [ -80.058722488777718, 40.453193976236655 ], [ -80.060089482686692, 40.452310165918298 ], [ -80.060536800838463, 40.452020950741733 ], [ -80.064699668773486, 40.45591859009248 ], [ -80.065501548658958, 40.456681060326588 ], [ -80.066178853329291, 40.457227651942311 ], [ -80.06656141009384, 40.457516001434399 ], [ -80.065455238467294, 40.461868711426177 ], [ -80.065434726540545, 40.462005068088104 ], [ -80.064496145123371, 40.462454118065629 ], [ -80.064093328680144, 40.462628054366014 ], [ -80.064003066687036, 40.462667029443587 ], [ -80.063398347520931, 40.462816484329394 ], [ -80.062913673830437, 40.46304606581856 ], [ -80.06171344135943, 40.463614579556413 ], [ -80.06142655352663, 40.463820619956607 ], [ -80.060997471279407, 40.464084664048599 ], [ -80.060835395728944, 40.464184400487738 ], [ -80.060746384406215, 40.464198853571503 ], [ -80.06010831716128, 40.464145874696513 ], [ -80.059828915651963, 40.464064302931924 ], [ -80.059433138412246, 40.46392291652333 ], [ -80.058970732927577, 40.463662011322583 ], [ -80.058488733684953, 40.463448450106441 ], [ -80.058485053234335, 40.463446819118552 ], [ -80.058477100396829, 40.463446422087856 ], [ -80.058245598031377, 40.46343488389337 ], [ -80.05813398216894, 40.463429319887197 ], [ -80.058034172676528, 40.463451173815443 ], [ -80.057795185301529, 40.463503502429631 ], [ -80.057141241024311, 40.463756125612335 ], [ -80.057140739285913, 40.463756319408105 ] ] ] } },
{ "type": "Feature", "properties": { "Ward": 9, "District": 9, "Muni_War_1": "Pittsburgh Ward 9 Dist 9", "Gainey_2021_Total": 109, "Gainey_2025_Total": 85, "OConnor_2025_Total": 49, "Peduto_2021_Total": 28 }, "geometry": { "type": "Polygon", "coordinates": [ [ [ -79.948068519011684, 40.465697904548648 ], [ -79.94838824231006, 40.464412041982385 ], [ -79.949875196301321, 40.462095902882524 ], [ -79.950884140750375, 40.462636217007365 ], [ -79.95181179278282, 40.463145747093314 ], [ -79.95042365314832, 40.464585856244042 ], [ -79.95213384700881, 40.465799936568672 ], [ -79.95220795389659, 40.465901593592328 ], [ -79.952281437439083, 40.466002395814989 ], [ -79.952271482873229, 40.46608844316831 ], [ -79.951700810250529, 40.46617403082589 ], [ -79.948068519011684, 40.465697904548648 ] ] ] } },
{ "type": "Feature", "properties": { "Ward": 9, "District": 8, "Muni_War_1": "Pittsburgh Ward 9 Dist 8", "Gainey_2021_Total": 125, "Gainey_2025_Total": 106, "OConnor_2025_Total": 82, "Peduto_2021_Total": 55 }, "geometry": { "type": "Polygon", "coordinates": [ [ [ -79.95181179278282, 40.463145747093314 ], [ -79.952446477344282, 40.463493242697261 ], [ -79.952825925545142, 40.463614419128184 ], [ -79.953693934123123, 40.462775774287906 ], [ -79.953876871168305, 40.462880897666523 ], [ -79.954562015439805, 40.462807509621307 ], [ -79.955360983070321, 40.462270990496762 ], [ -79.956061681899868, 40.46147200456538 ], [ -79.956181485839252, 40.461555229169264 ], [ -79.957625270724876, 40.462326539191316 ], [ -79.95716584653816, 40.462427807663062 ], [ -79.957961292282917, 40.465182309067337 ], [ -79.955184043491457, 40.465651579247663 ], [ -79.952271482873229, 40.46608844316831 ], [ -79.952281437439083, 40.466002395814989 ], [ -79.95220795389659, 40.465901593592328 ], [ -79.95213384700881, 40.465799936568672 ], [ -79.95042365314832, 40.464585856244042 ], [ -79.95181179278282, 40.463145747093314 ] ] ] } },
{ "type": "Feature", "properties": { "Ward": 25, "District": 5, "Muni_War_1": "Pittsburgh Ward 25 Dist 5", "Gainey_2021_Total": 46, "Gainey_2025_Total": 56, "OConnor_2025_Total": 23, "Peduto_2021_Total": 26 }, "geometry": { "type": "Polygon", "coordinates": [ [ [ -80.012661422667563, 40.46478924509141 ], [ -80.012296090051677, 40.463674948053153 ], [ -80.013075477438292, 40.463528482068277 ], [ -80.012894039847168, 40.463080458064326 ], [ -80.010982571787153, 40.46344311410575 ], [ -80.010983484334218, 40.463380588749615 ], [ -80.010486228068089, 40.461796600503192 ], [ -80.009993461371309, 40.461868068391233 ], [ -80.009992656439891, 40.461868228269125 ], [ -80.009901131219522, 40.461575068874666 ], [ -80.010015948102051, 40.461566776512434 ], [ -80.00990291968877, 40.460907651694995 ], [ -80.01031437321187, 40.460363153803002 ], [ -80.010718386616162, 40.46034645854423 ], [ -80.010711217774542, 40.4603244614338 ], [ -80.011278133084303, 40.46038613656885 ], [ -80.011688309380276, 40.460351339396851 ], [ -80.012099516226215, 40.460387678405475 ], [ -80.012162866320566, 40.460387545830045 ], [ -80.012742281237237, 40.460403072057758 ], [ -80.012757278143681, 40.460584678811784 ], [ -80.012848218743329, 40.460575081649658 ], [ -80.013073429103656, 40.460574450985447 ], [ -80.013369885810647, 40.460588965922234 ], [ -80.013490719821874, 40.460604617464732 ], [ -80.013548412880397, 40.460612090232701 ], [ -80.013593316315692, 40.460633730226085 ], [ -80.013638405380874, 40.460677309311059 ], [ -80.013652440952356, 40.460730901695243 ], [ -80.013660187198496, 40.460760478152125 ], [ -80.013652775875912, 40.460797522447649 ], [ -80.013617353145548, 40.460974570660824 ], [ -80.013647638054408, 40.460995942863491 ], [ -80.013722358693471, 40.461031898560876 ], [ -80.014851618275827, 40.460936379817909 ], [ -80.015904661979292, 40.460733699581859 ], [ -80.015949209625362, 40.46073833611667 ], [ -80.015994447831616, 40.460802452377081 ], [ -80.016106337525756, 40.460987833157006 ], [ -80.016275607647088, 40.461268279540285 ], [ -80.016548549754916, 40.461644279988292 ], [ -80.016870405292892, 40.462081412945039 ], [ -80.017453372265734, 40.462656124917736 ], [ -80.016770518173786, 40.463049210660962 ], [ -80.0159848208597, 40.463559455155021 ], [ -80.016011973157489, 40.463574665790603 ], [ -80.016278997069591, 40.463830485601498 ], [ -80.016348730360676, 40.463911214819397 ], [ -80.016505348813496, 40.464074505264563 ], [ -80.016722943558662, 40.46400015923696 ], [ -80.017753936269969, 40.463594694570673 ], [ -80.017802333893968, 40.463624807490149 ], [ -80.018324075309437, 40.463528078057365 ], [ -80.018431529279354, 40.463859464877224 ], [ -80.018470763080813, 40.463938713033343 ], [ -80.018466909160907, 40.463995220756551 ], [ -80.018470576324617, 40.464009073712745 ], [ -80.018569248237995, 40.464381770575301 ], [ -80.018583508596507, 40.464413294527567 ], [ -80.018038822158161, 40.464496539441718 ], [ -80.01396175098705, 40.464819724478446 ], [ -80.012661422667563, 40.46478924509141 ] ] ] } },
{ "type": "Feature", "properties": { "Ward": 12, "District": 7, "Muni_War_1": "Pittsburgh Ward 12 Dist 7", "Gainey_2021_Total": 45, "Gainey_2025_Total": 50, "OConnor_2025_Total": 13, "Peduto_2021_Total": 7 }, "geometry": { "type": "Polygon", "coordinates": [ [ [ -79.902775360226713, 40.466375568364612 ], [ -79.899600038958425, 40.464500327964139 ], [ -79.898983038085234, 40.464665726798096 ], [ -79.898707395171968, 40.464603344398498 ], [ -79.899281661278394, 40.463149407057941 ], [ -79.899304490916776, 40.463154448958768 ], [ -79.900540374571207, 40.463439937896389 ], [ -79.901707105855735, 40.462427965953324 ], [ -79.903111208082663, 40.46154065965586 ], [ -79.903537762931464, 40.461257159355107 ], [ -79.904051044160582, 40.460902309059961 ], [ -79.904275869156265, 40.460854099208611 ], [ -79.904680874111875, 40.460831064126594 ], [ -79.906302314245195, 40.461017355630169 ], [ -79.905791425840022, 40.461785431368931 ], [ -79.90567610368015, 40.462043628619348 ], [ -79.905617643351974, 40.462351561778789 ], [ -79.905643393526077, 40.46258297545463 ], [ -79.905658453434995, 40.46271830715601 ], [ -79.90580710607081, 40.463142553515951 ], [ -79.906195106479842, 40.463731773312347 ], [ -79.903216597752262, 40.466627332951532 ], [ -79.902775360226713, 40.466375568364612 ] ] ] } },
{ "type": "Feature", "properties": { "Ward": 25, "District": 4, "Muni_War_1": "Pittsburgh Ward 25 Dist 4", "Gainey_2021_Total": 48, "Gainey_2025_Total": 55, "OConnor_2025_Total": 19, "Peduto_2021_Total": 16 }, "geometry": { "type": "Polygon", "coordinates": [ [ [ -80.018431529279354, 40.463859464877224 ], [ -80.018324075309437, 40.463528078057365 ], [ -80.017802333893968, 40.463624807490149 ], [ -80.017753936269969, 40.463594694570673 ], [ -80.016722943558662, 40.46400015923696 ], [ -80.016505348813496, 40.464074505264563 ], [ -80.016348730360676, 40.463911214819397 ], [ -80.016278997069591, 40.463830485601498 ], [ -80.016011973157489, 40.463574665790603 ], [ -80.0159848208597, 40.463559455155021 ], [ -80.016770518173786, 40.463049210660962 ], [ -80.017453372265734, 40.462656124917736 ], [ -80.016870405292892, 40.462081412945039 ], [ -80.016548549754916, 40.461644279988292 ], [ -80.016275607647088, 40.461268279540285 ], [ -80.016106337525756, 40.460987833157006 ], [ -80.015994447831616, 40.460802452377081 ], [ -80.015949209625362, 40.46073833611667 ], [ -80.015904661979292, 40.460733699581859 ], [ -80.014851618275827, 40.460936379817909 ], [ -80.013722358693471, 40.461031898560876 ], [ -80.013802003167555, 40.460776740982794 ], [ -80.013801442802205, 40.460637353323079 ], [ -80.013783354324346, 40.460593029307596 ], [ -80.013720079456988, 40.460519162074441 ], [ -80.013601497340318, 40.460454147977153 ], [ -80.013411065433331, 40.460393105482019 ], [ -80.013279223258735, 40.46035992566307 ], [ -80.012892283381191, 40.460258053307236 ], [ -80.013011728656707, 40.460199618002974 ], [ -80.015449032634535, 40.459736108315461 ], [ -80.015305547148714, 40.459302463344621 ], [ -80.014463667887981, 40.459464582972203 ], [ -80.014419316986377, 40.459459314114326 ], [ -80.014193950024008, 40.458798737379411 ], [ -80.014073256782581, 40.458821406438219 ], [ -80.015084457152199, 40.458628905532343 ], [ -80.014894046502747, 40.458047220708387 ], [ -80.01592109212892, 40.457850041436927 ], [ -80.016315696855116, 40.459048708814386 ], [ -80.016371109904696, 40.459206415293536 ], [ -80.016442624079119, 40.459293599460764 ], [ -80.017948083297924, 40.460174796858134 ], [ -80.017592287932118, 40.459202973800288 ], [ -80.017122078774307, 40.457760074167169 ], [ -80.017815327715923, 40.457639470714405 ], [ -80.017579945113724, 40.456922451585044 ], [ -80.017502545664769, 40.456201994102415 ], [ -80.017448877570018, 40.455702430331904 ], [ -80.017344313952222, 40.455722016314041 ], [ -80.019751529192348, 40.455267715375356 ], [ -80.020108814466326, 40.455200281857373 ], [ -80.020404396036326, 40.456121790071144 ], [ -80.020444975772605, 40.456248300328873 ], [ -80.02130871131169, 40.458846829734817 ], [ -80.021880438042913, 40.460320051432369 ], [ -80.022707115567371, 40.463782989268651 ], [ -80.018583508596507, 40.464413294527567 ], [ -80.018569248237995, 40.464381770575301 ], [ -80.018470576324617, 40.464009073712745 ], [ -80.018466909160907, 40.463995220756551 ], [ -80.018470763080813, 40.463938713033343 ], [ -80.018431529279354, 40.463859464877224 ] ] ] } },
{ "type": "Feature", "properties": { "Ward": 8, "District": 6, "Muni_War_1": "Pittsburgh Ward 8 Dist 6", "Gainey_2021_Total": 70, "Gainey_2025_Total": 67, "OConnor_2025_Total": 66, "Peduto_2021_Total": 34 }, "geometry": { "type": "Polygon", "coordinates": [ [ [ -79.946446195348912, 40.46546646111878 ], [ -79.946846969033885, 40.462460754082919 ], [ -79.947093004438656, 40.460615406659159 ], [ -79.948480267666582, 40.46134885499562 ], [ -79.949875196301321, 40.462095902882524 ], [ -79.94838824231006, 40.464412041982385 ], [ -79.948068519011684, 40.465697904548648 ], [ -79.946446195348912, 40.46546646111878 ] ] ] } },
{ "type": "Feature", "properties": { "Ward": 11, "District": 3, "Muni_War_1": "Pittsburgh Ward 11 Dist 3", "Gainey_2021_Total": 88, "Gainey_2025_Total": 95, "OConnor_2025_Total": 20, "Peduto_2021_Total": 13 }, "geometry": { "type": "Polygon", "coordinates": [ [ [ -79.92598255474644, 40.46559237977052 ], [ -79.927240320520852, 40.463494627553494 ], [ -79.921359776634915, 40.461402753519046 ], [ -79.921362581832298, 40.46140079191084 ], [ -79.919709099414703, 40.460805675639584 ], [ -79.918611466608724, 40.46050691493749 ], [ -79.918141582653874, 40.460534710282246 ], [ -79.918162068558743, 40.460453623755924 ], [ -79.91851753391019, 40.459569938184956 ], [ -79.919334058799777, 40.458802137306179 ], [ -79.920830322087326, 40.459805786489213 ], [ -79.921231648178733, 40.460084181781198 ], [ -79.922276388482786, 40.460512253197081 ], [ -79.922722558866596, 40.460655959502859 ], [ -79.924807963770036, 40.461463716953851 ], [ -79.930673056450786, 40.4634932490426 ], [ -79.930073924166635, 40.464504727602481 ], [ -79.929400556045621, 40.465610935482026 ], [ -79.927540991937164, 40.464943218856604 ], [ -79.926929438586058, 40.465935059705515 ], [ -79.92598255474644, 40.46559237977052 ] ] ] } },
{ "type": "Feature", "properties": { "Ward": 20, "District": 13, "Muni_War_1": "Pittsburgh Ward 20 Dist 13", "Gainey_2021_Total": 72, "Gainey_2025_Total": 97, "OConnor_2025_Total": 27, "Peduto_2021_Total": 56 }, "geometry": { "type": "Polygon", "coordinates": [ [ [ -80.065434726540545, 40.462005068088104 ], [ -80.065455238467294, 40.461868711426177 ], [ -80.06656141009384, 40.457516001434399 ], [ -80.066561461041687, 40.457515802216427 ], [ -80.067473442348359, 40.457175876886261 ], [ -80.067122520225539, 40.456845701850511 ], [ -80.067107774812115, 40.456021131486459 ], [ -80.072156843876542, 40.453275571578132 ], [ -80.072136896195772, 40.453580618797524 ], [ -80.072073396827392, 40.453741673151114 ], [ -80.072016728109844, 40.453885400216002 ], [ -80.071959731619543, 40.454161159366748 ], [ -80.072069780527698, 40.454465318275886 ], [ -80.072237481354435, 40.454754040450723 ], [ -80.07242714197919, 40.455035359020634 ], [ -80.072696098115216, 40.455284736216896 ], [ -80.072881206165505, 40.455439081269006 ], [ -80.07292696161926, 40.45550823346548 ], [ -80.072985197162112, 40.455843057063177 ], [ -80.073208767388877, 40.457670569604751 ], [ -80.073236758324853, 40.458287968923905 ], [ -80.073215163493032, 40.461251402320883 ], [ -80.073517933515873, 40.461357001742336 ], [ -80.074025994582001, 40.461576059011385 ], [ -80.074666219474366, 40.461990716532711 ], [ -80.075219359872662, 40.462428876351218 ], [ -80.074320617513507, 40.463046133789462 ], [ -80.074224132139435, 40.463115615797236 ], [ -80.072448228180491, 40.461481091992475 ], [ -80.072332216613574, 40.461374311701242 ], [ -80.072219359798396, 40.461343036863298 ], [ -80.071890167829551, 40.461251811588312 ], [ -80.071075495993469, 40.461105326159625 ], [ -80.069530053300412, 40.460827423969342 ], [ -80.069241113578698, 40.460812240696335 ], [ -80.068860242176328, 40.460792225331531 ], [ -80.068707641318738, 40.460784206419092 ], [ -80.068551381943237, 40.460787340795584 ], [ -80.068166341924467, 40.460890104133654 ], [ -80.067755545112504, 40.460999740234598 ], [ -80.067264110961673, 40.46117186484507 ], [ -80.066903626266551, 40.461298122445974 ], [ -80.065573155145515, 40.461938837103951 ], [ -80.065434726540545, 40.462005068088104 ] ] ] } },
{ "type": "Feature", "properties": { "Ward": 8, "District": 10, "Muni_War_1": "Pittsburgh Ward 8 Dist 10", "Gainey_2021_Total": 117, "Gainey_2025_Total": 129, "OConnor_2025_Total": 70, "Peduto_2021_Total": 53 }, "geometry": { "type": "Polygon", "coordinates": [ [ [ -79.942855327725098, 40.464978784045023 ], [ -79.942857775541853, 40.464967913761498 ], [ -79.943218173073674, 40.462342239145258 ], [ -79.944480766407494, 40.462448532801403 ], [ -79.944510714347473, 40.462261091192318 ], [ -79.946846969033885, 40.462460754082919 ], [ -79.946446195348912, 40.46546646111878 ], [ -79.942855327725098, 40.464978784045023 ] ] ] } },
{ "type": "Feature", "properties": { "Ward": 6, "District": 3, "Muni_War_1": "Pittsburgh Ward 6 Dist 3", "Gainey_2021_Total": 107, "Gainey_2025_Total": 94, "OConnor_2025_Total": 100, "Peduto_2021_Total": 58 }, "geometry": { "type": "Polygon", "coordinates": [ [ [ -79.956061681899868, 40.46147200456538 ], [ -79.956938116649425, 40.460728188159251 ], [ -79.957186269427368, 40.460777916468508 ], [ -79.957694542083118, 40.460842626276516 ], [ -79.957963696193858, 40.460828142597514 ], [ -79.959371585817891, 40.460635127565325 ], [ -79.960089910444111, 40.460511075701042 ], [ -79.960353227999363, 40.460465599197626 ], [ -79.960495932104465, 40.460978760647535 ], [ -79.960620925859516, 40.461366536569628 ], [ -79.961140614090937, 40.463321700423961 ], [ -79.962058574489618, 40.463162498573439 ], [ -79.964098206603964, 40.462979956903567 ], [ -79.96413550438443, 40.463281308691172 ], [ -79.963255309022358, 40.464043955999429 ], [ -79.963310377424605, 40.464278252209382 ], [ -79.957961292282917, 40.465182309067337 ], [ -79.95716584653816, 40.462427807663062 ], [ -79.957625270724876, 40.462326539191316 ], [ -79.956181485839252, 40.461555229169264 ], [ -79.956061681899868, 40.46147200456538 ] ] ] } },
{ "type": "Feature", "properties": { "Ward": 21, "District": 1, "Muni_War_1": "Pittsburgh Ward 21 Dist 1", "Gainey_2021_Total": 54, "Gainey_2025_Total": 71, "OConnor_2025_Total": 32, "Peduto_2021_Total": 35 }, "geometry": { "type": "Polygon", "coordinates": [ [ [ -80.020444975772605, 40.456248300328873 ], [ -80.020404396036326, 40.456121790071144 ], [ -80.022746317792723, 40.455689779084594 ], [ -80.023312613949926, 40.457460241582069 ], [ -80.023501355606086, 40.458050299811902 ], [ -80.023528966891902, 40.458136620799131 ], [ -80.02371642509749, 40.458278955878768 ], [ -80.023846738151263, 40.458345935236743 ], [ -80.029452812076869, 40.457344074015531 ], [ -80.03060570648833, 40.460931732023617 ], [ -80.03201610317825, 40.46203154183015 ], [ -80.031799885281941, 40.462071255421392 ], [ -80.031343083279424, 40.4621508586633 ], [ -80.030951131872854, 40.462223923784542 ], [ -80.030719595348415, 40.462263683550383 ], [ -80.030647035668153, 40.462276250983329 ], [ -80.030520331383329, 40.462289457754963 ], [ -80.030363913337894, 40.462328395146756 ], [ -80.030251099339367, 40.462348466212177 ], [ -80.030132195225335, 40.46238774613532 ], [ -80.030083676211049, 40.462390918444164 ], [ -80.029971088146581, 40.462398280504139 ], [ -80.02801098561639, 40.462746972606496 ], [ -80.027872034071052, 40.462797281063125 ], [ -80.027827485433505, 40.462805569575629 ], [ -80.027675852124631, 40.462833781264138 ], [ -80.027599357330743, 40.462848012554268 ], [ -80.02750537165322, 40.462847113024509 ], [ -80.027450952724905, 40.46284659152473 ], [ -80.024614201037977, 40.463362952783648 ], [ -80.024558574372733, 40.463365625687963 ], [ -80.024311817509741, 40.46342871292326 ], [ -80.024181531426763, 40.463483748971953 ], [ -80.022707115567371, 40.463782989268651 ], [ -80.021880438042913, 40.460320051432369 ], [ -80.02130871131169, 40.458846829734817 ], [ -80.020444975772605, 40.456248300328873 ] ] ] } },
{ "type": "Feature", "properties": { "Ward": 8, "District": 5, "Muni_War_1": "Pittsburgh Ward 8 Dist 5", "Gainey_2021_Total": 121, "Gainey_2025_Total": 114, "OConnor_2025_Total": 102, "Peduto_2021_Total": 70 }, "geometry": { "type": "Polygon", "coordinates": [ [ [ -79.941135302806444, 40.464745144502949 ], [ -79.941213677101956, 40.464199881145419 ], [ -79.940730608072926, 40.464048233943458 ], [ -79.940991823715535, 40.462157154545785 ], [ -79.941595961907666, 40.462204394323791 ], [ -79.941911294579668, 40.459915104536755 ], [ -79.942177403510243, 40.457983046220932 ], [ -79.945956874209614, 40.460007032779345 ], [ -79.947093004438656, 40.460615406659159 ], [ -79.946846969033885, 40.462460754082919 ], [ -79.944510714347473, 40.462261091192318 ], [ -79.944480766407494, 40.462448532801403 ], [ -79.943218173073674, 40.462342239145258 ], [ -79.942857775541853, 40.464967913761498 ], [ -79.942855327725098, 40.464978784045023 ], [ -79.941135302806444, 40.464745144502949 ] ] ] } },
{ "type": "Feature", "properties": { "Ward": 24, "District": 5, "Muni_War_1": "Pittsburgh Ward 24 Dist 5", "Gainey_2021_Total": 37, "Gainey_2025_Total": 45, "OConnor_2025_Total": 66, "Peduto_2021_Total": 34 }, "geometry": { "type": "Polygon", "coordinates": [ [ [ -79.98920477178892, 40.457592852113223 ], [ -79.991304338028968, 40.456734403663013 ], [ -79.99266096897928, 40.457335632287347 ], [ -79.993700489120599, 40.457796306325633 ], [ -79.993307847617601, 40.458487820618629 ], [ -79.992378592145684, 40.459244662779298 ], [ -79.988484529890457, 40.459977260156712 ], [ -79.988378925918724, 40.459950043884533 ], [ -79.987828033141881, 40.460167423921924 ], [ -79.988063458746154, 40.460390820328051 ], [ -79.988436498771847, 40.460302453550256 ], [ -79.98850234965532, 40.460311052815833 ], [ -79.988622537436299, 40.46069640824318 ], [ -79.98810498422614, 40.460808198317054 ], [ -79.9878871746659, 40.460947564377982 ], [ -79.987849685545655, 40.46099957779613 ], [ -79.987683546762938, 40.461284061198917 ], [ -79.986989500420094, 40.462521833537394 ], [ -79.986508574050049, 40.463327263259231 ], [ -79.986007244663284, 40.463975944273983 ], [ -79.985933937772131, 40.464016946555326 ], [ -79.985628501939473, 40.46385663303311 ], [ -79.985474357317301, 40.463775726565601 ], [ -79.985299067153434, 40.463714565114792 ], [ -79.985213847528016, 40.463684830157788 ], [ -79.985090836922438, 40.463661381513006 ], [ -79.984980319076854, 40.463675181913146 ], [ -79.984853761680981, 40.463690984137223 ], [ -79.984713592784161, 40.463795335749971 ], [ -79.984360260431146, 40.464058380084253 ], [ -79.983062440504213, 40.46309511827549 ], [ -79.983433118554714, 40.462593979128862 ], [ -79.983654797904336, 40.462399628026219 ], [ -79.984965979584501, 40.461378001482259 ], [ -79.985051833366867, 40.461291337847285 ], [ -79.984737188665065, 40.460875499187495 ], [ -79.984694616028392, 40.460817631258848 ], [ -79.984659618284581, 40.460751378395067 ], [ -79.984691418291376, 40.460639726545807 ], [ -79.985145354500389, 40.460288900215538 ], [ -79.98803889326382, 40.457963555910702 ], [ -79.988163012497324, 40.457908104655161 ], [ -79.988579568486429, 40.45776008000891 ], [ -79.989018874148897, 40.457640760941125 ], [ -79.98920477178892, 40.457592852113223 ] ] ] } },
{ "type": "Feature", "properties": { "Ward": 12, "District": 4, "Muni_War_1": "Pittsburgh Ward 12 Dist 4", "Gainey_2021_Total": 73, "Gainey_2025_Total": 74, "OConnor_2025_Total": 3, "Peduto_2021_Total": 6 }, "geometry": { "type": "Polygon", "coordinates": [ [ [ -79.912302542922646, 40.463328518999084 ], [ -79.913062100234129, 40.462836143538091 ], [ -79.91249049726872, 40.462328398960963 ], [ -79.911795160672426, 40.461723506895687 ], [ -79.911260108383132, 40.461454876701112 ], [ -79.910760587638691, 40.461284300920973 ], [ -79.911036057284349, 40.460765856455346 ], [ -79.913514802500771, 40.460418737823055 ], [ -79.913762725593216, 40.460437878989239 ], [ -79.913947468415188, 40.460479926505322 ], [ -79.91515943998057, 40.460894805139297 ], [ -79.915466097646814, 40.460851059193395 ], [ -79.916279700093654, 40.460734992109224 ], [ -79.916909424109818, 40.460634882819328 ], [ -79.917135667398441, 40.460616490856232 ], [ -79.918141582653874, 40.460534710282246 ], [ -79.917405988295172, 40.463446123156977 ], [ -79.917393883198415, 40.463453746140004 ], [ -79.914507688871097, 40.465271218404119 ], [ -79.912302542922646, 40.463328518999084 ] ] ] } },
{ "type": "Feature", "properties": { "Ward": 8, "District": 8, "Muni_War_1": "Pittsburgh Ward 8 Dist 8", "Gainey_2021_Total": 143, "Gainey_2025_Total": 125, "OConnor_2025_Total": 78, "Peduto_2021_Total": 65 }, "geometry": { "type": "Polygon", "coordinates": [ [ [ -79.936440939333366, 40.464675610081756 ], [ -79.937286896228215, 40.463269016480915 ], [ -79.937623946300491, 40.46189821949153 ], [ -79.938951420262384, 40.461996480791214 ], [ -79.939271868633298, 40.459686317350616 ], [ -79.941911294579668, 40.459915104536755 ], [ -79.941595961907666, 40.462204394323791 ], [ -79.940991823715535, 40.462157154545785 ], [ -79.940730608072926, 40.464048233943458 ], [ -79.941213677101956, 40.464199881145419 ], [ -79.941135302806444, 40.464745144502949 ], [ -79.939067317902911, 40.464541355573111 ], [ -79.936440939333366, 40.464675610081756 ] ] ] } },
{ "type": "Feature", "properties": { "Ward": 25, "District": 2, "Muni_War_1": "Pittsburgh Ward 25 Dist 2", "Gainey_2021_Total": 59, "Gainey_2025_Total": 62, "OConnor_2025_Total": 65, "Peduto_2021_Total": 30 }, "geometry": { "type": "Polygon", "coordinates": [ [ [ -80.00857808869506, 40.460035957005438 ], [ -80.00851260329911, 40.459660778032109 ], [ -80.008482062094444, 40.45956793917891 ], [ -80.008449419724485, 40.459493780562198 ], [ -80.008484071773111, 40.459482497462716 ], [ -80.008615061908515, 40.459447434296365 ], [ -80.009958110509899, 40.459189895380838 ], [ -80.009367960106047, 40.457389305553512 ], [ -80.010281756641675, 40.457177762552732 ], [ -80.010302501202844, 40.457176087553698 ], [ -80.010336545299424, 40.457175951532342 ], [ -80.010342691605075, 40.457194829999125 ], [ -80.010507689562758, 40.457701643749473 ], [ -80.01143674915734, 40.457537222694434 ], [ -80.011604376225449, 40.457517242469741 ], [ -80.011692719941109, 40.45750671318347 ], [ -80.01219985464715, 40.457416011521815 ], [ -80.012561261760524, 40.458484387284706 ], [ -80.013880948779061, 40.458234144802127 ], [ -80.014073256782581, 40.458821406438219 ], [ -80.014193950024008, 40.458798737379411 ], [ -80.014419316986377, 40.459459314114326 ], [ -80.014463667887981, 40.459464582972203 ], [ -80.015305547148714, 40.459302463344621 ], [ -80.015449032634535, 40.459736108315461 ], [ -80.013011728656707, 40.460199618002974 ], [ -80.012892283381191, 40.460258053307236 ], [ -80.013279223258735, 40.46035992566307 ], [ -80.013411065433331, 40.460393105482019 ], [ -80.013601497340318, 40.460454147977153 ], [ -80.013720079456988, 40.460519162074441 ], [ -80.013783354324346, 40.460593029307596 ], [ -80.013801442802205, 40.460637353323079 ], [ -80.013802003167555, 40.460776740982794 ], [ -80.013722358693471, 40.461031898560876 ], [ -80.013647638054408, 40.460995942863491 ], [ -80.013617353145548, 40.460974570660824 ], [ -80.013652775875912, 40.460797522447649 ], [ -80.013660187198496, 40.460760478152125 ], [ -80.013652440952356, 40.460730901695243 ], [ -80.013638405380874, 40.460677309311059 ], [ -80.013593316315692, 40.460633730226085 ], [ -80.013548412880397, 40.460612090232701 ], [ -80.013490719821874, 40.460604617464732 ], [ -80.013369885810647, 40.460588965922234 ], [ -80.013073429103656, 40.460574450985447 ], [ -80.012848218743329, 40.460575081649658 ], [ -80.012757278143681, 40.460584678811784 ], [ -80.012742281237237, 40.460403072057758 ], [ -80.012162866320566, 40.460387545830045 ], [ -80.012099516226215, 40.460387678405475 ], [ -80.011688309380276, 40.460351339396851 ], [ -80.011278133084303, 40.46038613656885 ], [ -80.010711217774542, 40.4603244614338 ], [ -80.010718386616162, 40.46034645854423 ], [ -80.01031437321187, 40.460363153803002 ], [ -80.00990291968877, 40.460907651694995 ], [ -80.010015948102051, 40.461566776512434 ], [ -80.009901131219522, 40.461575068874666 ], [ -80.009992656439891, 40.461868228269125 ], [ -80.009563472613294, 40.461953573336338 ], [ -80.009935943268857, 40.463064255034986 ], [ -80.008005578879263, 40.463375689021348 ], [ -80.007615414452488, 40.462224449233631 ], [ -80.007963112963836, 40.462075236339217 ], [ -80.00801317889551, 40.462053750769662 ], [ -80.008057338317869, 40.462043474878108 ], [ -80.008755207632021, 40.461190408645308 ], [ -80.00857808869506, 40.460035957005438 ] ] ] } },
{ "type": "Feature", "properties": { "Ward": 8, "District": 12, "Muni_War_1": "Pittsburgh Ward 8 Dist 12", "Gainey_2021_Total": 128, "Gainey_2025_Total": 144, "OConnor_2025_Total": 79, "Peduto_2021_Total": 64 }, "geometry": { "type": "Polygon", "coordinates": [ [ [ -79.930673056450786, 40.4634932490426 ], [ -79.931616807150874, 40.461958915453202 ], [ -79.934087387914502, 40.462521123042386 ], [ -79.934549669169684, 40.46159345222835 ], [ -79.934613971508099, 40.461464412195696 ], [ -79.935248560640403, 40.46164448269473 ], [ -79.936302739316574, 40.461757095786758 ], [ -79.937623946300491, 40.46189821949153 ], [ -79.937286896228215, 40.463269016480915 ], [ -79.936440939333366, 40.464675610081756 ], [ -79.934517992877559, 40.464771770239132 ], [ -79.930673056450786, 40.4634932490426 ] ] ] } },
{ "type": "Feature", "properties": { "Ward": 11, "District": 15, "Muni_War_1": "Pittsburgh Ward 11 Dist 15", "Gainey_2021_Total": 62, "Gainey_2025_Total": 72, "OConnor_2025_Total": 11, "Peduto_2021_Total": 10 }, "geometry": { "type": "Polygon", "coordinates": [ [ [ -79.917393883198415, 40.463453746140004 ], [ -79.917405988295172, 40.463446123156977 ], [ -79.918141582653874, 40.460534710282246 ], [ -79.918611466608724, 40.46050691493749 ], [ -79.919709099414703, 40.460805675639584 ], [ -79.921362581832298, 40.46140079191084 ], [ -79.921359776634915, 40.461402753519046 ], [ -79.921240828847871, 40.46148592704148 ], [ -79.921112258769256, 40.461590341384046 ], [ -79.921032994445866, 40.461677981698827 ], [ -79.920967731233773, 40.461788054283481 ], [ -79.920908122169266, 40.461986138813373 ], [ -79.92085216524724, 40.462172088643513 ], [ -79.920801608157021, 40.462304417156126 ], [ -79.920630734870457, 40.462588886697766 ], [ -79.920622365263469, 40.46258920781279 ], [ -79.920574376387449, 40.462591049399812 ], [ -79.920533905813684, 40.462635635961114 ], [ -79.920406395072533, 40.462836577003756 ], [ -79.920153186837453, 40.463150835230337 ], [ -79.920020380174833, 40.463207126568918 ], [ -79.91983795097012, 40.463233532713005 ], [ -79.919668205052517, 40.463288923380915 ], [ -79.919522707937418, 40.463374067103985 ], [ -79.919393046449372, 40.463510302777962 ], [ -79.919243457370015, 40.463719540128992 ], [ -79.919123999926214, 40.463886631080214 ], [ -79.919067699075782, 40.464031616302108 ], [ -79.919069295943487, 40.464167034487367 ], [ -79.919050976738745, 40.464385709579581 ], [ -79.918993539722763, 40.464520654404325 ], [ -79.918940071753752, 40.464606615477628 ], [ -79.918938385584795, 40.46471855408732 ], [ -79.918688772928462, 40.464573224839661 ], [ -79.918190355087447, 40.464181970029152 ], [ -79.917700655460138, 40.463722565721071 ], [ -79.917393883198415, 40.463453746140004 ] ] ] } },
{ "type": "Feature", "properties": { "Ward": 12, "District": 2, "Muni_War_1": "Pittsburgh Ward 12 Dist 2", "Gainey_2021_Total": 53, "Gainey_2025_Total": 57, "OConnor_2025_Total": 9, "Peduto_2021_Total": 14 }, "geometry": { "type": "Polygon", "coordinates": [ [ [ -79.907922202635291, 40.461599889331083 ], [ -79.909461259190678, 40.461152426239622 ], [ -79.910286817094416, 40.460915007092289 ], [ -79.911036057284349, 40.460765856455346 ], [ -79.910760587638691, 40.461284300920973 ], [ -79.911260108383132, 40.461454876701112 ], [ -79.911795160672426, 40.461723506895687 ], [ -79.91249049726872, 40.462328398960963 ], [ -79.913062100234129, 40.462836143538091 ], [ -79.912302542922646, 40.463328518999084 ], [ -79.912301401992366, 40.4633275133667 ], [ -79.912241414443187, 40.463368144180798 ], [ -79.911381673401479, 40.463950453719491 ], [ -79.910429646470419, 40.464588029784075 ], [ -79.908516254877682, 40.462919570216407 ], [ -79.907922202635291, 40.461599889331083 ] ] ] } },
{ "type": "Feature", "properties": { "Ward": 8, "District": 1, "Muni_War_1": "Pittsburgh Ward 8 Dist 1", "Gainey_2021_Total": 64, "Gainey_2025_Total": 65, "OConnor_2025_Total": 52, "Peduto_2021_Total": 23 }, "geometry": { "type": "Polygon", "coordinates": [ [ [ -79.95181179278282, 40.463145747093314 ], [ -79.950884140750375, 40.462636217007365 ], [ -79.953225201148939, 40.459673734888938 ], [ -79.953401658347744, 40.459600696721843 ], [ -79.95315017042131, 40.459316404508343 ], [ -79.95456582000368, 40.458843494508791 ], [ -79.955250068145986, 40.45967028510583 ], [ -79.955399076461376, 40.459835723928066 ], [ -79.955579136178173, 40.460014949707507 ], [ -79.955658011479869, 40.460092372223826 ], [ -79.955765581912189, 40.460183024063639 ], [ -79.955934028701904, 40.460305100192762 ], [ -79.955941198098316, 40.460306750692041 ], [ -79.956133076673268, 40.460446230927374 ], [ -79.956386937346466, 40.460556055035234 ], [ -79.956526161230315, 40.460605455848913 ], [ -79.956938116649425, 40.460728188159251 ], [ -79.956061681899868, 40.46147200456538 ], [ -79.955360983070321, 40.462270990496762 ], [ -79.954562015439805, 40.462807509621307 ], [ -79.953876871168305, 40.462880897666523 ], [ -79.953693934123123, 40.462775774287906 ], [ -79.952825925545142, 40.463614419128184 ], [ -79.952446477344282, 40.463493242697261 ], [ -79.95181179278282, 40.463145747093314 ] ] ] } },
{ "type": "Feature", "properties": { "Ward": 21, "District": 4, "Muni_War_1": "Pittsburgh Ward 21 Dist 4", "Gainey_2021_Total": 85, "Gainey_2025_Total": 125, "OConnor_2025_Total": 49, "Peduto_2021_Total": 82 }, "geometry": { "type": "Polygon", "coordinates": [ [ [ -80.03201610317825, 40.46203154183015 ], [ -80.03060570648833, 40.460931732023617 ], [ -80.029452812076869, 40.457344074015531 ], [ -80.028567947697127, 40.454616126771008 ], [ -80.026638210254973, 40.454972056590378 ], [ -80.026057658590375, 40.453194037823067 ], [ -80.026024843672289, 40.453095227244695 ], [ -80.020986407968081, 40.454030766486774 ], [ -80.020696134046929, 40.453143574325566 ], [ -80.020512901315968, 40.453165587161429 ], [ -80.020294942799566, 40.453166799354484 ], [ -80.020117231698379, 40.453135982509231 ], [ -80.019849958960606, 40.453089634568215 ], [ -80.019681137856722, 40.453079001529012 ], [ -80.019504713497412, 40.453089598206525 ], [ -80.019425153321393, 40.453098980079957 ], [ -80.018312329974876, 40.449678313155495 ], [ -80.018302665610975, 40.449680124423537 ], [ -80.016192741635422, 40.442969692434914 ], [ -80.016464310351893, 40.442914887350319 ], [ -80.018913208021175, 40.443529408425583 ], [ -80.02095184504951, 40.444274918306512 ], [ -80.027377488781795, 40.446667060878454 ], [ -80.029620325925833, 40.447941997644499 ], [ -80.03158071349516, 40.449146265307967 ], [ -80.033253696209073, 40.450595882652337 ], [ -80.034942420241819, 40.452059054618886 ], [ -80.036481200654805, 40.454202717841319 ], [ -80.036535453310009, 40.45913554977141 ], [ -80.037169667825964, 40.460341036292661 ], [ -80.03284410730511, 40.461089189899965 ], [ -80.033109903447965, 40.461823838453149 ], [ -80.032883454860581, 40.461866442604467 ], [ -80.032599889987665, 40.461924825270493 ], [ -80.032389946648067, 40.461978592406162 ], [ -80.032131116303162, 40.462061637332333 ], [ -80.032067150667643, 40.46202216574153 ], [ -80.03201610317825, 40.46203154183015 ] ] ] } },
{ "type": "Feature", "properties": { "Ward": 13, "District": 4, "Muni_War_1": "Pittsburgh Ward 13 Dist 4", "Gainey_2021_Total": 51, "Gainey_2025_Total": 56, "OConnor_2025_Total": 5, "Peduto_2021_Total": 14 }, "geometry": { "type": "Polygon", "coordinates": [ [ [ -79.897555635913321, 40.464342675026217 ], [ -79.896196826517624, 40.46403541163977 ], [ -79.894533604071327, 40.462611295333566 ], [ -79.894351595035928, 40.462572538999346 ], [ -79.894548610015704, 40.462074095154222 ], [ -79.894516904861192, 40.461981412949349 ], [ -79.89472754320704, 40.461439001308499 ], [ -79.897556458012829, 40.462082439597694 ], [ -79.897541954336518, 40.461401237157446 ], [ -79.899772917315914, 40.461905581181902 ], [ -79.899281661278394, 40.463149407057941 ], [ -79.898707395171968, 40.464603344398498 ], [ -79.897555635913321, 40.464342675026217 ] ] ] } },
{ "type": "Feature", "properties": { "Ward": 8, "District": 13, "Muni_War_1": "Pittsburgh Ward 8 Dist 13", "Gainey_2021_Total": 86, "Gainey_2025_Total": 92, "OConnor_2025_Total": 29, "Peduto_2021_Total": 22 }, "geometry": { "type": "Polygon", "coordinates": [ [ [ -79.922722558866596, 40.460655959502859 ], [ -79.925042815437934, 40.459952266963491 ], [ -79.92897963363788, 40.458758160301777 ], [ -79.929471262726807, 40.459652334368393 ], [ -79.932398790976379, 40.460678389544903 ], [ -79.931616807150874, 40.461958915453202 ], [ -79.930673056450786, 40.4634932490426 ], [ -79.924807963770036, 40.461463716953851 ], [ -79.922722558866596, 40.460655959502859 ] ] ] } },
{ "type": "Feature", "properties": { "Ward": 31, "District": 4, "Muni_War_1": "Pittsburgh Ward 31 Dist 4", "Gainey_2021_Total": 15, "Gainey_2025_Total": 30, "OConnor_2025_Total": 112, "Peduto_2021_Total": 44 }, "geometry": { "type": "Polygon", "coordinates": [ [ [ -79.913389907434876, 40.369308970390392 ], [ -79.913790520987689, 40.368805899598193 ], [ -79.91395322896544, 40.36866086644045 ], [ -79.914063883138184, 40.368678208484042 ], [ -79.914135503375689, 40.368556347624889 ], [ -79.914251826004261, 40.368339793433528 ], [ -79.914307815235958, 40.368141642674715 ], [ -79.914295834445497, 40.3678338035932 ], [ -79.914258634622641, 40.367673324855588 ], [ -79.914221117958675, 40.3675956806063 ], [ -79.91410010258106, 40.367500356518207 ], [ -79.914063573836927, 40.367477755687162 ], [ -79.913857466500772, 40.367314493026029 ], [ -79.9133091860608, 40.366845390410916 ], [ -79.913157352519249, 40.366690502755326 ], [ -79.912892301450611, 40.366318829846129 ], [ -79.91231488888404, 40.36546517347854 ], [ -79.912263993569695, 40.365431837119267 ], [ -79.912218864342734, 40.365424355755422 ], [ -79.912107750888367, 40.365449543434181 ], [ -79.911959567279766, 40.365461358260482 ], [ -79.911142620377603, 40.365510641695607 ], [ -79.910389254957678, 40.364426361740556 ], [ -79.909484073223396, 40.364775851556566 ], [ -79.908667112205563, 40.363529291821621 ], [ -79.908690579829951, 40.363474481965383 ], [ -79.908710622501275, 40.363432711355053 ], [ -79.910873192459746, 40.362814300015323 ], [ -79.911389400922658, 40.363989938190194 ], [ -79.911999594229925, 40.364982203332929 ], [ -79.912217301858647, 40.364922890501958 ], [ -79.912756486374064, 40.364774521238516 ], [ -79.91278591926509, 40.36476831140417 ], [ -79.91282937302752, 40.364758496626962 ], [ -79.913295294399958, 40.36463844251324 ], [ -79.913718985746385, 40.365514550738581 ], [ -79.913729811137159, 40.365513911797578 ], [ -79.913763974137893, 40.365511893981548 ], [ -79.913830693255932, 40.365507955105755 ], [ -79.913956256112755, 40.365506590416032 ], [ -79.914018733805619, 40.365505911912415 ], [ -79.91408748431698, 40.365505164419133 ], [ -79.914200132966982, 40.365503939780851 ], [ -79.914533808879611, 40.365500317350524 ], [ -79.914947670505242, 40.365495815264829 ], [ -79.915308255415567, 40.365491894902057 ], [ -79.915500418416016, 40.365493535793732 ], [ -79.915785595394979, 40.36548670171284 ], [ -79.916600826978893, 40.365479042224585 ], [ -79.916737784104555, 40.365478325473553 ], [ -79.91750375107803, 40.365474314877304 ], [ -79.917765494179562, 40.365469971715889 ], [ -79.918009246147079, 40.365465926233419 ], [ -79.918115663422384, 40.365464521126221 ], [ -79.918154151159541, 40.36546401261392 ], [ -79.918524186171467, 40.365457338117658 ], [ -79.918656276368097, 40.365454955627293 ], [ -79.920525214367558, 40.365422305860967 ], [ -79.92067581301049, 40.36541967392359 ], [ -79.920688723538788, 40.365452068775447 ], [ -79.920832356113735, 40.365746527883417 ], [ -79.920891886290079, 40.365854160504099 ], [ -79.92106306474922, 40.366195584368235 ], [ -79.921089000510776, 40.366254835081754 ], [ -79.921253733842931, 40.366582592981317 ], [ -79.92130521108389, 40.366688846296924 ], [ -79.921463450119248, 40.367001408573721 ], [ -79.921487135881193, 40.367053042328287 ], [ -79.921660125685264, 40.367388304465926 ], [ -79.9217073548716, 40.367486980133108 ], [ -79.921861596698008, 40.367799615296761 ], [ -79.922043383743556, 40.368156191732012 ], [ -79.922057558990147, 40.36818704107246 ], [ -79.922109707311819, 40.368291231042441 ], [ -79.922284900268096, 40.368632579465974 ], [ -79.92230216172166, 40.368920221477488 ], [ -79.92230955465682, 40.369034055075765 ], [ -79.922349444382121, 40.369683634633162 ], [ -79.922350043452397, 40.369698267006903 ], [ -79.920897834027073, 40.370014415907953 ], [ -79.920778245742028, 40.370052595992121 ], [ -79.920459782296319, 40.370202770184612 ], [ -79.919461997245719, 40.369588036458772 ], [ -79.919248078508346, 40.369488527698856 ], [ -79.919166429170374, 40.369477871426753 ], [ -79.918882093447479, 40.369478635787516 ], [ -79.918205378379056, 40.369480451318346 ], [ -79.917710179339807, 40.369507118332812 ], [ -79.914236835661185, 40.369551173136273 ], [ -79.913983276543405, 40.36956106067759 ], [ -79.913389907434876, 40.369308970390392 ] ] ] } },
{ "type": "Feature", "properties": { "Ward": 20, "District": 10, "Muni_War_1": "Pittsburgh Ward 20 Dist 10", "Gainey_2021_Total": 41, "Gainey_2025_Total": 54, "OConnor_2025_Total": 57, "Peduto_2021_Total": 50 }, "geometry": { "type": "Polygon", "coordinates": [ [ [ -80.04929739136459, 40.457921190985701 ], [ -80.049283471403541, 40.457744329441397 ], [ -80.049307633845558, 40.457602117132147 ], [ -80.049486603740462, 40.456854669114591 ], [ -80.049576962904055, 40.456381431840491 ], [ -80.049683257176284, 40.456024811186303 ], [ -80.049716712148907, 40.455959813853077 ], [ -80.051199530957035, 40.457500453326965 ], [ -80.053434933198602, 40.456286421414362 ], [ -80.05292211351275, 40.455743422428732 ], [ -80.053676768983877, 40.455355023752645 ], [ -80.05593646738734, 40.457759414716797 ], [ -80.056481999900697, 40.457746728350592 ], [ -80.057011003843357, 40.457697556141113 ], [ -80.057076002411833, 40.457784899403094 ], [ -80.057215547287655, 40.458356871627252 ], [ -80.057316500266339, 40.458380650834592 ], [ -80.057605095293866, 40.458432189109182 ], [ -80.05775844137527, 40.458434586999815 ], [ -80.057987568276275, 40.458359572276578 ], [ -80.058118532706942, 40.458316695392611 ], [ -80.058335089341725, 40.458185086452538 ], [ -80.058482696061546, 40.45803729576371 ], [ -80.058549319463722, 40.457901844756478 ], [ -80.058607461018312, 40.457710185242838 ], [ -80.058615609507868, 40.457697609091774 ], [ -80.058631331767444, 40.457827626320615 ], [ -80.058725333466185, 40.458105675061915 ], [ -80.058984380487175, 40.458464211718969 ], [ -80.059167157495139, 40.458679643120021 ], [ -80.059266347516541, 40.458729813285736 ], [ -80.059513172503571, 40.458821739546792 ], [ -80.06000086060159, 40.459044823737322 ], [ -80.055163904503146, 40.460726784188623 ], [ -80.05498939061782, 40.460788093373978 ], [ -80.054718965373155, 40.460804125965275 ], [ -80.054313732929458, 40.460872872750478 ], [ -80.054179924064528, 40.460887011181839 ], [ -80.052719661778326, 40.461003180578309 ], [ -80.05233416235501, 40.461002246970544 ], [ -80.052094702307883, 40.460850766670021 ], [ -80.051808254361134, 40.460578320291454 ], [ -80.051428129794289, 40.460322043621041 ], [ -80.05112711447758, 40.460119099270734 ], [ -80.051259162334304, 40.459995350238479 ], [ -80.050446221813772, 40.459112834459368 ], [ -80.050529346419665, 40.459048934871056 ], [ -80.050440869512315, 40.458984450592816 ], [ -80.050241526033915, 40.458739225167172 ], [ -80.04929739136459, 40.457921190985701 ] ] ] } },
{ "type": "Feature", "properties": { "Ward": 8, "District": 2, "Muni_War_1": "Pittsburgh Ward 8 Dist 2", "Gainey_2021_Total": 127, "Gainey_2025_Total": 103, "OConnor_2025_Total": 87, "Peduto_2021_Total": 54 }, "geometry": { "type": "Polygon", "coordinates": [ [ [ -79.949875196301321, 40.462095902882524 ], [ -79.948480267666582, 40.46134885499562 ], [ -79.950876290565773, 40.458416354475737 ], [ -79.950414385019073, 40.458196642322051 ], [ -79.95110413261034, 40.457296268089529 ], [ -79.951374884258598, 40.457330194166119 ], [ -79.951980430131485, 40.457409350954038 ], [ -79.952397789312627, 40.457475849621694 ], [ -79.952734514568533, 40.457552663272722 ], [ -79.952991256209046, 40.457629195949245 ], [ -79.95310276863097, 40.457678577564373 ], [ -79.953300380066466, 40.457766087527027 ], [ -79.953582502720622, 40.457791600170097 ], [ -79.953708496814613, 40.457968195600785 ], [ -79.953749203820905, 40.45802525146766 ], [ -79.954134282302164, 40.458354934647033 ], [ -79.95456582000368, 40.458843494508791 ], [ -79.95315017042131, 40.459316404508343 ], [ -79.953401658347744, 40.459600696721843 ], [ -79.953225201148939, 40.459673734888938 ], [ -79.950884140750375, 40.462636217007365 ], [ -79.949875196301321, 40.462095902882524 ] ] ] } },
{ "type": "Feature", "properties": { "Ward": 12, "District": 9, "Muni_War_1": "Pittsburgh Ward 12 Dist 9", "Gainey_2021_Total": 65, "Gainey_2025_Total": 64, "OConnor_2025_Total": 5, "Peduto_2021_Total": 11 }, "geometry": { "type": "Polygon", "coordinates": [ [ [ -79.899281661278394, 40.463149407057941 ], [ -79.899772917315914, 40.461905581181902 ], [ -79.900389807018328, 40.46035276928 ], [ -79.90111502936702, 40.458489740369771 ], [ -79.901924098205697, 40.458641125201368 ], [ -79.902329008189469, 40.458473901352178 ], [ -79.903193976611036, 40.458135846456621 ], [ -79.904634085938653, 40.458107208873294 ], [ -79.907309040095782, 40.458516123601164 ], [ -79.908039273140034, 40.458674072973025 ], [ -79.908039847935783, 40.458674197369916 ], [ -79.906302314245195, 40.461017355630169 ], [ -79.904680874111875, 40.460831064126594 ], [ -79.904275869156265, 40.460854099208611 ], [ -79.904051044160582, 40.460902309059961 ], [ -79.903537762931464, 40.461257159355107 ], [ -79.903111208082663, 40.46154065965586 ], [ -79.901707105855735, 40.462427965953324 ], [ -79.900540374571207, 40.463439937896389 ], [ -79.899304490916776, 40.463154448958768 ], [ -79.899281661278394, 40.463149407057941 ] ] ] } },
{ "type": "Feature", "properties": { "Ward": 8, "District": 11, "Muni_War_1": "Pittsburgh Ward 8 Dist 11", "Gainey_2021_Total": 119, "Gainey_2025_Total": 86, "OConnor_2025_Total": 70, "Peduto_2021_Total": 33 }, "geometry": { "type": "Polygon", "coordinates": [ [ [ -79.931616807150874, 40.461958915453202 ], [ -79.932398790976379, 40.460678389544903 ], [ -79.934157527789139, 40.46130125253778 ], [ -79.935220104460399, 40.459562710994206 ], [ -79.935488943211922, 40.459330925967016 ], [ -79.935249871799357, 40.4592332495086 ], [ -79.934057291527182, 40.457261851706427 ], [ -79.936490278475375, 40.456564614777314 ], [ -79.937058298344581, 40.457675196651721 ], [ -79.936302739316574, 40.461757095786758 ], [ -79.935248560640403, 40.46164448269473 ], [ -79.934613971508099, 40.461464412195696 ], [ -79.934549669169684, 40.46159345222835 ], [ -79.934087387914502, 40.462521123042386 ], [ -79.931616807150874, 40.461958915453202 ] ] ] } },
{ "type": "Feature", "properties": { "Ward": 8, "District": 7, "Muni_War_1": "Pittsburgh Ward 8 Dist 7", "Gainey_2021_Total": 151, "Gainey_2025_Total": 136, "OConnor_2025_Total": 92, "Peduto_2021_Total": 68 }, "geometry": { "type": "Polygon", "coordinates": [ [ [ -79.937623946300491, 40.46189821949153 ], [ -79.936302739316574, 40.461757095786758 ], [ -79.937058298344581, 40.457675196651721 ], [ -79.936490278475375, 40.456564614777314 ], [ -79.938591214400475, 40.455909701014242 ], [ -79.938717323305795, 40.456098836338306 ], [ -79.942177403510243, 40.457983046220932 ], [ -79.941911294579668, 40.459915104536755 ], [ -79.939271868633298, 40.459686317350616 ], [ -79.938951420262384, 40.461996480791214 ], [ -79.937623946300491, 40.46189821949153 ] ] ] } },
{ "type": "Feature", "properties": { "Ward": 28, "District": 11, "Muni_War_1": "Pittsburgh Ward 28 Dist 11", "Gainey_2021_Total": 15, "Gainey_2025_Total": 27, "OConnor_2025_Total": 7, "Peduto_2021_Total": 8 }, "geometry": { "type": "Polygon", "coordinates": [ [ [ -80.077680487923132, 40.45345504812154 ], [ -80.077931363295207, 40.453133314202397 ], [ -80.077954300278691, 40.452912560867766 ], [ -80.077865801325544, 40.452632617038788 ], [ -80.0778488503624, 40.452431582363666 ], [ -80.077969309807429, 40.452045769623766 ], [ -80.082484310435078, 40.448277644817928 ], [ -80.08079813893049, 40.447089659138122 ], [ -80.080455785155408, 40.446888434629251 ], [ -80.079836205077555, 40.44671391276998 ], [ -80.079294767943281, 40.446572549575031 ], [ -80.078997983393322, 40.44649702658937 ], [ -80.078842404828222, 40.446473700605871 ], [ -80.078581492392928, 40.446495104021608 ], [ -80.07850139326932, 40.446496751265187 ], [ -80.077840930815228, 40.445061275699629 ], [ -80.077309434760537, 40.443906054926117 ], [ -80.076376477681066, 40.441862612766649 ], [ -80.076353015250902, 40.441807768940762 ], [ -80.076363911951304, 40.441805111739285 ], [ -80.076376244482546, 40.441802273379089 ], [ -80.076707446423143, 40.441726040482543 ], [ -80.07705127717594, 40.441646898257197 ], [ -80.077103157223732, 40.441631776045796 ], [ -80.077159308030843, 40.441613645283915 ], [ -80.077205783335089, 40.441598638174547 ], [ -80.077337399732855, 40.441556145184741 ], [ -80.077659102835497, 40.441479640458084 ], [ -80.077690569878172, 40.441470712029897 ], [ -80.077692945153586, 40.441470043464214 ], [ -80.077726627400679, 40.441460489324207 ], [ -80.077758979902683, 40.441451696193973 ], [ -80.077760476329701, 40.441451289474102 ], [ -80.077768931478531, 40.441448920958976 ], [ -80.077788013979472, 40.441443576206581 ], [ -80.077802419294585, 40.441439541884108 ], [ -80.077821681727386, 40.441434149357356 ], [ -80.077855335388364, 40.441424724583662 ], [ -80.077904903170307, 40.441410842277264 ], [ -80.07793472716709, 40.441402139672988 ], [ -80.077955897424673, 40.441395961843412 ], [ -80.077989219891833, 40.44138623469307 ], [ -80.077989344790041, 40.44138619794272 ], [ -80.078019159431818, 40.441377498207345 ], [ -80.078022802843634, 40.441376436519512 ], [ -80.078046946269012, 40.44136938796504 ], [ -80.078056253693504, 40.441366671627932 ], [ -80.07806072943815, 40.441365367044455 ], [ -80.078067602680662, 40.441363354700769 ], [ -80.078101165920273, 40.44135356681096 ], [ -80.0781228064684, 40.441347247943881 ], [ -80.078134732250149, 40.441343766236322 ], [ -80.078150813960889, 40.441339074672015 ], [ -80.078168293020482, 40.441333975673643 ], [ -80.078229389475837, 40.441316144738778 ], [ -80.078268776726645, 40.441304146666241 ], [ -80.078302138266068, 40.441293982600605 ], [ -80.078335518710489, 40.441283819946023 ], [ -80.078368889563052, 40.441273652970374 ], [ -80.078382878941383, 40.441269390017808 ], [ -80.078402261490695, 40.441263483260464 ], [ -80.07843518318181, 40.441253455946089 ], [ -80.078446884395376, 40.441249891343183 ], [ -80.07846855174094, 40.441243291689865 ], [ -80.078495062614365, 40.44123521425518 ], [ -80.078501919018507, 40.441233124746994 ], [ -80.07851091312989, 40.441230384955972 ], [ -80.078552030830409, 40.441217862726681 ], [ -80.078601754387734, 40.441202045444967 ], [ -80.078610842371774, 40.441199156006682 ], [ -80.078634914121267, 40.441191503365779 ], [ -80.078668092479802, 40.441180954595225 ], [ -80.078668135641905, 40.441180941112854 ], [ -80.078701261432585, 40.441170406905421 ], [ -80.078728219687193, 40.441161833013105 ], [ -80.078734424483457, 40.441159859324742 ], [ -80.078742026558444, 40.441157442162513 ], [ -80.078767599244841, 40.441149309696563 ], [ -80.078788114771527, 40.441142785446182 ], [ -80.078800768166502, 40.441138761978081 ], [ -80.078833934627994, 40.441128211596784 ], [ -80.078835971549253, 40.441127511087196 ], [ -80.078868462565708, 40.441116351785617 ], [ -80.078928576327272, 40.441097253791156 ], [ -80.078933074879956, 40.44109582529002 ], [ -80.078966019126554, 40.441084884753877 ], [ -80.078974239954093, 40.441082152402778 ], [ -80.078998966493302, 40.441073932433461 ], [ -80.079031908393048, 40.441062992826176 ], [ -80.079064858032879, 40.441052038638936 ], [ -80.079089180373373, 40.441043962832467 ], [ -80.079122118460276, 40.441033016068516 ], [ -80.07914616559907, 40.441025029580366 ], [ -80.079155075451425, 40.441022070715725 ], [ -80.079166372692313, 40.441018316883387 ], [ -80.079191296390164, 40.441010037042076 ], [ -80.079205073877716, 40.441005411591931 ], [ -80.079253816235735, 40.44098905163812 ], [ -80.079278295201789, 40.440980834795958 ], [ -80.079286707408045, 40.440978011177144 ], [ -80.079319593887462, 40.440966971702068 ], [ -80.079352493286322, 40.44095593105606 ], [ -80.079385390348889, 40.44094489134843 ], [ -80.079418280393128, 40.440933853574514 ], [ -80.079451171511579, 40.440922813066607 ], [ -80.079477509488484, 40.440912296544077 ], [ -80.079502513666867, 40.440902627624084 ], [ -80.079530459143015, 40.44089181471967 ], [ -80.07956491380483, 40.440878488604525 ], [ -80.07960054925266, 40.440864699034762 ], [ -80.079632923518957, 40.440852180604942 ], [ -80.079657190002067, 40.440842798594588 ], [ -80.079696693225031, 40.440827515703297 ], [ -80.079765690990357, 40.440800833649419 ], [ -80.07987055012363, 40.440769878065296 ], [ -80.079920976295966, 40.440754996486369 ], [ -80.080010487419614, 40.440728566444221 ], [ -80.080031232002156, 40.44072110221385 ], [ -80.080032344244231, 40.440720702309505 ], [ -80.080061742393497, 40.44070982574776 ], [ -80.080088587506665, 40.44069989795544 ], [ -80.080094060586632, 40.440697873180838 ], [ -80.080105723898654, 40.440693557818648 ], [ -80.080137098884435, 40.440681949483746 ], [ -80.080190690038691, 40.440656701258241 ], [ -80.080239300576608, 40.440639303896099 ], [ -80.0802441760937, 40.440637559632854 ], [ -80.080250995541462, 40.440635120313033 ], [ -80.080276720669872, 40.440625915961874 ], [ -80.080287914748709, 40.440621910043319 ], [ -80.080309253482952, 40.440614273419655 ], [ -80.080341789664232, 40.440602626295586 ], [ -80.08036340437603, 40.440594889501575 ], [ -80.080374322423793, 40.440590982834664 ], [ -80.080378680743522, 40.440589421968731 ], [ -80.080406853962756, 40.440579338488128 ], [ -80.080470856086308, 40.440556433325767 ], [ -80.080471287015683, 40.440556278689058 ], [ -80.080473419428344, 40.440510832962055 ], [ -80.080461157711909, 40.440410961287185 ], [ -80.080492468112695, 40.440342743317416 ], [ -80.080509760037572, 40.440305037804244 ], [ -80.080532446283726, 40.44025562348952 ], [ -80.080595846949336, 40.440117470860883 ], [ -80.08062109918022, 40.440062436300721 ], [ -80.080712004257649, 40.439864352247191 ], [ -80.080766710976462, 40.43974514784022 ], [ -80.080764333125671, 40.439741814718715 ], [ -80.080884494127616, 40.439779940561714 ], [ -80.081609687921841, 40.440010029365787 ], [ -80.082249004461858, 40.440193368567677 ], [ -80.08246322220441, 40.440268017887263 ], [ -80.082555441842416, 40.440300152853453 ], [ -80.082882680002129, 40.440436812844602 ], [ -80.083241119895263, 40.440824988183834 ], [ -80.083574732671082, 40.441362660410583 ], [ -80.084043408759456, 40.441857756914281 ], [ -80.084120905451485, 40.441939620549455 ], [ -80.084914539947007, 40.442092112096176 ], [ -80.085574156151864, 40.442324618833659 ], [ -80.087478611247207, 40.442803328505853 ], [ -80.088103782080097, 40.44295113835728 ], [ -80.089237118385881, 40.443333167277125 ], [ -80.090165965262656, 40.44416249347109 ], [ -80.090399296057825, 40.445410864358919 ], [ -80.090365942772721, 40.44560256102551 ], [ -80.090194748543439, 40.446159514768993 ], [ -80.09013572556168, 40.446351530228199 ], [ -80.090108069579429, 40.446579135804534 ], [ -80.09027380087916, 40.447522882808826 ], [ -80.090389798450971, 40.447764749625335 ], [ -80.090414613757829, 40.447816491341946 ], [ -80.090543793722873, 40.448085844264334 ], [ -80.090744921400116, 40.448486990580371 ], [ -80.091024191338164, 40.449050740560651 ], [ -80.090635246029592, 40.449247695411103 ], [ -80.089643061027076, 40.449750107149342 ], [ -80.089534290600909, 40.449835617286617 ], [ -80.089517364610231, 40.450427103134963 ], [ -80.089668784973924, 40.450638658905419 ], [ -80.089940365334257, 40.451018089216205 ], [ -80.09023824219139, 40.451239632171188 ], [ -80.090712563492787, 40.451420718093161 ], [ -80.091199477271957, 40.451425157533883 ], [ -80.091718515000196, 40.451276391504408 ], [ -80.092442813347915, 40.450898405832376 ], [ -80.092557753269787, 40.451293666255054 ], [ -80.092783781412564, 40.4539064206582 ], [ -80.092830550578654, 40.454804854382296 ], [ -80.092848708368521, 40.455737418427866 ], [ -80.092557902530942, 40.456524193914781 ], [ -80.09226812646402, 40.456913983161641 ], [ -80.09150327148285, 40.457546550877254 ], [ -80.090743160374544, 40.457914888152764 ], [ -80.089817575711336, 40.45815468352361 ], [ -80.088882324263537, 40.45831946335484 ], [ -80.086390639135871, 40.458740338771022 ], [ -80.08451350231212, 40.45911539556522 ], [ -80.082666412500686, 40.457719135826594 ], [ -80.080775259559772, 40.456195491570561 ], [ -80.080605824409702, 40.456140103787298 ], [ -80.080315118076157, 40.456134955301081 ], [ -80.080067824915815, 40.455716272432511 ], [ -80.079099113247494, 40.454737375157983 ], [ -80.077680487923132, 40.45345504812154 ] ] ] } },
{ "type": "Feature", "properties": { "Ward": 12, "District": 1, "Muni_War_1": "Pittsburgh Ward 12 Dist 1", "Gainey_2021_Total": 33, "Gainey_2025_Total": 29, "OConnor_2025_Total": 4, "Peduto_2021_Total": 4 }, "geometry": { "type": "Polygon", "coordinates": [ [ [ -79.906302314245195, 40.461017355630169 ], [ -79.908039847935783, 40.458674197369916 ], [ -79.908039273140034, 40.458674072973025 ], [ -79.909547265317713, 40.456691327004762 ], [ -79.912283812085022, 40.454091309775443 ], [ -79.91242361853196, 40.454037467102786 ], [ -79.919334058799777, 40.458802137306179 ], [ -79.91851753391019, 40.459569938184956 ], [ -79.918162068558743, 40.460453623755924 ], [ -79.918141582653874, 40.460534710282246 ], [ -79.917135667398441, 40.460616490856232 ], [ -79.916909424109818, 40.460634882819328 ], [ -79.916279700093654, 40.460734992109224 ], [ -79.915466097646814, 40.460851059193395 ], [ -79.91515943998057, 40.460894805139297 ], [ -79.913947468415188, 40.460479926505322 ], [ -79.913762725593216, 40.460437878989239 ], [ -79.913514802500771, 40.460418737823055 ], [ -79.911036057284349, 40.460765856455346 ], [ -79.910286817094416, 40.460915007092289 ], [ -79.909461259190678, 40.461152426239622 ], [ -79.907922202635291, 40.461599889331083 ], [ -79.906637301153978, 40.462057963219259 ], [ -79.905643393526077, 40.46258297545463 ], [ -79.905617643351974, 40.462351561778789 ], [ -79.90567610368015, 40.462043628619348 ], [ -79.905791425840022, 40.461785431368931 ], [ -79.906302314245195, 40.461017355630169 ] ] ] } },
{ "type": "Feature", "properties": { "Ward": 25, "District": 1, "Muni_War_1": "Pittsburgh Ward 25 Dist 1", "Gainey_2021_Total": 76, "Gainey_2025_Total": 64, "OConnor_2025_Total": 67, "Peduto_2021_Total": 55 }, "geometry": { "type": "Polygon", "coordinates": [ [ [ -80.002123040161891, 40.458132600151657 ], [ -80.003591359747531, 40.45788805783188 ], [ -80.005282116442729, 40.457649364644446 ], [ -80.007226531590561, 40.457279197175225 ], [ -80.007355059469035, 40.457675119931139 ], [ -80.009255243023688, 40.457323609459031 ], [ -80.009352721714649, 40.457342811719137 ], [ -80.009367960106047, 40.457389305553512 ], [ -80.009958110509899, 40.459189895380838 ], [ -80.008615061908515, 40.459447434296365 ], [ -80.008484071773111, 40.459482497462716 ], [ -80.008449419724485, 40.459493780562198 ], [ -80.008482062094444, 40.45956793917891 ], [ -80.00851260329911, 40.459660778032109 ], [ -80.00857808869506, 40.460035957005438 ], [ -80.004912659991916, 40.460486265874529 ], [ -80.004766208226954, 40.460522241660385 ], [ -80.004700362259413, 40.460547556965651 ], [ -80.004649262400989, 40.46051105463669 ], [ -80.004617938140314, 40.460501539747071 ], [ -80.004500015532003, 40.460512289087241 ], [ -80.003529426366669, 40.46069884606095 ], [ -80.003107679651691, 40.45935512918399 ], [ -80.002913689276951, 40.458556223624761 ], [ -80.002197138863167, 40.458690318608113 ], [ -80.002184457033735, 40.458424354532049 ], [ -80.002123040161891, 40.458132600151657 ] ] ] } },
{ "type": "Feature", "properties": { "Ward": 13, "District": 5, "Muni_War_1": "Pittsburgh Ward 13 Dist 5", "Gainey_2021_Total": 51, "Gainey_2025_Total": 64, "OConnor_2025_Total": 6, "Peduto_2021_Total": 17 }, "geometry": { "type": "Polygon", "coordinates": [ [ [ -79.889981334542867, 40.461825913998936 ], [ -79.888583646006509, 40.46144878642906 ], [ -79.888499893534402, 40.461427175938844 ], [ -79.888494566252902, 40.46083675929512 ], [ -79.888604809703693, 40.458763067658069 ], [ -79.888607779552885, 40.45870721142834 ], [ -79.89521135436992, 40.460193114202333 ], [ -79.895154932692265, 40.460338403612326 ], [ -79.89472754320704, 40.461439001308499 ], [ -79.894516904861192, 40.461981412949349 ], [ -79.894548610015704, 40.462074095154222 ], [ -79.894351595035928, 40.462572538999346 ], [ -79.894351460865096, 40.462572510859324 ], [ -79.893444179617504, 40.462473157493569 ], [ -79.892701745103935, 40.462315325866051 ], [ -79.890828769628826, 40.461875462335151 ], [ -79.889993483749819, 40.461679285848724 ], [ -79.889981587563369, 40.461743345625415 ], [ -79.889981334542867, 40.461825913998936 ] ] ] } },
{ "type": "Feature", "properties": { "Ward": 25, "District": 3, "Muni_War_1": "Pittsburgh Ward 25 Dist 3", "Gainey_2021_Total": 77, "Gainey_2025_Total": 97, "OConnor_2025_Total": 53, "Peduto_2021_Total": 52 }, "geometry": { "type": "Polygon", "coordinates": [ [ [ -80.014073256782581, 40.458821406438219 ], [ -80.013880948779061, 40.458234144802127 ], [ -80.012561261760524, 40.458484387284706 ], [ -80.01219985464715, 40.457416011521815 ], [ -80.011692719941109, 40.45750671318347 ], [ -80.011604376225449, 40.457517242469741 ], [ -80.01143674915734, 40.457537222694434 ], [ -80.010507689562758, 40.457701643749473 ], [ -80.010342691605075, 40.457194829999125 ], [ -80.010336545299424, 40.457175951532342 ], [ -80.014365346198375, 40.456424914970185 ], [ -80.015390825335999, 40.456233722712142 ], [ -80.015348009093657, 40.456095925213077 ], [ -80.017344313952222, 40.455722016314041 ], [ -80.017448877570018, 40.455702430331904 ], [ -80.017502545664769, 40.456201994102415 ], [ -80.017579945113724, 40.456922451585044 ], [ -80.017815327715923, 40.457639470714405 ], [ -80.017122078774307, 40.457760074167169 ], [ -80.017592287932118, 40.459202973800288 ], [ -80.017948083297924, 40.460174796858134 ], [ -80.016442624079119, 40.459293599460764 ], [ -80.016371109904696, 40.459206415293536 ], [ -80.016315696855116, 40.459048708814386 ], [ -80.01592109212892, 40.457850041436927 ], [ -80.014894046502747, 40.458047220708387 ], [ -80.015084457152199, 40.458628905532343 ], [ -80.014073256782581, 40.458821406438219 ] ] ] } },
{ "type": "Feature", "properties": { "Ward": 8, "District": 3, "Muni_War_1": "Pittsburgh Ward 8 Dist 3", "Gainey_2021_Total": 96, "Gainey_2025_Total": 85, "OConnor_2025_Total": 108, "Peduto_2021_Total": 67 }, "geometry": { "type": "Polygon", "coordinates": [ [ [ -79.947093004438656, 40.460615406659159 ], [ -79.945956874209614, 40.460007032779345 ], [ -79.945962716966037, 40.460003627326287 ], [ -79.947287393143313, 40.458508309060463 ], [ -79.947736569488541, 40.454881703310519 ], [ -79.947715876986692, 40.454583075561288 ], [ -79.947322221674341, 40.453295893474042 ], [ -79.949688037607984, 40.452584604636492 ], [ -79.949774986051054, 40.453113645887484 ], [ -79.951211420130122, 40.456458880013606 ], [ -79.950946759206332, 40.456491935859404 ], [ -79.950725840015366, 40.456791037674158 ], [ -79.950610145215663, 40.456947675631007 ], [ -79.950484929736987, 40.457092048359975 ], [ -79.950373483740776, 40.457204713239243 ], [ -79.95110413261034, 40.457296268089529 ], [ -79.950414385019073, 40.458196642322051 ], [ -79.950876290565773, 40.458416354475737 ], [ -79.948480267666582, 40.46134885499562 ], [ -79.947093004438656, 40.460615406659159 ] ] ] } },
{ "type": "Feature", "properties": { "Ward": 13, "District": 3, "Muni_War_1": "Pittsburgh Ward 13 Dist 3", "Gainey_2021_Total": 61, "Gainey_2025_Total": 64, "OConnor_2025_Total": 8, "Peduto_2021_Total": 13 }, "geometry": { "type": "Polygon", "coordinates": [ [ [ -79.89472754320704, 40.461439001308499 ], [ -79.895154932692265, 40.460338403612326 ], [ -79.89521135436992, 40.460193114202333 ], [ -79.895600997836254, 40.459189946354279 ], [ -79.897755287850359, 40.459676342192687 ], [ -79.897821353644431, 40.4597190473579 ], [ -79.900389807018328, 40.46035276928 ], [ -79.899772917315914, 40.461905581181902 ], [ -79.897541954336518, 40.461401237157446 ], [ -79.897556458012829, 40.462082439597694 ], [ -79.89472754320704, 40.461439001308499 ] ] ] } },
{ "type": "Feature", "properties": { "Ward": 8, "District": 9, "Muni_War_1": "Pittsburgh Ward 8 Dist 9", "Gainey_2021_Total": 120, "Gainey_2025_Total": 113, "OConnor_2025_Total": 59, "Peduto_2021_Total": 37 }, "geometry": { "type": "Polygon", "coordinates": [ [ [ -79.932398790976379, 40.460678389544903 ], [ -79.929471262726807, 40.459652334368393 ], [ -79.92897963363788, 40.458758160301777 ], [ -79.934057291527182, 40.457261851706427 ], [ -79.935249871799357, 40.4592332495086 ], [ -79.935488943211922, 40.459330925967016 ], [ -79.935220104460399, 40.459562710994206 ], [ -79.934157527789139, 40.46130125253778 ], [ -79.932398790976379, 40.460678389544903 ] ] ] } },
{ "type": "Feature", "properties": { "Ward": 6, "District": 4, "Muni_War_1": "Pittsburgh Ward 6 Dist 4", "Gainey_2021_Total": 111, "Gainey_2025_Total": 114, "OConnor_2025_Total": 86, "Peduto_2021_Total": 57 }, "geometry": { "type": "Polygon", "coordinates": [ [ [ -79.956938116649425, 40.460728188159251 ], [ -79.956526161230315, 40.460605455848913 ], [ -79.956386937346466, 40.460556055035234 ], [ -79.956133076673268, 40.460446230927374 ], [ -79.955941198098316, 40.460306750692041 ], [ -79.955935986177352, 40.460302962018645 ], [ -79.956281388332783, 40.459931483354644 ], [ -79.956668911040012, 40.459535806697822 ], [ -79.956946246733025, 40.4592396773172 ], [ -79.957024448913714, 40.459164496968356 ], [ -79.957174439746495, 40.459093073533865 ], [ -79.95768254000069, 40.458723261752908 ], [ -79.958843099011148, 40.457981748225244 ], [ -79.958844100573799, 40.457981108388857 ], [ -79.960420025661747, 40.456979563140905 ], [ -79.962995891998489, 40.45630082344433 ], [ -79.963152634333611, 40.456258918386709 ], [ -79.96362313722436, 40.456133127264252 ], [ -79.964292476462774, 40.455955206246621 ], [ -79.965927372479058, 40.455264783723429 ], [ -79.966004792434703, 40.45519057048898 ], [ -79.966069692127178, 40.455575770138623 ], [ -79.965842690422832, 40.455901214306365 ], [ -79.965054055834855, 40.456720265274804 ], [ -79.965802152318389, 40.457594124527247 ], [ -79.965033456629556, 40.45796744740138 ], [ -79.964938164528718, 40.457980171248089 ], [ -79.965268597736639, 40.458422957822236 ], [ -79.965302286835055, 40.458418612302879 ], [ -79.965351004872872, 40.458412329245775 ], [ -79.965405478957635, 40.458412636505351 ], [ -79.965435989562877, 40.458416403826696 ], [ -79.965508282386736, 40.458442219030943 ], [ -79.965547220234967, 40.458472030156145 ], [ -79.96557880726786, 40.458496213005709 ], [ -79.965635552968536, 40.458602927720342 ], [ -79.966084198472203, 40.459435492296606 ], [ -79.966078843855385, 40.459436565188604 ], [ -79.96305186445079, 40.459969416596941 ], [ -79.960353556288879, 40.460465539768983 ], [ -79.960353227999363, 40.460465599197626 ], [ -79.960089910444111, 40.460511075701042 ], [ -79.959371585817891, 40.460635127565325 ], [ -79.957963696193858, 40.460828142597514 ], [ -79.957694542083118, 40.460842626276516 ], [ -79.957186269427368, 40.460777916468508 ], [ -79.956938116649425, 40.460728188159251 ] ] ] } },
{ "type": "Feature", "properties": { "Ward": 23, "District": 3, "Muni_War_1": "Pittsburgh Ward 23 Dist 3", "Gainey_2021_Total": 38, "Gainey_2025_Total": 39, "OConnor_2025_Total": 31, "Peduto_2021_Total": 23 }, "geometry": { "type": "Polygon", "coordinates": [ [ [ -79.993700489120599, 40.457796306325633 ], [ -79.99266096897928, 40.457335632287347 ], [ -79.992437349854924, 40.456295312883825 ], [ -79.997214019486194, 40.455341751992265 ], [ -79.997216155225843, 40.455341325794116 ], [ -79.998394114181551, 40.45879603064477 ], [ -79.997831088869688, 40.458925548928015 ], [ -79.994659266303501, 40.459647542778825 ], [ -79.994572152980979, 40.459660498941837 ], [ -79.994118896274017, 40.459710229844809 ], [ -79.993953199557694, 40.459692317468786 ], [ -79.993834255730107, 40.459741105304737 ], [ -79.993396361218615, 40.459784385770796 ], [ -79.993429992644394, 40.459676222592627 ], [ -79.994440813733405, 40.458114354762337 ], [ -79.993700489120599, 40.457796306325633 ] ] ] } },
{ "type": "Feature", "properties": { "Ward": 20, "District": 7, "Muni_War_1": "Pittsburgh Ward 20 Dist 7", "Gainey_2021_Total": 52, "Gainey_2025_Total": 68, "OConnor_2025_Total": 52, "Peduto_2021_Total": 37 }, "geometry": { "type": "Polygon", "coordinates": [ [ [ -80.057076002411833, 40.457784899403094 ], [ -80.057011003843357, 40.457697556141113 ], [ -80.056481999900697, 40.457746728350592 ], [ -80.05593646738734, 40.457759414716797 ], [ -80.053676768983877, 40.455355023752645 ], [ -80.051326988367904, 40.452846845070361 ], [ -80.05026116474194, 40.451963533063484 ], [ -80.048012919588473, 40.451479149164562 ], [ -80.04772231548958, 40.451458947932998 ], [ -80.047269348359677, 40.451591484251935 ], [ -80.046905139292818, 40.451565108011408 ], [ -80.046080103642254, 40.451589598635437 ], [ -80.045407529069394, 40.451690257259372 ], [ -80.044455023851825, 40.451907660055411 ], [ -80.042925929626946, 40.452401879220389 ], [ -80.041800469686891, 40.45258468322853 ], [ -80.041017829080644, 40.452606783282029 ], [ -80.040837889506321, 40.452586905219547 ], [ -80.0413262499506, 40.451887502109905 ], [ -80.045096857079059, 40.450359993278482 ], [ -80.045065303371288, 40.450096356313679 ], [ -80.044695236262555, 40.449307939118505 ], [ -80.044101362489684, 40.448103650519442 ], [ -80.04405804626785, 40.447462603397966 ], [ -80.044106934287953, 40.447256996577309 ], [ -80.045199019396179, 40.447445815924276 ], [ -80.046135229224646, 40.447057266296099 ], [ -80.049852214111482, 40.448698176543232 ], [ -80.051463542387239, 40.44953108716696 ], [ -80.053043278436945, 40.450259247978892 ], [ -80.053447766796978, 40.450373417405409 ], [ -80.055216593793574, 40.447539328149716 ], [ -80.055270799018999, 40.447464309696279 ], [ -80.055284809849681, 40.448054924408545 ], [ -80.055041010797794, 40.449742526858181 ], [ -80.057395331521292, 40.451877518381011 ], [ -80.058931488218647, 40.451382787767905 ], [ -80.059794300367074, 40.452034373062993 ], [ -80.060089482686692, 40.452310165918298 ], [ -80.058722488777718, 40.453193976236655 ], [ -80.057400265931861, 40.453590202529796 ], [ -80.056463400561725, 40.453431962237431 ], [ -80.056023760190101, 40.454700857394165 ], [ -80.056084397013421, 40.454989257499626 ], [ -80.055619568375946, 40.455022386436916 ], [ -80.056450937720911, 40.455905603590523 ], [ -80.057198660678438, 40.455485827398221 ], [ -80.058461658109209, 40.456756430222057 ], [ -80.058565548822699, 40.457167670493114 ], [ -80.058596730492113, 40.457541488478505 ], [ -80.058615609507868, 40.457697609091774 ], [ -80.058607461018312, 40.457710185242838 ], [ -80.058549319463722, 40.457901844756478 ], [ -80.058482696061546, 40.45803729576371 ], [ -80.058335089341725, 40.458185086452538 ], [ -80.058118532706942, 40.458316695392611 ], [ -80.057987568276275, 40.458359572276578 ], [ -80.05775844137527, 40.458434586999815 ], [ -80.057605095293866, 40.458432189109182 ], [ -80.057316500266339, 40.458380650834592 ], [ -80.057215547287655, 40.458356871627252 ], [ -80.057076002411833, 40.457784899403094 ] ] ] } },
{ "type": "Feature", "properties": { "Ward": 5, "District": 9, "Muni_War_1": "Pittsburgh Ward 5 Dist 9", "Gainey_2021_Total": 93, "Gainey_2025_Total": 94, "OConnor_2025_Total": 77, "Peduto_2021_Total": 63 }, "geometry": { "type": "Polygon", "coordinates": [ [ [ -79.95456582000368, 40.458843494508791 ], [ -79.954134282302164, 40.458354934647033 ], [ -79.953749203820905, 40.45802525146766 ], [ -79.953708496814613, 40.457968195600785 ], [ -79.953582502720622, 40.457791600170097 ], [ -79.953300380066466, 40.457766087527027 ], [ -79.95310276863097, 40.457678577564373 ], [ -79.952991256209046, 40.457629195949245 ], [ -79.952734514568533, 40.457552663272722 ], [ -79.952397789312627, 40.457475849621694 ], [ -79.951980430131485, 40.457409350954038 ], [ -79.951374884258598, 40.457330194166119 ], [ -79.95110413261034, 40.457296268089529 ], [ -79.950373483740776, 40.457204713239243 ], [ -79.950484929736987, 40.457092048359975 ], [ -79.950610145215663, 40.456947675631007 ], [ -79.950725840015366, 40.456791037674158 ], [ -79.950946759206332, 40.456491935859404 ], [ -79.951211420130122, 40.456458880013606 ], [ -79.949774986051054, 40.453113645887484 ], [ -79.949688037607984, 40.452584604636492 ], [ -79.952017765539878, 40.451883533710848 ], [ -79.952035185881783, 40.451878302906856 ], [ -79.95453164931736, 40.451128726805329 ], [ -79.954666092926502, 40.451069210449546 ], [ -79.954776656363777, 40.451025709248285 ], [ -79.954903609183205, 40.450975759470197 ], [ -79.954976530193264, 40.450911213943769 ], [ -79.955399749549457, 40.450584580741278 ], [ -79.955822224459453, 40.450279696222239 ], [ -79.957710387033273, 40.448972454213362 ], [ -79.95711828166678, 40.450094126607695 ], [ -79.957026132376868, 40.450235827970438 ], [ -79.956984503569913, 40.450405706704046 ], [ -79.956791412455217, 40.451188506970936 ], [ -79.956459765402016, 40.451508611746078 ], [ -79.956128425032432, 40.451842298314801 ], [ -79.955901626526369, 40.452065799049521 ], [ -79.955670516056202, 40.45229354809846 ], [ -79.955580718420563, 40.452429596267166 ], [ -79.955375199218139, 40.452767842178424 ], [ -79.955154443284243, 40.45316168886567 ], [ -79.955127926097404, 40.453211259572264 ], [ -79.955100995379553, 40.453261601194995 ], [ -79.955093514231677, 40.45332137947991 ], [ -79.955125203983826, 40.453424860096405 ], [ -79.955165758151196, 40.453468955829244 ], [ -79.955191359170186, 40.45349679243003 ], [ -79.955503581296014, 40.453640944673985 ], [ -79.955891667692754, 40.453794930698521 ], [ -79.957566452434705, 40.454360256068298 ], [ -79.957185184372278, 40.455082644562545 ], [ -79.957064886306952, 40.455439755232511 ], [ -79.956874094895298, 40.45593253988519 ], [ -79.956993386018084, 40.456132340971017 ], [ -79.957031745373143, 40.456170112467802 ], [ -79.957075243655709, 40.45621294418811 ], [ -79.957086285341887, 40.456248102269939 ], [ -79.957112678996651, 40.456332141003926 ], [ -79.957216488257444, 40.456506007867198 ], [ -79.957343964630994, 40.456628145357385 ], [ -79.957548537351641, 40.456844551699653 ], [ -79.95772050734719, 40.457066377526772 ], [ -79.957881061618764, 40.457251690135749 ], [ -79.957979183820029, 40.457324688652463 ], [ -79.958103147888096, 40.457408331744027 ], [ -79.958273444984385, 40.457513122035245 ], [ -79.958379710716059, 40.457573309270693 ], [ -79.958465312969679, 40.457648480749896 ], [ -79.958843099011148, 40.457981748225244 ], [ -79.95768254000069, 40.458723261752908 ], [ -79.957174439746495, 40.459093073533865 ], [ -79.957024448913714, 40.459164496968356 ], [ -79.956946246733025, 40.4592396773172 ], [ -79.956668911040012, 40.459535806697822 ], [ -79.956281388332783, 40.459931483354644 ], [ -79.955935986177352, 40.460302962018645 ], [ -79.955941198098316, 40.460306750692041 ], [ -79.955934028701904, 40.460305100192762 ], [ -79.955765581912189, 40.460183024063639 ], [ -79.955658011479869, 40.460092372223826 ], [ -79.955579136178173, 40.460014949707507 ], [ -79.955399076461376, 40.459835723928066 ], [ -79.955250068145986, 40.45967028510583 ], [ -79.95456582000368, 40.458843494508791 ] ] ] } },
{ "type": "Feature", "properties": { "Ward": 13, "District": 11, "Muni_War_1": "Pittsburgh Ward 13 Dist 11", "Gainey_2021_Total": 35, "Gainey_2025_Total": 44, "OConnor_2025_Total": 11, "Peduto_2021_Total": 8 }, "geometry": { "type": "Polygon", "coordinates": [ [ [ -79.884765558394349, 40.460519522169555 ], [ -79.884781849298491, 40.460471455668035 ], [ -79.884739706120527, 40.459312424883755 ], [ -79.884920110169517, 40.459262498536987 ], [ -79.884815647438003, 40.458793871732183 ], [ -79.884630195584947, 40.45808675186737 ], [ -79.884414237164563, 40.457263297358082 ], [ -79.884386425201598, 40.456571357770528 ], [ -79.884452072181716, 40.455406272055747 ], [ -79.884731729588125, 40.455341042505772 ], [ -79.88455311933545, 40.45473932582582 ], [ -79.884552180851145, 40.454736165864361 ], [ -79.884402550699406, 40.454182134376303 ], [ -79.885648497163103, 40.454026549015239 ], [ -79.885943604699577, 40.45507367751523 ], [ -79.886110822669963, 40.455075994217388 ], [ -79.886436693687116, 40.455150628926511 ], [ -79.886807219899069, 40.4542237668309 ], [ -79.888458144458539, 40.454597637438567 ], [ -79.887726183653982, 40.456510152043414 ], [ -79.888605676724225, 40.458385906709033 ], [ -79.888604809703693, 40.458763067658069 ], [ -79.888494566252902, 40.46083675929512 ], [ -79.888499893534402, 40.461427175938844 ], [ -79.887339933838902, 40.461127871172927 ], [ -79.886233510973199, 40.460867073173247 ], [ -79.884861297542898, 40.460543608386452 ], [ -79.884765558394349, 40.460519522169555 ] ] ] } },
{ "type": "Feature", "properties": { "Ward": 13, "District": 16, "Muni_War_1": "Pittsburgh Ward 13 Dist 16", "Gainey_2021_Total": 43, "Gainey_2025_Total": 60, "OConnor_2025_Total": 11, "Peduto_2021_Total": 19 }, "geometry": { "type": "Polygon", "coordinates": [ [ [ -79.875203634323341, 40.459909360574571 ], [ -79.875310814712719, 40.459810801362551 ], [ -79.875341330452429, 40.459790345124887 ], [ -79.874507306270601, 40.459261100381873 ], [ -79.875360494269799, 40.458525004699439 ], [ -79.875835331763838, 40.458177186528658 ], [ -79.875878363670537, 40.458147545533905 ], [ -79.875736672301585, 40.457843397114374 ], [ -79.875852561216689, 40.457209261142658 ], [ -79.875890773759778, 40.456384932803623 ], [ -79.875934669512063, 40.454942522806846 ], [ -79.876000896788028, 40.452766161103511 ], [ -79.877034935671404, 40.451999209113325 ], [ -79.877134806948419, 40.451925132201758 ], [ -79.877141818746864, 40.451862537514259 ], [ -79.878859489914944, 40.453233730409302 ], [ -79.878897866695027, 40.453264364941248 ], [ -79.880695889109774, 40.45469879457292 ], [ -79.880607649085945, 40.454733603874843 ], [ -79.880191002953794, 40.454930316177737 ], [ -79.879866408545965, 40.45519287898955 ], [ -79.879595547945584, 40.45540991565526 ], [ -79.8793123994799, 40.455661053465079 ], [ -79.878389605594123, 40.456504796002918 ], [ -79.877686037579693, 40.45709371245691 ], [ -79.878304435115567, 40.45780961815511 ], [ -79.878792805848448, 40.458291949464019 ], [ -79.87887484063603, 40.458456644829738 ], [ -79.878932255401608, 40.458513699206584 ], [ -79.879146603866801, 40.458767060919449 ], [ -79.879203455180885, 40.458874128836477 ], [ -79.879207002603749, 40.459084815641951 ], [ -79.879120355680755, 40.459062291470957 ], [ -79.879128599769601, 40.459093532320821 ], [ -79.879002327267386, 40.459079040188513 ], [ -79.877385943678902, 40.45889330102289 ], [ -79.877362570686401, 40.45896032803109 ], [ -79.877339463804972, 40.459026595226483 ], [ -79.877277898245538, 40.459368296694855 ], [ -79.877273045207332, 40.459399221063769 ], [ -79.877484034078307, 40.459420537395523 ], [ -79.87747805304744, 40.459445797295587 ], [ -79.877415066973299, 40.459785190869837 ], [ -79.877399130979029, 40.459830049908824 ], [ -79.876295084570557, 40.459701817690714 ], [ -79.876560051659368, 40.460588220372742 ], [ -79.876902155319115, 40.461607822864913 ], [ -79.875551096091812, 40.461549116435464 ], [ -79.875624813406617, 40.459950956631999 ], [ -79.875553333712773, 40.45995313673744 ], [ -79.875351424560009, 40.459948268719764 ], [ -79.875272584368773, 40.459945097834833 ], [ -79.875203634323341, 40.459909360574571 ] ] ] } },
{ "type": "Feature", "properties": { "Ward": 7, "District": 11, "Muni_War_1": "Pittsburgh Ward 7 Dist 11", "Gainey_2021_Total": 123, "Gainey_2025_Total": 129, "OConnor_2025_Total": 157, "Peduto_2021_Total": 116 }, "geometry": { "type": "Polygon", "coordinates": [ [ [ -79.920830322087326, 40.459805786489213 ], [ -79.922071481064563, 40.459193494177512 ], [ -79.922242973969716, 40.458100524307135 ], [ -79.92007935255792, 40.457454583291295 ], [ -79.919666908018982, 40.457234292827032 ], [ -79.919402167842136, 40.4567899964348 ], [ -79.919328293296999, 40.456541494229903 ], [ -79.919410720449918, 40.456352115848475 ], [ -79.919646872341829, 40.455876698187581 ], [ -79.919825119870964, 40.455517846946321 ], [ -79.920704969766135, 40.455757631414535 ], [ -79.921620366093094, 40.455844233479873 ], [ -79.922449311444993, 40.45591320549287 ], [ -79.922542525899061, 40.455856728177231 ], [ -79.9253408226175, 40.454161217303621 ], [ -79.925297831744146, 40.454996705327254 ], [ -79.925092471847933, 40.45898737683563 ], [ -79.925042815437934, 40.459952266963491 ], [ -79.922722558866596, 40.460655959502859 ], [ -79.922276388482786, 40.460512253197081 ], [ -79.921231648178733, 40.460084181781198 ], [ -79.920830322087326, 40.459805786489213 ] ] ] } },
{ "type": "Feature", "properties": { "Ward": 8, "District": 4, "Muni_War_1": "Pittsburgh Ward 8 Dist 4", "Gainey_2021_Total": 96, "Gainey_2025_Total": 97, "OConnor_2025_Total": 72, "Peduto_2021_Total": 42 }, "geometry": { "type": "Polygon", "coordinates": [ [ [ -79.942177403510243, 40.457983046220932 ], [ -79.938717323305795, 40.456098836338306 ], [ -79.938591214400475, 40.455909701014242 ], [ -79.943083856639078, 40.454567530003224 ], [ -79.944448764379445, 40.454159720178012 ], [ -79.947322221674341, 40.453295893474042 ], [ -79.947715876986692, 40.454583075561288 ], [ -79.947736569488541, 40.454881703310519 ], [ -79.947287393143313, 40.458508309060463 ], [ -79.945962716966037, 40.460003627326287 ], [ -79.945956874209614, 40.460007032779345 ], [ -79.942177403510243, 40.457983046220932 ] ] ] } },
{ "type": "Feature", "properties": { "Ward": 20, "District": 11, "Muni_War_1": "Pittsburgh Ward 20 Dist 11", "Gainey_2021_Total": 39, "Gainey_2025_Total": 59, "OConnor_2025_Total": 49, "Peduto_2021_Total": 54 }, "geometry": { "type": "Polygon", "coordinates": [ [ [ -80.041800469686891, 40.45258468322853 ], [ -80.042925929626946, 40.452401879220389 ], [ -80.044455023851825, 40.451907660055411 ], [ -80.045407529069394, 40.451690257259372 ], [ -80.046080103642254, 40.451589598635437 ], [ -80.046905139292818, 40.451565108011408 ], [ -80.047269348359677, 40.451591484251935 ], [ -80.04772231548958, 40.451458947932998 ], [ -80.048012919588473, 40.451479149164562 ], [ -80.05026116474194, 40.451963533063484 ], [ -80.051326988367904, 40.452846845070361 ], [ -80.053676768983877, 40.455355023752645 ], [ -80.05292211351275, 40.455743422428732 ], [ -80.053434933198602, 40.456286421414362 ], [ -80.051199530957035, 40.457500453326965 ], [ -80.049716712148907, 40.455959813853077 ], [ -80.049683257176284, 40.456024811186303 ], [ -80.049576962904055, 40.456381431840491 ], [ -80.049486603740462, 40.456854669114591 ], [ -80.049307633845558, 40.457602117132147 ], [ -80.049283471403541, 40.457744329441397 ], [ -80.04929739136459, 40.457921190985701 ], [ -80.044622792459023, 40.454548171339908 ], [ -80.041800469686891, 40.45258468322853 ] ] ] } },
{ "type": "Feature", "properties": { "Ward": 2, "District": 2, "Muni_War_1": "Pittsburgh Ward 2 Dist 2", "Gainey_2021_Total": 88, "Gainey_2025_Total": 99, "OConnor_2025_Total": 222, "Peduto_2021_Total": 132 }, "geometry": { "type": "Polygon", "coordinates": [ [ [ -79.975283942676057, 40.454392563839576 ], [ -79.973702730422559, 40.452889582385829 ], [ -79.973937999572399, 40.452750114166157 ], [ -79.97474954810842, 40.452269019085378 ], [ -79.975948898041267, 40.45145916562138 ], [ -79.976833250165711, 40.45105756940174 ], [ -79.976968333421752, 40.450490712409952 ], [ -79.977676528791065, 40.45020996285578 ], [ -79.977950516752784, 40.450587456928879 ], [ -79.978102383200024, 40.450566893823805 ], [ -79.978387608605573, 40.450414185892747 ], [ -79.978991732931149, 40.450391940260999 ], [ -79.979134911713999, 40.45043972591143 ], [ -79.979299941391076, 40.450312656560456 ], [ -79.97954769990956, 40.450201304057707 ], [ -79.979588155878645, 40.450125588985983 ], [ -79.979578301327933, 40.450066772797186 ], [ -79.980846694147445, 40.449539914068652 ], [ -79.980959321648413, 40.449537773375134 ], [ -79.981737496529249, 40.448873005821127 ], [ -79.982274404599281, 40.44841411495122 ], [ -79.98237629573066, 40.448327028680914 ], [ -79.98246181846585, 40.448128189740586 ], [ -79.983327508077608, 40.447759649305404 ], [ -79.983652496789389, 40.447642417848556 ], [ -79.985107023169306, 40.447025221834679 ], [ -79.985158371506046, 40.446996516029699 ], [ -79.9852340602379, 40.44695420377429 ], [ -79.9852954317859, 40.446894581499599 ], [ -79.985903423290267, 40.446643350589 ], [ -79.986720942869553, 40.446332985417285 ], [ -79.987085428545015, 40.446635054344974 ], [ -79.988833895962912, 40.445527202630565 ], [ -79.988950779320888, 40.44542391576239 ], [ -79.989159024806114, 40.445265878975007 ], [ -79.989465488359272, 40.445074730375921 ], [ -79.989568288977722, 40.445084718995474 ], [ -79.990292394781392, 40.444639032690823 ], [ -79.990335235559257, 40.444631713177174 ], [ -79.990369272054394, 40.444625898527676 ], [ -79.990492680514194, 40.444567521050288 ], [ -79.990583185541382, 40.444547796579059 ], [ -79.990603501688014, 40.444511426166741 ], [ -79.991159635561502, 40.444243415839615 ], [ -79.991235961149712, 40.444238218603971 ], [ -79.99141088685478, 40.444068787125772 ], [ -79.991580708791957, 40.443933858861328 ], [ -79.992076530193174, 40.443600695696553 ], [ -79.992510676454913, 40.443304932490115 ], [ -79.992622874927306, 40.443226570694108 ], [ -79.992704861115399, 40.443183023958909 ], [ -79.992730343897051, 40.443166800092257 ], [ -79.992920608587511, 40.443002768339134 ], [ -79.993451040647756, 40.444124101673147 ], [ -79.993604761622365, 40.444355977117851 ], [ -79.994394844093193, 40.446349591213504 ], [ -79.994496028357034, 40.446460361046789 ], [ -79.994597040304299, 40.446620337376977 ], [ -79.994817439496217, 40.446830578931554 ], [ -79.994907341829418, 40.446885979806673 ], [ -79.995109061058315, 40.446939811141846 ], [ -79.995225078744681, 40.447002418659331 ], [ -79.995482660350277, 40.44709988094484 ], [ -79.996552256909993, 40.447842326001144 ], [ -79.991793244097224, 40.450783807735242 ], [ -79.9853959635888, 40.455754027124499 ], [ -79.980726950286339, 40.459215797010962 ], [ -79.979601557596069, 40.458042932153354 ], [ -79.975283942676057, 40.454392563839576 ] ] ] } },
{ "type": "Feature", "properties": { "Ward": 20, "District": 14, "Muni_War_1": "Pittsburgh Ward 20 Dist 14", "Gainey_2021_Total": 80, "Gainey_2025_Total": 96, "OConnor_2025_Total": 121, "Peduto_2021_Total": 96 }, "geometry": { "type": "Polygon", "coordinates": [ [ [ -80.060089482686692, 40.452310165918298 ], [ -80.059794300367074, 40.452034373062993 ], [ -80.058931488218647, 40.451382787767905 ], [ -80.060199810774535, 40.450512489447213 ], [ -80.062846584572469, 40.448548310161598 ], [ -80.064458243440185, 40.449667088554861 ], [ -80.065940247083105, 40.450522790052453 ], [ -80.069439184553801, 40.451568858491449 ], [ -80.06985598459805, 40.451812973954191 ], [ -80.072156843876542, 40.453275571578132 ], [ -80.067107774812115, 40.456021131486459 ], [ -80.067122520225539, 40.456845701850511 ], [ -80.067473442348359, 40.457175876886261 ], [ -80.066561461041687, 40.457515802216427 ], [ -80.06656141009384, 40.457516001434399 ], [ -80.066178853329291, 40.457227651942311 ], [ -80.065501548658958, 40.456681060326588 ], [ -80.064699668773486, 40.45591859009248 ], [ -80.060536800838463, 40.452020950741733 ], [ -80.060089482686692, 40.452310165918298 ] ] ] } },
{ "type": "Feature", "properties": { "Ward": 21, "District": 2, "Muni_War_1": "Pittsburgh Ward 21 Dist 2", "Gainey_2021_Total": 102, "Gainey_2025_Total": 122, "OConnor_2025_Total": 37, "Peduto_2021_Total": 46 }, "geometry": { "type": "Polygon", "coordinates": [ [ [ -80.022746317792723, 40.455689779084594 ], [ -80.026638210254973, 40.454972056590378 ], [ -80.028567947697127, 40.454616126771008 ], [ -80.029452812076869, 40.457344074015531 ], [ -80.023846738151263, 40.458345935236743 ], [ -80.02371642509749, 40.458278955878768 ], [ -80.023528966891902, 40.458136620799131 ], [ -80.023501355606086, 40.458050299811902 ], [ -80.023312613949926, 40.457460241582069 ], [ -80.022746317792723, 40.455689779084594 ] ] ] } },
{ "type": "Feature", "properties": { "Ward": 6, "District": 5, "Muni_War_1": "Pittsburgh Ward 6 Dist 5", "Gainey_2021_Total": 99, "Gainey_2025_Total": 99, "OConnor_2025_Total": 69, "Peduto_2021_Total": 42 }, "geometry": { "type": "Polygon", "coordinates": [ [ [ -79.966004792434703, 40.45519057048898 ], [ -79.966091201370773, 40.455122719756702 ], [ -79.96619670286951, 40.455085430611859 ], [ -79.966597670731488, 40.454883374780103 ], [ -79.972392586834999, 40.452462752342861 ], [ -79.9728187412219, 40.452276652406951 ], [ -79.973937999572399, 40.452750114166157 ], [ -79.973702730422559, 40.452889582385829 ], [ -79.975283942676057, 40.454392563839576 ], [ -79.969024020949348, 40.45831839761783 ], [ -79.967894073538432, 40.458909615294907 ], [ -79.967203853759457, 40.459156198011023 ], [ -79.966659165658342, 40.459320234598025 ], [ -79.966084198472203, 40.459435492296606 ], [ -79.965635552968536, 40.458602927720342 ], [ -79.96557880726786, 40.458496213005709 ], [ -79.965547220234967, 40.458472030156145 ], [ -79.965508282386736, 40.458442219030943 ], [ -79.965435989562877, 40.458416403826696 ], [ -79.965405478957635, 40.458412636505351 ], [ -79.965351004872872, 40.458412329245775 ], [ -79.965302286835055, 40.458418612302879 ], [ -79.965268597736639, 40.458422957822236 ], [ -79.964938164528718, 40.457980171248089 ], [ -79.965033456629556, 40.45796744740138 ], [ -79.965802152318389, 40.457594124527247 ], [ -79.965054055834855, 40.456720265274804 ], [ -79.965842690422832, 40.455901214306365 ], [ -79.966069692127178, 40.455575770138623 ], [ -79.966004792434703, 40.45519057048898 ] ] ] } },
{ "type": "Feature", "properties": { "Ward": 23, "District": 2, "Muni_War_1": "Pittsburgh Ward 23 Dist 2", "Gainey_2021_Total": 81, "Gainey_2025_Total": 94, "OConnor_2025_Total": 107, "Peduto_2021_Total": 81 }, "geometry": { "type": "Polygon", "coordinates": [ [ [ -79.998394114181551, 40.45879603064477 ], [ -79.997216155225843, 40.455341325794116 ], [ -79.997214019486194, 40.455341751992265 ], [ -79.996814033509949, 40.454122938937601 ], [ -79.997273258968548, 40.454049047899822 ], [ -79.997522129830543, 40.454019328361426 ], [ -79.997864761482987, 40.453972850086103 ], [ -79.997707756497817, 40.453400813096145 ], [ -80.001491116845443, 40.452690645511161 ], [ -80.002618885306759, 40.456212967534441 ], [ -80.001566856261618, 40.456413101510684 ], [ -80.002123040161891, 40.458132600151657 ], [ -80.000264665634617, 40.458478560363361 ], [ -79.999718903271031, 40.458548151669874 ], [ -79.99954720272369, 40.458575833253313 ], [ -79.999035214151732, 40.458671617345885 ], [ -79.998802755148091, 40.458720984835296 ], [ -79.998672840695278, 40.458744582863339 ], [ -79.998395394393441, 40.458798771434232 ], [ -79.998394114181551, 40.45879603064477 ] ] ] } },
{ "type": "Feature", "properties": { "Ward": 13, "District": 17, "Muni_War_1": "Pittsburgh Ward 13 Dist 17", "Gainey_2021_Total": 95, "Gainey_2025_Total": 136, "OConnor_2025_Total": 13, "Peduto_2021_Total": 33 }, "geometry": { "type": "Polygon", "coordinates": [ [ [ -79.869102339284737, 40.460973263750773 ], [ -79.869194030463845, 40.460632091745289 ], [ -79.869222537355313, 40.460526019059053 ], [ -79.870149740177581, 40.460675228885414 ], [ -79.870632989585701, 40.460752947399591 ], [ -79.871569270464434, 40.460587444187226 ], [ -79.871695187391921, 40.460565185719112 ], [ -79.871650562214654, 40.45988942192222 ], [ -79.871620387283869, 40.458389057752314 ], [ -79.871995205941332, 40.458090277693323 ], [ -79.872445881811117, 40.457731025176322 ], [ -79.872556056358377, 40.457643199331315 ], [ -79.872628104913275, 40.457492944075668 ], [ -79.872650014024956, 40.457450618215212 ], [ -79.871828555254964, 40.457234600156681 ], [ -79.871473481426108, 40.457146227038344 ], [ -79.87148179591675, 40.456995551354211 ], [ -79.87138007026725, 40.456689890591193 ], [ -79.871222697131103, 40.456500660923297 ], [ -79.871049350251553, 40.456260668782569 ], [ -79.870949749930375, 40.456093973543432 ], [ -79.870879566108414, 40.455748178381448 ], [ -79.870995243166178, 40.455340279140131 ], [ -79.871250782862148, 40.455022142457871 ], [ -79.871538067088338, 40.454827667078867 ], [ -79.872007027378771, 40.454638180449223 ], [ -79.872560771381401, 40.454373085444189 ], [ -79.872949189464137, 40.454052737847206 ], [ -79.873251919021442, 40.453705864689844 ], [ -79.873418759392948, 40.453382314772284 ], [ -79.873515643857885, 40.453048896462718 ], [ -79.873597203177013, 40.45263660495656 ], [ -79.873625335417117, 40.452494388574294 ], [ -79.873963645615447, 40.452593873868338 ], [ -79.874206594682875, 40.452846826840222 ], [ -79.874271585347628, 40.452970221245671 ], [ -79.87433842935323, 40.45312395899029 ], [ -79.875293676635735, 40.453153590814132 ], [ -79.876000896788028, 40.452766161103511 ], [ -79.875934669512063, 40.454942522806846 ], [ -79.875890773759778, 40.456384932803623 ], [ -79.875852561216689, 40.457209261142658 ], [ -79.875736672301585, 40.457843397114374 ], [ -79.875878363670537, 40.458147545533905 ], [ -79.875835331763838, 40.458177186528658 ], [ -79.875360494269799, 40.458525004699439 ], [ -79.874507306270601, 40.459261100381873 ], [ -79.874505898277903, 40.459260207397335 ], [ -79.874483049338124, 40.459282002597575 ], [ -79.874482359438034, 40.459282602628349 ], [ -79.874479299047394, 40.459285263218931 ], [ -79.874245392086323, 40.459493521414309 ], [ -79.874010453935909, 40.459702710606223 ], [ -79.87377750083273, 40.45991011517625 ], [ -79.873525785504981, 40.46010683396895 ], [ -79.873339742881541, 40.460262345655231 ], [ -79.873305858024125, 40.460290669054451 ], [ -79.873283230169775, 40.460309582640498 ], [ -79.873140434148127, 40.46042675239547 ], [ -79.872877752659349, 40.460618376839939 ], [ -79.872868429804825, 40.460623405405698 ], [ -79.872704865206501, 40.460711634401854 ], [ -79.872660366165348, 40.460735638377493 ], [ -79.872434307307827, 40.460834514835916 ], [ -79.872429796169953, 40.460836015593301 ], [ -79.872284439465005, 40.460884375196201 ], [ -79.871949663065976, 40.460980868524906 ], [ -79.871948674255336, 40.460981153326017 ], [ -79.871886266544621, 40.460996116051383 ], [ -79.871833645978441, 40.461008733464595 ], [ -79.871821572744196, 40.461011628781016 ], [ -79.871819165302398, 40.461012181947723 ], [ -79.871753604057474, 40.461027264643015 ], [ -79.871687642323636, 40.461042439330598 ], [ -79.871537836364865, 40.461076902137236 ], [ -79.871378411192509, 40.461108482007717 ], [ -79.871376668495344, 40.461108759018614 ], [ -79.87109314949555, 40.461153782605891 ], [ -79.871019670542495, 40.461160574656695 ], [ -79.871013818842769, 40.461161115332274 ], [ -79.87098177446326, 40.461164077015717 ], [ -79.870979687102206, 40.461164270260049 ], [ -79.870929357329331, 40.461168921398752 ], [ -79.870925598911484, 40.461169269618637 ], [ -79.870891525928897, 40.461172418037116 ], [ -79.870885703638507, 40.461172956364919 ], [ -79.870573482912164, 40.46118983589902 ], [ -79.870478027799706, 40.461183865810376 ], [ -79.8703511373878, 40.46117595980094 ], [ -79.870268273056539, 40.461170797263712 ], [ -79.870255615693594, 40.461170008767617 ], [ -79.869909813556589, 40.461119120285815 ], [ -79.869896740212624, 40.461116766505739 ], [ -79.869877072030732, 40.46111322383738 ], [ -79.869825783187409, 40.461103985755663 ], [ -79.86980750751934, 40.461100694098533 ], [ -79.869730695856958, 40.461086858564187 ], [ -79.869713870829102, 40.461083828561591 ], [ -79.869685114656164, 40.461078649019285 ], [ -79.869644101158045, 40.461071261048716 ], [ -79.869615054398267, 40.461066029163476 ], [ -79.869574106197845, 40.461058654384537 ], [ -79.869560035320063, 40.461056119771094 ], [ -79.86954425515502, 40.461053274176301 ], [ -79.869419594820968, 40.461030789344058 ], [ -79.869370312634771, 40.461021900733037 ], [ -79.869354091200933, 40.461018974019389 ], [ -79.869257231333691, 40.461001504189497 ], [ -79.869244542203788, 40.46099921536009 ], [ -79.86921025027786, 40.460993030952402 ], [ -79.869196178163861, 40.460990493615256 ], [ -79.869178344907212, 40.460987279329316 ], [ -79.869117613374328, 40.460976332182568 ], [ -79.869102257915571, 40.460973564322529 ], [ -79.869102339284737, 40.460973263750773 ] ] ] } },
{ "type": "Feature", "properties": { "Ward": 7, "District": 3, "Muni_War_1": "Pittsburgh Ward 7 Dist 3", "Gainey_2021_Total": 94, "Gainey_2025_Total": 105, "OConnor_2025_Total": 106, "Peduto_2021_Total": 61 }, "geometry": { "type": "Polygon", "coordinates": [ [ [ -79.925092471847933, 40.45898737683563 ], [ -79.925103667750292, 40.458991510098443 ], [ -79.926041699215816, 40.458767101061667 ], [ -79.928410899953519, 40.458181345202668 ], [ -79.929360124465006, 40.457910945909312 ], [ -79.929591381118271, 40.45783959760665 ], [ -79.92959468443027, 40.45783850023107 ], [ -79.930692248466897, 40.457473839093716 ], [ -79.931759753684545, 40.457051546316698 ], [ -79.932624285048945, 40.456629962936951 ], [ -79.932634728405262, 40.456624869560443 ], [ -79.933217135207272, 40.456294067776177 ], [ -79.933816579377023, 40.455837404306472 ], [ -79.934689345132014, 40.455084253161836 ], [ -79.935704108445805, 40.454392687205242 ], [ -79.937294565048745, 40.453783106663607 ], [ -79.937324412289598, 40.453771666622707 ], [ -79.938381155541521, 40.453520942871819 ], [ -79.939647366648998, 40.45348108700032 ], [ -79.940258698519486, 40.453558573154744 ], [ -79.941190023129792, 40.453801969384173 ], [ -79.94205871767241, 40.454100131175082 ], [ -79.943082134513034, 40.454566214086611 ], [ -79.943083856639078, 40.454567530003224 ], [ -79.938591214400475, 40.455909701014242 ], [ -79.936490278475375, 40.456564614777314 ], [ -79.934057291527182, 40.457261851706427 ], [ -79.92897963363788, 40.458758160301777 ], [ -79.925042815437934, 40.459952266963491 ], [ -79.925092471847933, 40.45898737683563 ] ] ] } },
{ "type": "Feature", "properties": { "Ward": 13, "District": 2, "Muni_War_1": "Pittsburgh Ward 13 Dist 2", "Gainey_2021_Total": 64, "Gainey_2025_Total": 69, "OConnor_2025_Total": 8, "Peduto_2021_Total": 23 }, "geometry": { "type": "Polygon", "coordinates": [ [ [ -79.895600997836254, 40.459189946354279 ], [ -79.89573507998999, 40.458844729759569 ], [ -79.896660019743692, 40.45646369166522 ], [ -79.898893556588931, 40.456970996569886 ], [ -79.898712401446431, 40.457434027413868 ], [ -79.901299673385253, 40.458015387215013 ], [ -79.90111502936702, 40.458489740369771 ], [ -79.900389807018328, 40.46035276928 ], [ -79.897821353644431, 40.4597190473579 ], [ -79.897755287850359, 40.459676342192687 ], [ -79.895600997836254, 40.459189946354279 ] ] ] } },
{ "type": "Feature", "properties": { "Ward": 7, "District": 12, "Muni_War_1": "Pittsburgh Ward 7 Dist 12", "Gainey_2021_Total": 118, "Gainey_2025_Total": 101, "OConnor_2025_Total": 176, "Peduto_2021_Total": 143 }, "geometry": { "type": "Polygon", "coordinates": [ [ [ -79.919334058799777, 40.458802137306179 ], [ -79.91242361853196, 40.454037467102786 ], [ -79.912708306831192, 40.453966424964037 ], [ -79.915353602661412, 40.453611974180447 ], [ -79.920712097594105, 40.452893778472948 ], [ -79.922542525899061, 40.455856728177231 ], [ -79.922449311444993, 40.45591320549287 ], [ -79.921620366093094, 40.455844233479873 ], [ -79.920704969766135, 40.455757631414535 ], [ -79.919825119870964, 40.455517846946321 ], [ -79.919646872341829, 40.455876698187581 ], [ -79.919410720449918, 40.456352115848475 ], [ -79.919328293296999, 40.456541494229903 ], [ -79.919402167842136, 40.4567899964348 ], [ -79.919666908018982, 40.457234292827032 ], [ -79.92007935255792, 40.457454583291295 ], [ -79.922242973969716, 40.458100524307135 ], [ -79.922071481064563, 40.459193494177512 ], [ -79.920830322087326, 40.459805786489213 ], [ -79.919334058799777, 40.458802137306179 ] ] ] } },
{ "type": "Feature", "properties": { "Ward": 13, "District": 15, "Muni_War_1": "Pittsburgh Ward 13 Dist 15", "Gainey_2021_Total": 62, "Gainey_2025_Total": 51, "OConnor_2025_Total": 8, "Peduto_2021_Total": 16 }, "geometry": { "type": "Polygon", "coordinates": [ [ [ -79.879207002603749, 40.459084815641951 ], [ -79.879203455180885, 40.458874128836477 ], [ -79.879146603866801, 40.458767060919449 ], [ -79.878932255401608, 40.458513699206584 ], [ -79.87887484063603, 40.458456644829738 ], [ -79.878792805848448, 40.458291949464019 ], [ -79.878304435115567, 40.45780961815511 ], [ -79.877686037579693, 40.45709371245691 ], [ -79.878389605594123, 40.456504796002918 ], [ -79.8793123994799, 40.455661053465079 ], [ -79.879595547945584, 40.45540991565526 ], [ -79.879866408545965, 40.45519287898955 ], [ -79.880191002953794, 40.454930316177737 ], [ -79.880607649085945, 40.454733603874843 ], [ -79.880695889109774, 40.45469879457292 ], [ -79.880702563281346, 40.454696161779736 ], [ -79.881549278043266, 40.454560765462929 ], [ -79.883519279986501, 40.45490874343777 ], [ -79.88455311933545, 40.45473932582582 ], [ -79.884731729588125, 40.455341042505772 ], [ -79.884452072181716, 40.455406272055747 ], [ -79.884386425201598, 40.456571357770528 ], [ -79.884414237164563, 40.457263297358082 ], [ -79.884630195584947, 40.45808675186737 ], [ -79.884815647438003, 40.458793871732183 ], [ -79.884920110169517, 40.459262498536987 ], [ -79.884739706120527, 40.459312424883755 ], [ -79.884781849298491, 40.460471455668035 ], [ -79.884765558394349, 40.460519522169555 ], [ -79.882949888247225, 40.460062708703035 ], [ -79.881941650399497, 40.459795677639868 ], [ -79.879207002603749, 40.459084815641951 ] ] ] } },
{ "type": "Feature", "properties": { "Ward": 13, "District": 6, "Muni_War_1": "Pittsburgh Ward 13 Dist 6", "Gainey_2021_Total": 72, "Gainey_2025_Total": 77, "OConnor_2025_Total": 1, "Peduto_2021_Total": 22 }, "geometry": { "type": "Polygon", "coordinates": [ [ [ -79.888604809703693, 40.458763067658069 ], [ -79.888605676724225, 40.458385906709033 ], [ -79.887726183653982, 40.456510152043414 ], [ -79.889608551160364, 40.456939706066386 ], [ -79.88946024768012, 40.457420563428514 ], [ -79.891334466423942, 40.457845986969076 ], [ -79.89573507998999, 40.458844729759569 ], [ -79.895600997836254, 40.459189946354279 ], [ -79.89521135436992, 40.460193114202333 ], [ -79.888607779552885, 40.45870721142834 ], [ -79.888604809703693, 40.458763067658069 ] ] ] } },
{ "type": "Feature", "properties": { "Ward": 22, "District": 3, "Muni_War_1": "Pittsburgh Ward 22 Dist 3", "Gainey_2021_Total": 87, "Gainey_2025_Total": 111, "OConnor_2025_Total": 92, "Peduto_2021_Total": 72 }, "geometry": { "type": "Polygon", "coordinates": [ [ [ -80.002618885306759, 40.456212967534441 ], [ -80.006632351002168, 40.455449362224208 ], [ -80.006140654998106, 40.453941172879418 ], [ -80.008015584421699, 40.45350889438231 ], [ -80.008044419094361, 40.453403901037255 ], [ -80.006896047450851, 40.450009244856048 ], [ -80.006795120954919, 40.449973887695599 ], [ -80.004897813923662, 40.450311939500182 ], [ -80.003346476138432, 40.445639422085655 ], [ -80.008251444414469, 40.444571984546315 ], [ -80.008255339977936, 40.444571198528479 ], [ -80.016192741635422, 40.442969692434914 ], [ -80.018302665610975, 40.449680124423537 ], [ -80.013413473815305, 40.450596324437228 ], [ -80.014567893446213, 40.453966321281086 ], [ -80.013620553825845, 40.454143994913188 ], [ -80.009593621525937, 40.454900848235539 ], [ -80.010336545299424, 40.457175951532342 ], [ -80.010302501202844, 40.457176087553698 ], [ -80.010281756641675, 40.457177762552732 ], [ -80.009367960106047, 40.457389305553512 ], [ -80.009352721714649, 40.457342811719137 ], [ -80.009255243023688, 40.457323609459031 ], [ -80.007355059469035, 40.457675119931139 ], [ -80.007226531590561, 40.457279197175225 ], [ -80.005282116442729, 40.457649364644446 ], [ -80.003591359747531, 40.45788805783188 ], [ -80.002123040161891, 40.458132600151657 ], [ -80.001566856261618, 40.456413101510684 ], [ -80.002618885306759, 40.456212967534441 ] ] ] } },
{ "type": "Feature", "properties": { "Ward": 7, "District": 9, "Muni_War_1": "Pittsburgh Ward 7 Dist 9", "Gainey_2021_Total": 114, "Gainey_2025_Total": 108, "OConnor_2025_Total": 102, "Peduto_2021_Total": 76 }, "geometry": { "type": "Polygon", "coordinates": [ [ [ -79.925092471847933, 40.45898737683563 ], [ -79.925297831744146, 40.454996705327254 ], [ -79.925324899725666, 40.454991014167426 ], [ -79.927509332088349, 40.454109402031591 ], [ -79.927912615376911, 40.454796007780985 ], [ -79.929398926380614, 40.457326374644637 ], [ -79.929531366138704, 40.457631777646235 ], [ -79.92959468443027, 40.45783850023107 ], [ -79.929591381118271, 40.45783959760665 ], [ -79.929360124465006, 40.457910945909312 ], [ -79.928410899953519, 40.458181345202668 ], [ -79.926041699215816, 40.458767101061667 ], [ -79.925103667750292, 40.458991510098443 ], [ -79.925092471847933, 40.45898737683563 ] ] ] } },
{ "type": "Feature", "properties": { "Ward": 23, "District": 1, "Muni_War_1": "Pittsburgh Ward 23 Dist 1", "Gainey_2021_Total": 108, "Gainey_2025_Total": 109, "OConnor_2025_Total": 132, "Peduto_2021_Total": 91 }, "geometry": { "type": "Polygon", "coordinates": [ [ [ -79.9853959635888, 40.455754027124499 ], [ -79.991793244097224, 40.450783807735242 ], [ -79.996552256909993, 40.447842326001144 ], [ -79.999796235353983, 40.446741504532071 ], [ -80.000554809152945, 40.448356569998253 ], [ -80.00070436100664, 40.448825450633898 ], [ -80.001340476279594, 40.450775580547891 ], [ -80.00090648085714, 40.450857228266152 ], [ -80.001491116845443, 40.452690645511161 ], [ -79.997707756497817, 40.453400813096145 ], [ -79.997864761482987, 40.453972850086103 ], [ -79.997522129830543, 40.454019328361426 ], [ -79.997273258968548, 40.454049047899822 ], [ -79.996814033509949, 40.454122938937601 ], [ -79.997214019486194, 40.455341751992265 ], [ -79.992437349854924, 40.456295312883825 ], [ -79.99266096897928, 40.457335632287347 ], [ -79.991304338028968, 40.456734403663013 ], [ -79.98920477178892, 40.457592852113223 ], [ -79.988286750277851, 40.457335271428761 ], [ -79.987430413340277, 40.45668663806125 ], [ -79.987305251146722, 40.456627336490712 ], [ -79.987245583743558, 40.456585704388111 ], [ -79.987064117646284, 40.456462210503439 ], [ -79.986831558608714, 40.456322063295588 ], [ -79.985714221506996, 40.455518038854606 ], [ -79.9853959635888, 40.455754027124499 ] ] ] } },
{ "type": "Feature", "properties": { "Ward": 22, "District": 2, "Muni_War_1": "Pittsburgh Ward 22 Dist 2", "Gainey_2021_Total": 93, "Gainey_2025_Total": 96, "OConnor_2025_Total": 133, "Peduto_2021_Total": 117 }, "geometry": { "type": "Polygon", "coordinates": [ [ [ -80.013620553825845, 40.454143994913188 ], [ -80.014363929441998, 40.45642075993338 ], [ -80.014365346198375, 40.456424914970185 ], [ -80.010336545299424, 40.457175951532342 ], [ -80.009593621525937, 40.454900848235539 ], [ -80.013620553825845, 40.454143994913188 ] ] ] } },
{ "type": "Feature", "properties": { "Ward": 5, "District": 8, "Muni_War_1": "Pittsburgh Ward 5 Dist 8", "Gainey_2021_Total": 94, "Gainey_2025_Total": 100, "OConnor_2025_Total": 28, "Peduto_2021_Total": 35 }, "geometry": { "type": "Polygon", "coordinates": [ [ [ -79.956791412455217, 40.451188506970936 ], [ -79.956793066578513, 40.451186909680544 ], [ -79.957250811531551, 40.451458846582007 ], [ -79.956847689927017, 40.452142366006804 ], [ -79.959826206784982, 40.453145955123446 ], [ -79.960626805165049, 40.453431574052587 ], [ -79.961516412056383, 40.454197981298947 ], [ -79.961397898650091, 40.454283482720285 ], [ -79.961921664271159, 40.454923111570658 ], [ -79.962957330045441, 40.45596318580715 ], [ -79.962998478081545, 40.456073984915186 ], [ -79.963056465831841, 40.456143550470649 ], [ -79.963152138383023, 40.456258324301196 ], [ -79.963152634333611, 40.456258918386709 ], [ -79.962995891998489, 40.45630082344433 ], [ -79.960420025661747, 40.456979563140905 ], [ -79.958844100573799, 40.457981108388857 ], [ -79.958843099011148, 40.457981748225244 ], [ -79.958465312969679, 40.457648480749896 ], [ -79.958379710716059, 40.457573309270693 ], [ -79.958273444984385, 40.457513122035245 ], [ -79.958103147888096, 40.457408331744027 ], [ -79.957979183820029, 40.457324688652463 ], [ -79.957881061618764, 40.457251690135749 ], [ -79.95772050734719, 40.457066377526772 ], [ -79.957548537351641, 40.456844551699653 ], [ -79.957343964630994, 40.456628145357385 ], [ -79.957216488257444, 40.456506007867198 ], [ -79.957112678996651, 40.456332141003926 ], [ -79.957086285341887, 40.456248102269939 ], [ -79.957075243655709, 40.45621294418811 ], [ -79.957031745373143, 40.456170112467802 ], [ -79.956993386018084, 40.456132340971017 ], [ -79.956874094895298, 40.45593253988519 ], [ -79.957064886306952, 40.455439755232511 ], [ -79.957185184372278, 40.455082644562545 ], [ -79.957566452434705, 40.454360256068298 ], [ -79.955891667692754, 40.453794930698521 ], [ -79.955503581296014, 40.453640944673985 ], [ -79.955191359170186, 40.45349679243003 ], [ -79.955165758151196, 40.453468955829244 ], [ -79.955125203983826, 40.453424860096405 ], [ -79.955093514231677, 40.45332137947991 ], [ -79.955100995379553, 40.453261601194995 ], [ -79.955127926097404, 40.453211259572264 ], [ -79.955154443284243, 40.45316168886567 ], [ -79.955375199218139, 40.452767842178424 ], [ -79.955580718420563, 40.452429596267166 ], [ -79.955670516056202, 40.45229354809846 ], [ -79.955901626526369, 40.452065799049521 ], [ -79.956128425032432, 40.451842298314801 ], [ -79.956459765402016, 40.451508611746078 ], [ -79.956791412455217, 40.451188506970936 ] ] ] } },
{ "type": "Feature", "properties": { "Ward": 12, "District": 8, "Muni_War_1": "Pittsburgh Ward 12 Dist 8", "Gainey_2021_Total": 40, "Gainey_2025_Total": 47, "OConnor_2025_Total": 1, "Peduto_2021_Total": 10 }, "geometry": { "type": "Polygon", "coordinates": [ [ [ -79.90111502936702, 40.458489740369771 ], [ -79.901299673385253, 40.458015387215013 ], [ -79.902171141764214, 40.455801766399816 ], [ -79.903037857499726, 40.45448701318908 ], [ -79.904973863135439, 40.455328161956508 ], [ -79.905700164333837, 40.455654890801789 ], [ -79.906138390327257, 40.455799796368176 ], [ -79.906672985692026, 40.455895106538833 ], [ -79.907148981951849, 40.455928356226273 ], [ -79.907886520539151, 40.456060974676802 ], [ -79.909547265317713, 40.456691327004762 ], [ -79.908039273140034, 40.458674072973025 ], [ -79.907309040095782, 40.458516123601164 ], [ -79.904634085938653, 40.458107208873294 ], [ -79.903193976611036, 40.458135846456621 ], [ -79.902329008189469, 40.458473901352178 ], [ -79.901924098205697, 40.458641125201368 ], [ -79.90111502936702, 40.458489740369771 ] ] ] } },
{ "type": "Feature", "properties": { "Ward": 28, "District": 8, "Muni_War_1": "Pittsburgh Ward 28 Dist 8", "Gainey_2021_Total": 60, "Gainey_2025_Total": 102, "OConnor_2025_Total": 171, "Peduto_2021_Total": 130 }, "geometry": { "type": "Polygon", "coordinates": [ [ [ -80.072696098115216, 40.455284736216896 ], [ -80.07242714197919, 40.455035359020634 ], [ -80.072237481354435, 40.454754040450723 ], [ -80.072069780527698, 40.454465318275886 ], [ -80.071959731619543, 40.454161159366748 ], [ -80.072016728109844, 40.453885400216002 ], [ -80.072073396827392, 40.453741673151114 ], [ -80.072136896195772, 40.453580618797524 ], [ -80.072156843876542, 40.453275571578132 ], [ -80.06985598459805, 40.451812973954191 ], [ -80.069439184553801, 40.451568858491449 ], [ -80.065940247083105, 40.450522790052453 ], [ -80.064458243440185, 40.449667088554861 ], [ -80.062846584572469, 40.448548310161598 ], [ -80.060199810774535, 40.450512489447213 ], [ -80.058931488218647, 40.451382787767905 ], [ -80.057395331521292, 40.451877518381011 ], [ -80.055041010797794, 40.449742526858181 ], [ -80.055284809849681, 40.448054924408545 ], [ -80.055270799018999, 40.447464309696279 ], [ -80.056748618783672, 40.444316744558691 ], [ -80.056748932419751, 40.444316468029925 ], [ -80.056749841926873, 40.444316720143647 ], [ -80.057438131515042, 40.444371493130184 ], [ -80.058048535774319, 40.444420065403264 ], [ -80.058233486621745, 40.444434782077529 ], [ -80.058496307585656, 40.444553998085581 ], [ -80.059434769606938, 40.445248671716556 ], [ -80.059948199260504, 40.445628716719042 ], [ -80.061894887582028, 40.447810016330848 ], [ -80.062255168243823, 40.447508340129886 ], [ -80.062593592321633, 40.447224960344514 ], [ -80.062623423850724, 40.447240940770108 ], [ -80.062623472171225, 40.447240905569153 ], [ -80.06263798909707, 40.447251209602214 ], [ -80.062672041184271, 40.447275378481024 ], [ -80.062745540051111, 40.447328383898494 ], [ -80.062827670139228, 40.447387658841777 ], [ -80.062896934063716, 40.447433906617682 ], [ -80.062907700481006, 40.447441096507788 ], [ -80.062964438922478, 40.447478785963995 ], [ -80.063044814515877, 40.447532175187604 ], [ -80.063090810671696, 40.447563168814952 ], [ -80.063225402639631, 40.447653863535606 ], [ -80.063281939330238, 40.447692227146248 ], [ -80.063327583854942, 40.447723207901603 ], [ -80.063403649894667, 40.44777346695129 ], [ -80.06363248437323, 40.447918607681039 ], [ -80.064054904033853, 40.447587044048355 ], [ -80.064294807534679, 40.447680869344808 ], [ -80.064289635739371, 40.448173497145469 ], [ -80.065347875258965, 40.448543632224158 ], [ -80.065348421565119, 40.448824415234363 ], [ -80.066194275823506, 40.449380831715921 ], [ -80.066256697046526, 40.449309110810979 ], [ -80.066681827743935, 40.448820648008571 ], [ -80.06714187392771, 40.448891120313569 ], [ -80.067228433377835, 40.448812305008715 ], [ -80.068040412714353, 40.448072960232764 ], [ -80.06823433577047, 40.447896381140467 ], [ -80.06836245131376, 40.447779723384741 ], [ -80.068616455059825, 40.447845973321265 ], [ -80.069784743069619, 40.448809582136953 ], [ -80.070331628887175, 40.449013452206067 ], [ -80.071162994950711, 40.449214967782119 ], [ -80.07196684823181, 40.449342118798462 ], [ -80.072547805089428, 40.449404963912329 ], [ -80.072868802748729, 40.449555345451316 ], [ -80.073410759252042, 40.450191070951078 ], [ -80.074368491116303, 40.451000517939548 ], [ -80.075173529033606, 40.451621427252078 ], [ -80.076501345573035, 40.452454969726375 ], [ -80.077348495091172, 40.453167755286344 ], [ -80.074343062727394, 40.455433204383596 ], [ -80.072696098115216, 40.455284736216896 ] ] ] } },
{ "type": "Feature", "properties": { "Ward": 13, "District": 7, "Muni_War_1": "Pittsburgh Ward 13 Dist 7", "Gainey_2021_Total": 63, "Gainey_2025_Total": 68, "OConnor_2025_Total": 10, "Peduto_2021_Total": 10 }, "geometry": { "type": "Polygon", "coordinates": [ [ [ -79.891334466423942, 40.457845986969076 ], [ -79.892629000759513, 40.454529835382012 ], [ -79.89262917361313, 40.454529819565806 ], [ -79.897024188690111, 40.455526177187302 ], [ -79.896660019743692, 40.45646369166522 ], [ -79.89573507998999, 40.458844729759569 ], [ -79.891334466423942, 40.457845986969076 ] ] ] } },
{ "type": "Feature", "properties": { "Ward": 22, "District": 1, "Muni_War_1": "Pittsburgh Ward 22 Dist 1", "Gainey_2021_Total": 85, "Gainey_2025_Total": 114, "OConnor_2025_Total": 129, "Peduto_2021_Total": 109 }, "geometry": { "type": "Polygon", "coordinates": [ [ [ -80.013620553825845, 40.454143994913188 ], [ -80.014567893446213, 40.453966321281086 ], [ -80.013413473815305, 40.450596324437228 ], [ -80.018302665610975, 40.449680124423537 ], [ -80.018312329974876, 40.449678313155495 ], [ -80.019425153321393, 40.453098980079957 ], [ -80.020108814466326, 40.455200281857373 ], [ -80.019751529192348, 40.455267715375356 ], [ -80.017344313952222, 40.455722016314041 ], [ -80.015348009093657, 40.456095925213077 ], [ -80.015390825335999, 40.456233722712142 ], [ -80.014365346198375, 40.456424914970185 ], [ -80.014363929441998, 40.45642075993338 ], [ -80.013620553825845, 40.454143994913188 ] ] ] } },
{ "type": "Feature", "properties": { "Ward": 21, "District": 3, "Muni_War_1": "Pittsburgh Ward 21 Dist 3", "Gainey_2021_Total": 137, "Gainey_2025_Total": 168, "OConnor_2025_Total": 33, "Peduto_2021_Total": 62 }, "geometry": { "type": "Polygon", "coordinates": [ [ [ -80.020108814466326, 40.455200281857373 ], [ -80.019425153321393, 40.453098980079957 ], [ -80.019504713497412, 40.453089598206525 ], [ -80.019681137856722, 40.453079001529012 ], [ -80.019849958960606, 40.453089634568215 ], [ -80.020117231698379, 40.453135982509231 ], [ -80.020294942799566, 40.453166799354484 ], [ -80.020512901315968, 40.453165587161429 ], [ -80.020696134046929, 40.453143574325566 ], [ -80.020986407968081, 40.454030766486774 ], [ -80.026024843672289, 40.453095227244695 ], [ -80.026057658590375, 40.453194037823067 ], [ -80.026638210254973, 40.454972056590378 ], [ -80.022746317792723, 40.455689779084594 ], [ -80.020404396036326, 40.456121790071144 ], [ -80.020108814466326, 40.455200281857373 ] ] ] } },
{ "type": "Feature", "properties": { "Ward": 7, "District": 8, "Muni_War_1": "Pittsburgh Ward 7 Dist 8", "Gainey_2021_Total": 68, "Gainey_2025_Total": 76, "OConnor_2025_Total": 85, "Peduto_2021_Total": 51 }, "geometry": { "type": "Polygon", "coordinates": [ [ [ -79.927912615376911, 40.454796007780985 ], [ -79.927913406107635, 40.454795624430098 ], [ -79.929446516695847, 40.454166116900396 ], [ -79.930877099794486, 40.453697614952148 ], [ -79.932624285048945, 40.456629962936951 ], [ -79.931759753684545, 40.457051546316698 ], [ -79.930692248466897, 40.457473839093716 ], [ -79.92959468443027, 40.45783850023107 ], [ -79.929531366138704, 40.457631777646235 ], [ -79.929398926380614, 40.457326374644637 ], [ -79.927912615376911, 40.454796007780985 ] ] ] } },
{ "type": "Feature", "properties": { "Ward": 22, "District": 4, "Muni_War_1": "Pittsburgh Ward 22 Dist 4", "Gainey_2021_Total": 64, "Gainey_2025_Total": 67, "OConnor_2025_Total": 49, "Peduto_2021_Total": 30 }, "geometry": { "type": "Polygon", "coordinates": [ [ [ -80.001491116845443, 40.452690645511161 ], [ -80.00090648085714, 40.450857228266152 ], [ -80.001340476279594, 40.450775580547891 ], [ -80.00070436100664, 40.448825450633898 ], [ -80.000554809152945, 40.448356569998253 ], [ -79.999796235353983, 40.446741504532071 ], [ -80.002426261810285, 40.445839656684967 ], [ -80.003346476138432, 40.445639422085655 ], [ -80.004897813923662, 40.450311939500182 ], [ -80.006795120954919, 40.449973887695599 ], [ -80.006896047450851, 40.450009244856048 ], [ -80.008044419094361, 40.453403901037255 ], [ -80.008015584421699, 40.45350889438231 ], [ -80.006140654998106, 40.453941172879418 ], [ -80.006632351002168, 40.455449362224208 ], [ -80.002618885306759, 40.456212967534441 ], [ -80.001491116845443, 40.452690645511161 ] ] ] } },
{ "type": "Feature", "properties": { "Ward": 13, "District": 1, "Muni_War_1": "Pittsburgh Ward 13 Dist 1", "Gainey_2021_Total": 68, "Gainey_2025_Total": 84, "OConnor_2025_Total": 12, "Peduto_2021_Total": 15 }, "geometry": { "type": "Polygon", "coordinates": [ [ [ -79.896660019743692, 40.45646369166522 ], [ -79.897024188690111, 40.455526177187302 ], [ -79.897236536676033, 40.455068917788665 ], [ -79.898760692926231, 40.452804835954879 ], [ -79.903037857499726, 40.45448701318908 ], [ -79.902171141764214, 40.455801766399816 ], [ -79.901299673385253, 40.458015387215013 ], [ -79.898712401446431, 40.457434027413868 ], [ -79.898893556588931, 40.456970996569886 ], [ -79.896660019743692, 40.45646369166522 ] ] ] } },
{ "type": "Feature", "properties": { "Ward": 13, "District": 9, "Muni_War_1": "Pittsburgh Ward 13 Dist 9", "Gainey_2021_Total": 48, "Gainey_2025_Total": 66, "OConnor_2025_Total": 2, "Peduto_2021_Total": 14 }, "geometry": { "type": "Polygon", "coordinates": [ [ [ -79.887726183653982, 40.456510152043414 ], [ -79.888458144458539, 40.454597637438567 ], [ -79.889190011921514, 40.452725536055993 ], [ -79.8897577313749, 40.452846826156375 ], [ -79.889572013796936, 40.453323483408781 ], [ -79.892812060125351, 40.454060872285019 ], [ -79.892629000759513, 40.454529835382012 ], [ -79.891334466423942, 40.457845986969076 ], [ -79.88946024768012, 40.457420563428514 ], [ -79.889608551160364, 40.456939706066386 ], [ -79.887726183653982, 40.456510152043414 ] ] ] } },
{ "type": "Feature", "properties": { "Ward": 5, "District": 7, "Muni_War_1": "Pittsburgh Ward 5 Dist 7", "Gainey_2021_Total": 75, "Gainey_2025_Total": 111, "OConnor_2025_Total": 16, "Peduto_2021_Total": 24 }, "geometry": { "type": "Polygon", "coordinates": [ [ [ -79.959826206784982, 40.453145955123446 ], [ -79.960012848207995, 40.452851290922375 ], [ -79.960331429585906, 40.452507581528181 ], [ -79.960614338467096, 40.452009376243268 ], [ -79.960644533595612, 40.452016101149646 ], [ -79.960684945023104, 40.452025100821018 ], [ -79.961722300775904, 40.452373831335215 ], [ -79.962130114902493, 40.45251092417368 ], [ -79.96252371392913, 40.452556651381144 ], [ -79.962854976552606, 40.452585085827344 ], [ -79.963073888202686, 40.452611584293876 ], [ -79.963193560137867, 40.452632234323538 ], [ -79.963008127806035, 40.452724979943106 ], [ -79.962192391052312, 40.453121971352481 ], [ -79.962410564776576, 40.453184638872649 ], [ -79.962512969236613, 40.453190481054754 ], [ -79.96266079307658, 40.453198913889544 ], [ -79.962768667094252, 40.453214855274112 ], [ -79.962831146943444, 40.453226528901297 ], [ -79.962889930892075, 40.453265303813744 ], [ -79.964376862797181, 40.452271143818869 ], [ -79.964924896631601, 40.452883179320487 ], [ -79.964978970434714, 40.45288712667044 ], [ -79.965742002792936, 40.453752797412712 ], [ -79.965786800904013, 40.453844439847323 ], [ -79.966004792434703, 40.45519057048898 ], [ -79.965927372479058, 40.455264783723429 ], [ -79.964292476462774, 40.455955206246621 ], [ -79.96362313722436, 40.456133127264252 ], [ -79.963152634333611, 40.456258918386709 ], [ -79.963152138383023, 40.456258324301196 ], [ -79.963056465831841, 40.456143550470649 ], [ -79.962998478081545, 40.456073984915186 ], [ -79.962957330045441, 40.45596318580715 ], [ -79.961921664271159, 40.454923111570658 ], [ -79.961397898650091, 40.454283482720285 ], [ -79.961516412056383, 40.454197981298947 ], [ -79.960626805165049, 40.453431574052587 ], [ -79.959826206784982, 40.453145955123446 ] ] ] } },
{ "type": "Feature", "properties": { "Ward": 7, "District": 4, "Muni_War_1": "Pittsburgh Ward 7 Dist 4", "Gainey_2021_Total": 98, "Gainey_2025_Total": 112, "OConnor_2025_Total": 104, "Peduto_2021_Total": 72 }, "geometry": { "type": "Polygon", "coordinates": [ [ [ -79.930877099794486, 40.453697614952148 ], [ -79.932902894268409, 40.45302904547875 ], [ -79.934608280419596, 40.452466181055101 ], [ -79.934766643497085, 40.45234345419545 ], [ -79.93623196378519, 40.451880993243172 ], [ -79.936293231879574, 40.451990670053505 ], [ -79.937294565048745, 40.453783106663607 ], [ -79.935704108445805, 40.454392687205242 ], [ -79.934689345132014, 40.455084253161836 ], [ -79.933816579377023, 40.455837404306472 ], [ -79.933217135207272, 40.456294067776177 ], [ -79.932634728405262, 40.456624869560443 ], [ -79.932624285048945, 40.456629962936951 ], [ -79.930877099794486, 40.453697614952148 ] ] ] } },
{ "type": "Feature", "properties": { "Ward": 28, "District": 10, "Muni_War_1": "Pittsburgh Ward 28 Dist 10", "Gainey_2021_Total": 29, "Gainey_2025_Total": 55, "OConnor_2025_Total": 30, "Peduto_2021_Total": 23 }, "geometry": { "type": "Polygon", "coordinates": [ [ [ -80.077348495091172, 40.453167755286344 ], [ -80.076501345573035, 40.452454969726375 ], [ -80.075173529033606, 40.451621427252078 ], [ -80.074368491116303, 40.451000517939548 ], [ -80.073410759252042, 40.450191070951078 ], [ -80.072868802748729, 40.449555345451316 ], [ -80.072547805089428, 40.449404963912329 ], [ -80.07196684823181, 40.449342118798462 ], [ -80.071162994950711, 40.449214967782119 ], [ -80.070331628887175, 40.449013452206067 ], [ -80.069784743069619, 40.448809582136953 ], [ -80.068616455059825, 40.447845973321265 ], [ -80.07158870459827, 40.448621152433098 ], [ -80.072946142129595, 40.448324521137032 ], [ -80.073149747876883, 40.448652548178138 ], [ -80.076535403509524, 40.447979034633022 ], [ -80.076360153428112, 40.447243900007635 ], [ -80.076487681443624, 40.447223604028451 ], [ -80.076874198121104, 40.4471675117234 ], [ -80.077225334390462, 40.447048135196638 ], [ -80.077490204164292, 40.446948191356263 ], [ -80.077753685585463, 40.446848770350414 ], [ -80.077854153468223, 40.446810859348268 ], [ -80.078454393550942, 40.446548785558079 ], [ -80.07851401187402, 40.44652417626402 ], [ -80.07850139326932, 40.446496751265187 ], [ -80.078581492392928, 40.446495104021608 ], [ -80.078842404828222, 40.446473700605871 ], [ -80.078997983393322, 40.44649702658937 ], [ -80.079294767943281, 40.446572549575031 ], [ -80.079836205077555, 40.44671391276998 ], [ -80.080455785155408, 40.446888434629251 ], [ -80.08079813893049, 40.447089659138122 ], [ -80.082484310435078, 40.448277644817928 ], [ -80.077969309807429, 40.452045769623766 ], [ -80.0778488503624, 40.452431582363666 ], [ -80.077865801325544, 40.452632617038788 ], [ -80.077954300278691, 40.452912560867766 ], [ -80.077931363295207, 40.453133314202397 ], [ -80.077680487923132, 40.45345504812154 ], [ -80.077348495091172, 40.453167755286344 ] ] ] } },
{ "type": "Feature", "properties": { "Ward": 14, "District": 12, "Muni_War_1": "Pittsburgh Ward 14 Dist 12", "Gainey_2021_Total": 193, "Gainey_2025_Total": 138, "OConnor_2025_Total": 77, "Peduto_2021_Total": 59 }, "geometry": { "type": "Polygon", "coordinates": [ [ [ -79.903037857499726, 40.45448701318908 ], [ -79.90391569191668, 40.453312434368584 ], [ -79.906287164551685, 40.454128856764655 ], [ -79.90819171194498, 40.451486952275744 ], [ -79.909771035681686, 40.452224715692232 ], [ -79.91242361853196, 40.454037467102786 ], [ -79.912283812085022, 40.454091309775443 ], [ -79.909547265317713, 40.456691327004762 ], [ -79.907886520539151, 40.456060974676802 ], [ -79.907148981951849, 40.455928356226273 ], [ -79.906672985692026, 40.455895106538833 ], [ -79.906138390327257, 40.455799796368176 ], [ -79.905700164333837, 40.455654890801789 ], [ -79.904973863135439, 40.455328161956508 ], [ -79.903037857499726, 40.45448701318908 ] ] ] } },
{ "type": "Feature", "properties": { "Ward": 13, "District": 18, "Muni_War_1": "Pittsburgh Ward 13 Dist 18", "Gainey_2021_Total": 18, "Gainey_2025_Total": 23, "OConnor_2025_Total": 2, "Peduto_2021_Total": 5 }, "geometry": { "type": "Polygon", "coordinates": [ [ [ -79.868279522782117, 40.45635123075872 ], [ -79.865843239813103, 40.455744827203922 ], [ -79.865976129709551, 40.455096846240551 ], [ -79.866261471720165, 40.453705451130396 ], [ -79.866473333779837, 40.452770027679016 ], [ -79.867728952529475, 40.452171295197608 ], [ -79.873104426786568, 40.452448184179282 ], [ -79.873445120427036, 40.452449980874043 ], [ -79.873597203177013, 40.45263660495656 ], [ -79.873515643857885, 40.453048896462718 ], [ -79.873418759392948, 40.453382314772284 ], [ -79.873251919021442, 40.453705864689844 ], [ -79.872949189464137, 40.454052737847206 ], [ -79.872560771381401, 40.454373085444189 ], [ -79.872007027378771, 40.454638180449223 ], [ -79.871538067088338, 40.454827667078867 ], [ -79.871250782862148, 40.455022142457871 ], [ -79.870995243166178, 40.455340279140131 ], [ -79.870879566108414, 40.455748178381448 ], [ -79.870949749930375, 40.456093973543432 ], [ -79.871049350251553, 40.456260668782569 ], [ -79.871222697131103, 40.456500660923297 ], [ -79.87138007026725, 40.456689890591193 ], [ -79.87148179591675, 40.456995551354211 ], [ -79.871473481426108, 40.457146227038344 ], [ -79.868279522782117, 40.45635123075872 ] ] ] } },
{ "type": "Feature", "properties": { "Ward": 5, "District": 5, "Muni_War_1": "Pittsburgh Ward 5 Dist 5", "Gainey_2021_Total": 29, "Gainey_2025_Total": 49, "OConnor_2025_Total": 5, "Peduto_2021_Total": 17 }, "geometry": { "type": "Polygon", "coordinates": [ [ [ -79.964924896631601, 40.452883179320487 ], [ -79.965193534602221, 40.452731212715847 ], [ -79.96892062529831, 40.451149152988634 ], [ -79.968921931041692, 40.45114866036846 ], [ -79.969456688399006, 40.451997115689728 ], [ -79.971578715356586, 40.451095777310819 ], [ -79.972392586834999, 40.452462752342861 ], [ -79.966597670731488, 40.454883374780103 ], [ -79.96619670286951, 40.455085430611859 ], [ -79.966091201370773, 40.455122719756702 ], [ -79.966004792434703, 40.45519057048898 ], [ -79.965786800904013, 40.453844439847323 ], [ -79.965742002792936, 40.453752797412712 ], [ -79.964978970434714, 40.45288712667044 ], [ -79.964924896631601, 40.452883179320487 ] ] ] } },
{ "type": "Feature", "properties": { "Ward": 7, "District": 10, "Muni_War_1": "Pittsburgh Ward 7 Dist 10", "Gainey_2021_Total": 116, "Gainey_2025_Total": 103, "OConnor_2025_Total": 166, "Peduto_2021_Total": 129 }, "geometry": { "type": "Polygon", "coordinates": [ [ [ -79.920712097594105, 40.452893778472948 ], [ -79.922075344007595, 40.452686258120963 ], [ -79.925786744459344, 40.451200806792222 ], [ -79.925821900030456, 40.451203691658037 ], [ -79.927509332088349, 40.454109402031591 ], [ -79.925324899725666, 40.454991014167426 ], [ -79.925297831744146, 40.454996705327254 ], [ -79.9253408226175, 40.454161217303621 ], [ -79.922542525899061, 40.455856728177231 ], [ -79.920712097594105, 40.452893778472948 ] ] ] } },
{ "type": "Feature", "properties": { "Ward": 13, "District": 8, "Muni_War_1": "Pittsburgh Ward 13 Dist 8", "Gainey_2021_Total": 55, "Gainey_2025_Total": 66, "OConnor_2025_Total": 10, "Peduto_2021_Total": 9 }, "geometry": { "type": "Polygon", "coordinates": [ [ [ -79.897024188690111, 40.455526177187302 ], [ -79.89262917361313, 40.454529819565806 ], [ -79.892629000759513, 40.454529835382012 ], [ -79.892812060125351, 40.454060872285019 ], [ -79.893124626476791, 40.453230722108138 ], [ -79.893526181101777, 40.45342917159293 ], [ -79.893601483362033, 40.453440257249845 ], [ -79.894005415991586, 40.452846880451865 ], [ -79.893198193277641, 40.452541106976149 ], [ -79.89362307043271, 40.451885820278591 ], [ -79.895222700471365, 40.452511872170895 ], [ -79.895655629926694, 40.451898473629086 ], [ -79.89252150992985, 40.450672781120559 ], [ -79.892647143218682, 40.450490541338283 ], [ -79.892784393480795, 40.450301693584322 ], [ -79.894009402244933, 40.450920175610186 ], [ -79.896054379569208, 40.451750624950705 ], [ -79.898760692926231, 40.452804835954879 ], [ -79.897236536676033, 40.455068917788665 ], [ -79.897024188690111, 40.455526177187302 ] ] ] } },
{ "type": "Feature", "properties": { "Ward": 7, "District": 13, "Muni_War_1": "Pittsburgh Ward 7 Dist 13", "Gainey_2021_Total": 31, "Gainey_2025_Total": 31, "OConnor_2025_Total": 42, "Peduto_2021_Total": 41 }, "geometry": { "type": "Polygon", "coordinates": [ [ [ -79.941190023129792, 40.453801969384173 ], [ -79.941623955941409, 40.452612152167525 ], [ -79.941275400439352, 40.451873095816325 ], [ -79.943232077418941, 40.451430809016856 ], [ -79.943363213191631, 40.451810753354167 ], [ -79.943559355519511, 40.452370957218577 ], [ -79.944448764379445, 40.454159720178012 ], [ -79.943083856639078, 40.454567530003224 ], [ -79.943082134513034, 40.454566214086611 ], [ -79.94205871767241, 40.454100131175082 ], [ -79.941190023129792, 40.453801969384173 ] ] ] } },
{ "type": "Feature", "properties": { "Ward": 7, "District": 6, "Muni_War_1": "Pittsburgh Ward 7 Dist 6", "Gainey_2021_Total": 71, "Gainey_2025_Total": 86, "OConnor_2025_Total": 81, "Peduto_2021_Total": 80 }, "geometry": { "type": "Polygon", "coordinates": [ [ [ -79.927509332088349, 40.454109402031591 ], [ -79.925821900030456, 40.451203691658037 ], [ -79.92581404506231, 40.451190165387537 ], [ -79.927507839399638, 40.450513961599334 ], [ -79.929216681089642, 40.453426721329883 ], [ -79.931372300041815, 40.452740873962803 ], [ -79.930979218228742, 40.452061835404542 ], [ -79.932183340431976, 40.451687593302339 ], [ -79.932189735037213, 40.451686010471754 ], [ -79.932902894268409, 40.45302904547875 ], [ -79.930877099794486, 40.453697614952148 ], [ -79.929446516695847, 40.454166116900396 ], [ -79.927913406107635, 40.454795624430098 ], [ -79.927912615376911, 40.454796007780985 ], [ -79.927509332088349, 40.454109402031591 ] ] ] } },
{ "type": "Feature", "properties": { "Ward": 7, "District": 14, "Muni_War_1": "Pittsburgh Ward 7 Dist 14", "Gainey_2021_Total": 39, "Gainey_2025_Total": 32, "OConnor_2025_Total": 80, "Peduto_2021_Total": 54 }, "geometry": { "type": "Polygon", "coordinates": [ [ [ -79.943363213191631, 40.451810753354167 ], [ -79.945249744939204, 40.451426819490194 ], [ -79.947572602796555, 40.450744476882448 ], [ -79.948751378108398, 40.450392227503215 ], [ -79.949688037607984, 40.452584604636492 ], [ -79.947322221674341, 40.453295893474042 ], [ -79.944448764379445, 40.454159720178012 ], [ -79.943559355519511, 40.452370957218577 ], [ -79.943363213191631, 40.451810753354167 ] ] ] } },
{ "type": "Feature", "properties": { "Ward": 13, "District": 12, "Muni_War_1": "Pittsburgh Ward 13 Dist 12", "Gainey_2021_Total": 71, "Gainey_2025_Total": 89, "OConnor_2025_Total": 11, "Peduto_2021_Total": 18 }, "geometry": { "type": "Polygon", "coordinates": [ [ [ -79.885943604699577, 40.45507367751523 ], [ -79.885648497163103, 40.454026549015239 ], [ -79.884402550699406, 40.454182134376303 ], [ -79.884552180851145, 40.454736165864361 ], [ -79.88455311933545, 40.45473932582582 ], [ -79.883519279986501, 40.45490874343777 ], [ -79.881549278043266, 40.454560765462929 ], [ -79.880702563281346, 40.454696161779736 ], [ -79.880695889109774, 40.45469879457292 ], [ -79.878897866695027, 40.453264364941248 ], [ -79.878859489914944, 40.453233730409302 ], [ -79.878380879211775, 40.449918709272794 ], [ -79.87841915311364, 40.449911694904266 ], [ -79.878480578863972, 40.449900435463796 ], [ -79.878893158413376, 40.44982323259044 ], [ -79.881679753624724, 40.449325401031707 ], [ -79.882223361823478, 40.449231098140203 ], [ -79.884029101999815, 40.448917826099049 ], [ -79.884067971109857, 40.449078148723736 ], [ -79.884083684996, 40.449142961147203 ], [ -79.884083694413434, 40.449142997908119 ], [ -79.884562988976796, 40.451013652599158 ], [ -79.884777643158145, 40.451851580201065 ], [ -79.884821702164118, 40.45198016167226 ], [ -79.884898796468036, 40.452130528040726 ], [ -79.88508673521784, 40.452361821324544 ], [ -79.88516777588768, 40.452452309056909 ], [ -79.8852717879723, 40.452742026631064 ], [ -79.885313889549067, 40.452880957004105 ], [ -79.887169392758452, 40.453288906781253 ], [ -79.886807219899069, 40.4542237668309 ], [ -79.886436693687116, 40.455150628926511 ], [ -79.886110822669963, 40.455075994217388 ], [ -79.885943604699577, 40.45507367751523 ] ] ] } },
{ "type": "Feature", "properties": { "Ward": 7, "District": 2, "Muni_War_1": "Pittsburgh Ward 7 Dist 2", "Gainey_2021_Total": 73, "Gainey_2025_Total": 70, "OConnor_2025_Total": 245, "Peduto_2021_Total": 189 }, "geometry": { "type": "Polygon", "coordinates": [ [ [ -79.937294565048745, 40.453783106663607 ], [ -79.936293231879574, 40.451990670053505 ], [ -79.936295226324731, 40.451989115275225 ], [ -79.934205222130444, 40.448399928651341 ], [ -79.935651149192481, 40.447947160933026 ], [ -79.937210847139525, 40.447798981643288 ], [ -79.937215922082743, 40.447798609034557 ], [ -79.942452458069766, 40.44741444030241 ], [ -79.942643434473709, 40.448738847643035 ], [ -79.943050217768487, 40.450876156782911 ], [ -79.940948330606105, 40.451315968582641 ], [ -79.941275400439352, 40.451873095816325 ], [ -79.941623955941409, 40.452612152167525 ], [ -79.941190023129792, 40.453801969384173 ], [ -79.940258698519486, 40.453558573154744 ], [ -79.939647366648998, 40.45348108700032 ], [ -79.938381155541521, 40.453520942871819 ], [ -79.937324412289598, 40.453771666622707 ], [ -79.937294565048745, 40.453783106663607 ] ] ] } },
{ "type": "Feature", "properties": { "Ward": 14, "District": 13, "Muni_War_1": "Pittsburgh Ward 14 Dist 13", "Gainey_2021_Total": 207, "Gainey_2025_Total": 209, "OConnor_2025_Total": 88, "Peduto_2021_Total": 118 }, "geometry": { "type": "Polygon", "coordinates": [ [ [ -79.898760692926231, 40.452804835954879 ], [ -79.90131589452902, 40.449181307734356 ], [ -79.90376087816361, 40.449997954971543 ], [ -79.90819171194498, 40.451486952275744 ], [ -79.906287164551685, 40.454128856764655 ], [ -79.90391569191668, 40.453312434368584 ], [ -79.903037857499726, 40.45448701318908 ], [ -79.898760692926231, 40.452804835954879 ] ] ] } },
{ "type": "Feature", "properties": { "Ward": 5, "District": 12, "Muni_War_1": "Pittsburgh Ward 5 Dist 12", "Gainey_2021_Total": 71, "Gainey_2025_Total": 76, "OConnor_2025_Total": 14, "Peduto_2021_Total": 18 }, "geometry": { "type": "Polygon", "coordinates": [ [ [ -79.960614338467096, 40.452009376243268 ], [ -79.961280036001966, 40.450839264823955 ], [ -79.961324845521077, 40.450588963329565 ], [ -79.961466571258356, 40.449364326056667 ], [ -79.96157408198242, 40.448740995500259 ], [ -79.96174767195501, 40.448777790192644 ], [ -79.962337148112624, 40.448877973182654 ], [ -79.96433783589886, 40.448878556766864 ], [ -79.964564352609841, 40.44887369497215 ], [ -79.964620275245238, 40.448856114057953 ], [ -79.964777558145954, 40.448882799056626 ], [ -79.964821968797565, 40.44887267533791 ], [ -79.964905348575741, 40.448853667228512 ], [ -79.964985712656627, 40.44881119785007 ], [ -79.965039554071197, 40.448766692686114 ], [ -79.965082405106585, 40.448731271705121 ], [ -79.965165363527831, 40.448713193068428 ], [ -79.965268880578606, 40.448641478908129 ], [ -79.965362450310138, 40.448707837952682 ], [ -79.966363340166254, 40.450359792359691 ], [ -79.967990709714087, 40.449663904924009 ], [ -79.968030303480035, 40.449733936363685 ], [ -79.968921931041692, 40.45114866036846 ], [ -79.96892062529831, 40.451149152988634 ], [ -79.965193534602221, 40.452731212715847 ], [ -79.964924896631601, 40.452883179320487 ], [ -79.964376862797181, 40.452271143818869 ], [ -79.962889930892075, 40.453265303813744 ], [ -79.962831146943444, 40.453226528901297 ], [ -79.962768667094252, 40.453214855274112 ], [ -79.96266079307658, 40.453198913889544 ], [ -79.962512969236613, 40.453190481054754 ], [ -79.962410564776576, 40.453184638872649 ], [ -79.962192391052312, 40.453121971352481 ], [ -79.963008127806035, 40.452724979943106 ], [ -79.963193560137867, 40.452632234323538 ], [ -79.963073888202686, 40.452611584293876 ], [ -79.962854976552606, 40.452585085827344 ], [ -79.96252371392913, 40.452556651381144 ], [ -79.962130114902493, 40.45251092417368 ], [ -79.961722300775904, 40.452373831335215 ], [ -79.960684945023104, 40.452025100821018 ], [ -79.960644533595612, 40.452016101149646 ], [ -79.960614338467096, 40.452009376243268 ] ] ] } },
{ "type": "Feature", "properties": { "Ward": 13, "District": 13, "Muni_War_1": "Pittsburgh Ward 13 Dist 13", "Gainey_2021_Total": 49, "Gainey_2025_Total": 52, "OConnor_2025_Total": 7, "Peduto_2021_Total": 11 }, "geometry": { "type": "Polygon", "coordinates": [ [ [ -79.886807219899069, 40.4542237668309 ], [ -79.887169392758452, 40.453288906781253 ], [ -79.885313889549067, 40.452880957004105 ], [ -79.8852717879723, 40.452742026631064 ], [ -79.88516777588768, 40.452452309056909 ], [ -79.88508673521784, 40.452361821324544 ], [ -79.884898796468036, 40.452130528040726 ], [ -79.884821702164118, 40.45198016167226 ], [ -79.884777643158145, 40.451851580201065 ], [ -79.884562988976796, 40.451013652599158 ], [ -79.885995451943643, 40.451376282294063 ], [ -79.886832281114337, 40.450036910831628 ], [ -79.888774480831472, 40.450715751575324 ], [ -79.890040479158785, 40.4512533706 ], [ -79.889993814896954, 40.451313856501947 ], [ -79.889455373114302, 40.452011779707433 ], [ -79.889190011921514, 40.452725536055993 ], [ -79.888458144458539, 40.454597637438567 ], [ -79.886807219899069, 40.4542237668309 ] ] ] } },
{ "type": "Feature", "properties": { "Ward": 5, "District": 10, "Muni_War_1": "Pittsburgh Ward 5 Dist 10", "Gainey_2021_Total": 93, "Gainey_2025_Total": 122, "OConnor_2025_Total": 13, "Peduto_2021_Total": 45 }, "geometry": { "type": "Polygon", "coordinates": [ [ [ -79.957250811531551, 40.451458846582007 ], [ -79.956793066578513, 40.451186909680544 ], [ -79.956791412455217, 40.451188506970936 ], [ -79.956984503569913, 40.450405706704046 ], [ -79.957026132376868, 40.450235827970438 ], [ -79.95711828166678, 40.450094126607695 ], [ -79.957710387033273, 40.448972454213362 ], [ -79.958324448565833, 40.448543782033781 ], [ -79.958613382747814, 40.448364128423258 ], [ -79.958700282167712, 40.448363592009272 ], [ -79.958925781326172, 40.448337431728802 ], [ -79.959260694823044, 40.44832047279769 ], [ -79.959387453098813, 40.448328485299719 ], [ -79.959737681300226, 40.448386770929119 ], [ -79.960556944700258, 40.448544387648376 ], [ -79.961526522755648, 40.448730914970881 ], [ -79.961574237572918, 40.448740094356772 ], [ -79.96157408198242, 40.448740995500259 ], [ -79.961466571258356, 40.449364326056667 ], [ -79.961324845521077, 40.450588963329565 ], [ -79.961280036001966, 40.450839264823955 ], [ -79.960614338467096, 40.452009376243268 ], [ -79.960331429585906, 40.452507581528181 ], [ -79.960012848207995, 40.452851290922375 ], [ -79.959826206784982, 40.453145955123446 ], [ -79.956847689927017, 40.452142366006804 ], [ -79.957250811531551, 40.451458846582007 ] ] ] } },
{ "type": "Feature", "properties": { "Ward": 14, "District": 10, "Muni_War_1": "Pittsburgh Ward 14 Dist 10", "Gainey_2021_Total": 118, "Gainey_2025_Total": 108, "OConnor_2025_Total": 208, "Peduto_2021_Total": 188 }, "geometry": { "type": "Polygon", "coordinates": [ [ [ -79.90819171194498, 40.451486952275744 ], [ -79.910148811433345, 40.448760377625518 ], [ -79.910158141342379, 40.448760932937056 ], [ -79.913005994100487, 40.449724394215735 ], [ -79.913794791423342, 40.448851646976017 ], [ -79.915447547471558, 40.449726768707016 ], [ -79.914589759630402, 40.450669230462928 ], [ -79.914917409204264, 40.452009916592573 ], [ -79.915933746971632, 40.452199163153225 ], [ -79.915167435381434, 40.45299573922194 ], [ -79.915353602661412, 40.453611974180447 ], [ -79.912708306831192, 40.453966424964037 ], [ -79.91242361853196, 40.454037467102786 ], [ -79.909771035681686, 40.452224715692232 ], [ -79.90819171194498, 40.451486952275744 ] ] ] } },
{ "type": "Feature", "properties": { "Ward": 5, "District": 6, "Muni_War_1": "Pittsburgh Ward 5 Dist 6", "Gainey_2021_Total": 34, "Gainey_2025_Total": 65, "OConnor_2025_Total": 11, "Peduto_2021_Total": 17 }, "geometry": { "type": "Polygon", "coordinates": [ [ [ -79.972392586834999, 40.452462752342861 ], [ -79.971578715356586, 40.451095777310819 ], [ -79.973821657617734, 40.450143158511032 ], [ -79.976659750900438, 40.448940245670492 ], [ -79.977547891615814, 40.450164246436259 ], [ -79.977619662531467, 40.450133601885497 ], [ -79.977676528791065, 40.45020996285578 ], [ -79.976968333421752, 40.450490712409952 ], [ -79.976833250165711, 40.45105756940174 ], [ -79.975948898041267, 40.45145916562138 ], [ -79.97474954810842, 40.452269019085378 ], [ -79.973937999572399, 40.452750114166157 ], [ -79.9728187412219, 40.452276652406951 ], [ -79.972392586834999, 40.452462752342861 ] ] ] } },
{ "type": "Feature", "properties": { "Ward": 7, "District": 7, "Muni_War_1": "Pittsburgh Ward 7 Dist 7", "Gainey_2021_Total": 70, "Gainey_2025_Total": 100, "OConnor_2025_Total": 93, "Peduto_2021_Total": 74 }, "geometry": { "type": "Polygon", "coordinates": [ [ [ -79.927507839399638, 40.450513961599334 ], [ -79.929594593797745, 40.449850112374854 ], [ -79.930980758905392, 40.449409109287579 ], [ -79.932189735037213, 40.451686010471754 ], [ -79.932183340431976, 40.451687593302339 ], [ -79.930979218228742, 40.452061835404542 ], [ -79.931372300041815, 40.452740873962803 ], [ -79.929216681089642, 40.453426721329883 ], [ -79.927507839399638, 40.450513961599334 ] ] ] } },
{ "type": "Feature", "properties": { "Ward": 13, "District": 10, "Muni_War_1": "Pittsburgh Ward 13 Dist 10", "Gainey_2021_Total": 23, "Gainey_2025_Total": 35, "OConnor_2025_Total": 4, "Peduto_2021_Total": 12 }, "geometry": { "type": "Polygon", "coordinates": [ [ [ -79.889190011921514, 40.452725536055993 ], [ -79.889455373114302, 40.452011779707433 ], [ -79.889993814896954, 40.451313856501947 ], [ -79.891087226568416, 40.449923298800982 ], [ -79.891132595832048, 40.449809669977753 ], [ -79.891154960512296, 40.44982106761222 ], [ -79.89176818515709, 40.450098295807187 ], [ -79.892038057333878, 40.450177701509979 ], [ -79.892372236179725, 40.450252457138035 ], [ -79.892647143218682, 40.450490541338283 ], [ -79.89252150992985, 40.450672781120559 ], [ -79.895655629926694, 40.451898473629086 ], [ -79.895222700471365, 40.452511872170895 ], [ -79.89362307043271, 40.451885820278591 ], [ -79.893198193277641, 40.452541106976149 ], [ -79.894005415991586, 40.452846880451865 ], [ -79.893601483362033, 40.453440257249845 ], [ -79.893526181101777, 40.45342917159293 ], [ -79.893124626476791, 40.453230722108138 ], [ -79.892812060125351, 40.454060872285019 ], [ -79.889572013796936, 40.453323483408781 ], [ -79.8897577313749, 40.452846826156375 ], [ -79.889190011921514, 40.452725536055993 ] ] ] } },
{ "type": "Feature", "properties": { "Ward": 14, "District": 9, "Muni_War_1": "Pittsburgh Ward 14 Dist 9", "Gainey_2021_Total": 115, "Gainey_2025_Total": 72, "OConnor_2025_Total": 266, "Peduto_2021_Total": 207 }, "geometry": { "type": "Polygon", "coordinates": [ [ [ -79.915447547471558, 40.449726768707016 ], [ -79.917545758718575, 40.44746619779216 ], [ -79.915862611606997, 40.44656468880779 ], [ -79.916746555514976, 40.44559334731489 ], [ -79.917729733854159, 40.444383743744538 ], [ -79.917776411642834, 40.444326314991741 ], [ -79.920512760210812, 40.443851154398658 ], [ -79.92158608138665, 40.447509794080837 ], [ -79.921477810572298, 40.447898148221974 ], [ -79.921412708573811, 40.448131658727696 ], [ -79.920264421081015, 40.450989465035121 ], [ -79.920229531827658, 40.451217679590201 ], [ -79.920712097594105, 40.452893778472948 ], [ -79.915353602661412, 40.453611974180447 ], [ -79.915167435381434, 40.45299573922194 ], [ -79.915933746971632, 40.452199163153225 ], [ -79.914917409204264, 40.452009916592573 ], [ -79.914589759630402, 40.450669230462928 ], [ -79.915447547471558, 40.449726768707016 ] ] ] } },
{ "type": "Feature", "properties": { "Ward": 7, "District": 5, "Muni_War_1": "Pittsburgh Ward 7 Dist 5", "Gainey_2021_Total": 53, "Gainey_2025_Total": 55, "OConnor_2025_Total": 89, "Peduto_2021_Total": 73 }, "geometry": { "type": "Polygon", "coordinates": [ [ [ -79.932189735037213, 40.451686010471754 ], [ -79.930980758905392, 40.449409109287579 ], [ -79.934205222130444, 40.448399928651341 ], [ -79.936295226324731, 40.451989115275225 ], [ -79.936293231879574, 40.451990670053505 ], [ -79.93623196378519, 40.451880993243172 ], [ -79.934766643497085, 40.45234345419545 ], [ -79.934608280419596, 40.452466181055101 ], [ -79.932902894268409, 40.45302904547875 ], [ -79.932189735037213, 40.451686010471754 ] ] ] } },
{ "type": "Feature", "properties": { "Ward": 4, "District": 10, "Muni_War_1": "Pittsburgh Ward 4 Dist 10", "Gainey_2021_Total": 58, "Gainey_2025_Total": 33, "OConnor_2025_Total": 37, "Peduto_2021_Total": 19 }, "geometry": { "type": "Polygon", "coordinates": [ [ [ -79.948751378108398, 40.450392227503215 ], [ -79.948751245359659, 40.450391917428405 ], [ -79.950738033539579, 40.44980047338121 ], [ -79.952035185881783, 40.451878302906856 ], [ -79.952017765539878, 40.451883533710848 ], [ -79.949688037607984, 40.452584604636492 ], [ -79.948751378108398, 40.450392227503215 ] ] ] } },
{ "type": "Feature", "properties": { "Ward": 28, "District": 7, "Muni_War_1": "Pittsburgh Ward 28 Dist 7", "Gainey_2021_Total": 30, "Gainey_2025_Total": 45, "OConnor_2025_Total": 51, "Peduto_2021_Total": 50 }, "geometry": { "type": "Polygon", "coordinates": [ [ [ -80.045597230484034, 40.445949418614198 ], [ -80.043614071733714, 40.444578518883596 ], [ -80.043959701330138, 40.444301114764194 ], [ -80.04441610005621, 40.443934802292198 ], [ -80.047380175037375, 40.445592630696723 ], [ -80.05137501614071, 40.442561361678351 ], [ -80.05256561095365, 40.442960552272126 ], [ -80.053691340456723, 40.443405476742313 ], [ -80.054342743216424, 40.443638778434966 ], [ -80.055371953097548, 40.443935609963667 ], [ -80.056748932419751, 40.444316468029925 ], [ -80.056748618783672, 40.444316744558691 ], [ -80.055270799018999, 40.447464309696279 ], [ -80.055216593793574, 40.447539328149716 ], [ -80.053447766796978, 40.450373417405409 ], [ -80.053043278436945, 40.450259247978892 ], [ -80.051463542387239, 40.44953108716696 ], [ -80.049852214111482, 40.448698176543232 ], [ -80.046135229224646, 40.447057266296099 ], [ -80.046502172113847, 40.446829357769438 ], [ -80.045963949949964, 40.446266393130088 ], [ -80.045597230484034, 40.445949418614198 ] ] ] } },
{ "type": "Feature", "properties": { "Ward": 5, "District": 4, "Muni_War_1": "Pittsburgh Ward 5 Dist 4", "Gainey_2021_Total": 49, "Gainey_2025_Total": 58, "OConnor_2025_Total": 6, "Peduto_2021_Total": 15 }, "geometry": { "type": "Polygon", "coordinates": [ [ [ -79.968921931041692, 40.45114866036846 ], [ -79.968030303480035, 40.449733936363685 ], [ -79.967990709714087, 40.449663904924009 ], [ -79.971707864247961, 40.448094362785554 ], [ -79.973352484311704, 40.447399872112342 ], [ -79.973338588161198, 40.447405795121036 ], [ -79.974169128042575, 40.44892194370702 ], [ -79.973359153328076, 40.449265229691306 ], [ -79.973821657617734, 40.450143158511032 ], [ -79.971578715356586, 40.451095777310819 ], [ -79.969456688399006, 40.451997115689728 ], [ -79.968921931041692, 40.45114866036846 ] ] ] } },
{ "type": "Feature", "properties": { "Ward": 14, "District": 6, "Muni_War_1": "Pittsburgh Ward 14 Dist 6", "Gainey_2021_Total": 41, "Gainey_2025_Total": 31, "OConnor_2025_Total": 126, "Peduto_2021_Total": 79 }, "geometry": { "type": "Polygon", "coordinates": [ [ [ -79.921477810572298, 40.447898148221974 ], [ -79.921502641014087, 40.447903615640101 ], [ -79.924895802400201, 40.448849976742011 ], [ -79.925040236564357, 40.448900494955666 ], [ -79.926287816200031, 40.448738670736404 ], [ -79.92851227640449, 40.448018879010696 ], [ -79.929594593797745, 40.449850112374854 ], [ -79.927507839399638, 40.450513961599334 ], [ -79.92581404506231, 40.451190165387537 ], [ -79.925821900030456, 40.451203691658037 ], [ -79.925786744459344, 40.451200806792222 ], [ -79.922075344007595, 40.452686258120963 ], [ -79.920712097594105, 40.452893778472948 ], [ -79.920229531827658, 40.451217679590201 ], [ -79.920264421081015, 40.450989465035121 ], [ -79.921412708573811, 40.448131658727696 ], [ -79.921477810572298, 40.447898148221974 ] ] ] } },
{ "type": "Feature", "properties": { "Ward": 13, "District": 19, "Muni_War_1": "Pittsburgh Ward 13 Dist 19", "Gainey_2021_Total": 154, "Gainey_2025_Total": 169, "OConnor_2025_Total": 16, "Peduto_2021_Total": 38 }, "geometry": { "type": "Polygon", "coordinates": [ [ [ -79.876000896788028, 40.452766161103511 ], [ -79.875293676635735, 40.453153590814132 ], [ -79.87433842935323, 40.45312395899029 ], [ -79.874271585347628, 40.452970221245671 ], [ -79.874206594682875, 40.452846826840222 ], [ -79.873963645615447, 40.452593873868338 ], [ -79.873625335417117, 40.452494388574294 ], [ -79.873597203177013, 40.45263660495656 ], [ -79.873445120427036, 40.452449980874043 ], [ -79.873104426786568, 40.452448184179282 ], [ -79.867728952529475, 40.452171295197608 ], [ -79.866473333779837, 40.452770027679016 ], [ -79.866630203177635, 40.45207739375418 ], [ -79.866733937631423, 40.451340746220701 ], [ -79.867140083346285, 40.449392412571861 ], [ -79.867569936229188, 40.449391953432134 ], [ -79.869043557527604, 40.449390369136104 ], [ -79.87168153573316, 40.449387485284902 ], [ -79.872613631779032, 40.449375200070804 ], [ -79.872685825508952, 40.449367624101377 ], [ -79.873152792257173, 40.449413974102917 ], [ -79.874143965779908, 40.449502916659519 ], [ -79.876483198916503, 40.449740496800658 ], [ -79.877692088071043, 40.449860147961957 ], [ -79.878312411757591, 40.449921540276918 ], [ -79.878380879211775, 40.449918709272794 ], [ -79.878859489914944, 40.453233730409302 ], [ -79.877141818746864, 40.451862537514259 ], [ -79.877134806948419, 40.451925132201758 ], [ -79.877034935671404, 40.451999209113325 ], [ -79.876000896788028, 40.452766161103511 ] ] ] } },
{ "type": "Feature", "properties": { "Ward": 4, "District": 9, "Muni_War_1": "Pittsburgh Ward 4 Dist 9", "Gainey_2021_Total": 56, "Gainey_2025_Total": 65, "OConnor_2025_Total": 102, "Peduto_2021_Total": 96 }, "geometry": { "type": "Polygon", "coordinates": [ [ [ -79.952724813305238, 40.44835927117154 ], [ -79.953748790356556, 40.447616444363803 ], [ -79.955199081784926, 40.44878571435958 ], [ -79.955526195315684, 40.449089150918496 ], [ -79.955574981918829, 40.449317069899983 ], [ -79.954976530193264, 40.450911213943769 ], [ -79.954903609183205, 40.450975759470197 ], [ -79.954776656363777, 40.451025709248285 ], [ -79.954666092926502, 40.451069210449546 ], [ -79.95453164931736, 40.451128726805329 ], [ -79.952035185881783, 40.451878302906856 ], [ -79.950738033539579, 40.44980047338121 ], [ -79.952724813305238, 40.44835927117154 ] ] ] } },
{ "type": "Feature", "properties": { "Ward": 14, "District": 14, "Muni_War_1": "Pittsburgh Ward 14 Dist 14", "Gainey_2021_Total": 177, "Gainey_2025_Total": 178, "OConnor_2025_Total": 154, "Peduto_2021_Total": 146 }, "geometry": { "type": "Polygon", "coordinates": [ [ [ -79.892647143218682, 40.450490541338283 ], [ -79.892372236179725, 40.450252457138035 ], [ -79.892423596407554, 40.450263946754525 ], [ -79.892644836013531, 40.449293737405895 ], [ -79.892688612091149, 40.449087768638584 ], [ -79.892788217941828, 40.448588587983799 ], [ -79.892997329713609, 40.44758326822943 ], [ -79.893163464726385, 40.44685095971014 ], [ -79.893226055240646, 40.446496599287968 ], [ -79.896620151107314, 40.447617275078187 ], [ -79.898550198614686, 40.444274515754444 ], [ -79.899877382212679, 40.444715162782082 ], [ -79.899554831059916, 40.445237031188995 ], [ -79.901360584923026, 40.445834384945307 ], [ -79.904522115908321, 40.446880143033766 ], [ -79.905344486891707, 40.446043469028048 ], [ -79.905956168189633, 40.446247862269651 ], [ -79.905619159509428, 40.447245207184388 ], [ -79.905432440185763, 40.447797774218053 ], [ -79.905322429935353, 40.448052784069631 ], [ -79.905223937782424, 40.448190194933723 ], [ -79.90376087816361, 40.449997954971543 ], [ -79.90131589452902, 40.449181307734356 ], [ -79.898760692926231, 40.452804835954879 ], [ -79.896054379569208, 40.451750624950705 ], [ -79.894009402244933, 40.450920175610186 ], [ -79.892784393480795, 40.450301693584322 ], [ -79.892647143218682, 40.450490541338283 ] ] ] } },
{ "type": "Feature", "properties": { "Ward": 7, "District": 1, "Muni_War_1": "Pittsburgh Ward 7 Dist 1", "Gainey_2021_Total": 42, "Gainey_2025_Total": 29, "OConnor_2025_Total": 120, "Peduto_2021_Total": 85 }, "geometry": { "type": "Polygon", "coordinates": [ [ [ -79.942452458069766, 40.44741444030241 ], [ -79.947284598958731, 40.447063103450169 ], [ -79.948751245359659, 40.450391917428405 ], [ -79.948751378108398, 40.450392227503215 ], [ -79.947572602796555, 40.450744476882448 ], [ -79.945249744939204, 40.451426819490194 ], [ -79.943363213191631, 40.451810753354167 ], [ -79.943232077418941, 40.451430809016856 ], [ -79.941275400439352, 40.451873095816325 ], [ -79.940948330606105, 40.451315968582641 ], [ -79.943050217768487, 40.450876156782911 ], [ -79.942643434473709, 40.448738847643035 ], [ -79.942452458069766, 40.44741444030241 ] ] ] } },
{ "type": "Feature", "properties": { "Ward": 5, "District": 1, "Muni_War_1": "Pittsburgh Ward 5 Dist 1", "Gainey_2021_Total": 33, "Gainey_2025_Total": 61, "OConnor_2025_Total": 7, "Peduto_2021_Total": 15 }, "geometry": { "type": "Polygon", "coordinates": [ [ [ -79.977676528791065, 40.45020996285578 ], [ -79.977619662531467, 40.450133601885497 ], [ -79.977547891615814, 40.450164246436259 ], [ -79.976659750900438, 40.448940245670492 ], [ -79.979107514944729, 40.447897754000081 ], [ -79.980515531652216, 40.447299950146807 ], [ -79.980620708385203, 40.44741300952343 ], [ -79.98137533552773, 40.448424745634384 ], [ -79.981516237431904, 40.448526752625874 ], [ -79.98150763801199, 40.448602158758383 ], [ -79.981737496529249, 40.448873005821127 ], [ -79.980959321648413, 40.449537773375134 ], [ -79.980846694147445, 40.449539914068652 ], [ -79.979578301327933, 40.450066772797186 ], [ -79.979588155878645, 40.450125588985983 ], [ -79.97954769990956, 40.450201304057707 ], [ -79.979299941391076, 40.450312656560456 ], [ -79.979134911713999, 40.45043972591143 ], [ -79.978991732931149, 40.450391940260999 ], [ -79.978387608605573, 40.450414185892747 ], [ -79.978102383200024, 40.450566893823805 ], [ -79.977950516752784, 40.450587456928879 ], [ -79.977676528791065, 40.45020996285578 ] ] ] } },
{ "type": "Feature", "properties": { "Ward": 4, "District": 7, "Muni_War_1": "Pittsburgh Ward 4 Dist 7", "Gainey_2021_Total": 57, "Gainey_2025_Total": 26, "OConnor_2025_Total": 81, "Peduto_2021_Total": 54 }, "geometry": { "type": "Polygon", "coordinates": [ [ [ -79.953748790356556, 40.447616444363803 ], [ -79.95401735329564, 40.447420829265305 ], [ -79.952421126907353, 40.446114805464795 ], [ -79.954775519632932, 40.444418112105076 ], [ -79.954786645275078, 40.44441015418748 ], [ -79.957437910490782, 40.442513578881943 ], [ -79.956438327498162, 40.441949017197985 ], [ -79.956970634660806, 40.441564116360347 ], [ -79.957726170950892, 40.442179601073676 ], [ -79.957853424502247, 40.442210635392385 ], [ -79.960274508193777, 40.440459948587829 ], [ -79.961770121955567, 40.439354267405697 ], [ -79.963825519139263, 40.441003701549434 ], [ -79.962836667775278, 40.44195949307381 ], [ -79.965175383078829, 40.443253272018019 ], [ -79.964485963588359, 40.443768518505664 ], [ -79.964178749409172, 40.443986197831293 ], [ -79.963884894850878, 40.444212883110922 ], [ -79.963314592531006, 40.444626262524665 ], [ -79.963251510476525, 40.444662911774223 ], [ -79.963082545583674, 40.444881196900994 ], [ -79.962857400068671, 40.445134454528684 ], [ -79.962580518275601, 40.445335828359056 ], [ -79.962365002866576, 40.445432576287423 ], [ -79.961947061477602, 40.445531720957703 ], [ -79.961656287050644, 40.445542263277268 ], [ -79.961342171164688, 40.445511694397496 ], [ -79.961072949448948, 40.445469248118705 ], [ -79.960887571305236, 40.445472794682765 ], [ -79.960667267771939, 40.445531789082345 ], [ -79.960518718006256, 40.445597186908934 ], [ -79.960340976786441, 40.445738014075467 ], [ -79.960279065172301, 40.445836589313473 ], [ -79.960243471250251, 40.445943156384061 ], [ -79.96021061803998, 40.446109692314103 ], [ -79.960149293808954, 40.446420549574391 ], [ -79.960088910332829, 40.446726630395517 ], [ -79.960035421115165, 40.446997767952809 ], [ -79.959988163800077, 40.447133336190589 ], [ -79.959963964309082, 40.447202756832709 ], [ -79.959817105911682, 40.447396402296036 ], [ -79.959719073340011, 40.447463336549589 ], [ -79.959651253027559, 40.447515199005267 ], [ -79.95959264477699, 40.447560015271499 ], [ -79.959543355714729, 40.44759770674127 ], [ -79.959392742567275, 40.447626308631165 ], [ -79.9592785814352, 40.447647988504976 ], [ -79.959195747775397, 40.447697711639549 ], [ -79.959154622407425, 40.4477486662187 ], [ -79.959113048428989, 40.447831939900027 ], [ -79.959091372317701, 40.447899123886444 ], [ -79.959063769237304, 40.447934578165118 ], [ -79.958988211066, 40.448031625218754 ], [ -79.958906844164872, 40.448136133422246 ], [ -79.958838484010329, 40.448204534817705 ], [ -79.958734854407126, 40.448290243848341 ], [ -79.958613382747814, 40.448364128423258 ], [ -79.958324448565833, 40.448543782033781 ], [ -79.957710387033273, 40.448972454213362 ], [ -79.955822224459453, 40.450279696222239 ], [ -79.955399749549457, 40.450584580741278 ], [ -79.954976530193264, 40.450911213943769 ], [ -79.955574981918829, 40.449317069899983 ], [ -79.955526195315684, 40.449089150918496 ], [ -79.955199081784926, 40.44878571435958 ], [ -79.953748790356556, 40.447616444363803 ] ] ] } },
{ "type": "Feature", "properties": { "Ward": 14, "District": 16, "Muni_War_1": "Pittsburgh Ward 14 Dist 16", "Gainey_2021_Total": 92, "Gainey_2025_Total": 79, "OConnor_2025_Total": 145, "Peduto_2021_Total": 112 }, "geometry": { "type": "Polygon", "coordinates": [ [ [ -79.90376087816361, 40.449997954971543 ], [ -79.905223937782424, 40.448190194933723 ], [ -79.905322429935353, 40.448052784069631 ], [ -79.905432440185763, 40.447797774218053 ], [ -79.905619159509428, 40.447245207184388 ], [ -79.907799809878426, 40.447971719877344 ], [ -79.908278973914875, 40.447010489077485 ], [ -79.910801555201473, 40.447850938311426 ], [ -79.910148811433345, 40.448760377625518 ], [ -79.90819171194498, 40.451486952275744 ], [ -79.90376087816361, 40.449997954971543 ] ] ] } },
{ "type": "Feature", "properties": { "Ward": 5, "District": 13, "Muni_War_1": "Pittsburgh Ward 5 Dist 13", "Gainey_2021_Total": 53, "Gainey_2025_Total": 55, "OConnor_2025_Total": 6, "Peduto_2021_Total": 21 }, "geometry": { "type": "Polygon", "coordinates": [ [ [ -79.965268880578606, 40.448641478908129 ], [ -79.968828192430749, 40.44617413953894 ], [ -79.969054436707552, 40.446039116131963 ], [ -79.970368543658978, 40.445575309388737 ], [ -79.970394566648707, 40.445663363284559 ], [ -79.971707864247961, 40.448094362785554 ], [ -79.967990709714087, 40.449663904924009 ], [ -79.966363340166254, 40.450359792359691 ], [ -79.965362450310138, 40.448707837952682 ], [ -79.965268880578606, 40.448641478908129 ] ] ] } },
{ "type": "Feature", "properties": { "Ward": 5, "District": 3, "Muni_War_1": "Pittsburgh Ward 5 Dist 3", "Gainey_2021_Total": 31, "Gainey_2025_Total": 46, "OConnor_2025_Total": 0, "Peduto_2021_Total": 15 }, "geometry": { "type": "Polygon", "coordinates": [ [ [ -79.974169128042575, 40.44892194370702 ], [ -79.973338588161198, 40.447405795121036 ], [ -79.973352484311704, 40.447399872112342 ], [ -79.976800882826538, 40.445930053254862 ], [ -79.976880437699577, 40.44596512191373 ], [ -79.977899874417858, 40.447340632969485 ], [ -79.97854365293621, 40.447067705302779 ], [ -79.979107514944729, 40.447897754000081 ], [ -79.976659750900438, 40.448940245670492 ], [ -79.973821657617734, 40.450143158511032 ], [ -79.973359153328076, 40.449265229691306 ], [ -79.974169128042575, 40.44892194370702 ] ] ] } },
{ "type": "Feature", "properties": { "Ward": 4, "District": 11, "Muni_War_1": "Pittsburgh Ward 4 Dist 11", "Gainey_2021_Total": 50, "Gainey_2025_Total": 69, "OConnor_2025_Total": 168, "Peduto_2021_Total": 139 }, "geometry": { "type": "Polygon", "coordinates": [ [ [ -79.947284598958731, 40.447063103450169 ], [ -79.94902945440478, 40.446935872107176 ], [ -79.949125468289367, 40.44719369812421 ], [ -79.950738033539579, 40.44980047338121 ], [ -79.948751245359659, 40.450391917428405 ], [ -79.947284598958731, 40.447063103450169 ] ] ] } },
{ "type": "Feature", "properties": { "Ward": 13, "District": 14, "Muni_War_1": "Pittsburgh Ward 13 Dist 14", "Gainey_2021_Total": 51, "Gainey_2025_Total": 41, "OConnor_2025_Total": 5, "Peduto_2021_Total": 7 }, "geometry": { "type": "Polygon", "coordinates": [ [ [ -79.884562988976796, 40.451013652599158 ], [ -79.884083694413434, 40.449142997908119 ], [ -79.884083684996, 40.449142961147203 ], [ -79.884302067123159, 40.449213946776908 ], [ -79.884575627253611, 40.449302870403159 ], [ -79.884575649541716, 40.449302829453337 ], [ -79.884755884300915, 40.448979122443312 ], [ -79.884795572705727, 40.448908451912359 ], [ -79.885029976520258, 40.448491065327346 ], [ -79.88547846848374, 40.447700264292408 ], [ -79.88550943360525, 40.447645850140432 ], [ -79.885929613572003, 40.446907485263253 ], [ -79.885931284457058, 40.446908044439702 ], [ -79.88678284582933, 40.447193056574655 ], [ -79.887441957647241, 40.447411153829663 ], [ -79.887654993531385, 40.447481643728032 ], [ -79.888098412444705, 40.447628357865838 ], [ -79.888183671595741, 40.447659096749881 ], [ -79.888254209369521, 40.447696026526714 ], [ -79.888429838612566, 40.44778484304431 ], [ -79.888547305685506, 40.447844245350879 ], [ -79.88872968887955, 40.448061926548533 ], [ -79.88900537120503, 40.448330472418775 ], [ -79.889816352641219, 40.449051902100642 ], [ -79.89044461046916, 40.449459057859784 ], [ -79.891132595832048, 40.449809669977753 ], [ -79.891087226568416, 40.449923298800982 ], [ -79.889993814896954, 40.451313856501947 ], [ -79.890040479158785, 40.4512533706 ], [ -79.888774480831472, 40.450715751575324 ], [ -79.886832281114337, 40.450036910831628 ], [ -79.885995451943643, 40.451376282294063 ], [ -79.884562988976796, 40.451013652599158 ] ] ] } },
{ "type": "Feature", "properties": { "Ward": 4, "District": 12, "Muni_War_1": "Pittsburgh Ward 4 Dist 12", "Gainey_2021_Total": 36, "Gainey_2025_Total": 36, "OConnor_2025_Total": 118, "Peduto_2021_Total": 84 }, "geometry": { "type": "Polygon", "coordinates": [ [ [ -79.94902945440478, 40.446935872107176 ], [ -79.949678757264209, 40.446862353079879 ], [ -79.950403915753043, 40.446810393366583 ], [ -79.951115425443007, 40.446771224591465 ], [ -79.951542810707721, 40.446678906957757 ], [ -79.95191088589408, 40.446476339098261 ], [ -79.952723962397599, 40.44835831084977 ], [ -79.952724813305238, 40.44835927117154 ], [ -79.950738033539579, 40.44980047338121 ], [ -79.949125468289367, 40.44719369812421 ], [ -79.94902945440478, 40.446935872107176 ] ] ] } },
{ "type": "Feature", "properties": { "Ward": 5, "District": 2, "Muni_War_1": "Pittsburgh Ward 5 Dist 2", "Gainey_2021_Total": 64, "Gainey_2025_Total": 86, "OConnor_2025_Total": 7, "Peduto_2021_Total": 29 }, "geometry": { "type": "Polygon", "coordinates": [ [ [ -79.979107514944729, 40.447897754000081 ], [ -79.97854365293621, 40.447067705302779 ], [ -79.977899874417858, 40.447340632969485 ], [ -79.976880437699577, 40.44596512191373 ], [ -79.976800882826538, 40.445930053254862 ], [ -79.976798375992431, 40.445928948439693 ], [ -79.979271803411919, 40.444863750458907 ], [ -79.980770240970998, 40.4442183963112 ], [ -79.981841396883823, 40.4456851072338 ], [ -79.982428827833246, 40.446493403067137 ], [ -79.982723041247382, 40.44636947510925 ], [ -79.983652496789389, 40.447642417848556 ], [ -79.983327508077608, 40.447759649305404 ], [ -79.98246181846585, 40.448128189740586 ], [ -79.98237629573066, 40.448327028680914 ], [ -79.982274404599281, 40.44841411495122 ], [ -79.981737496529249, 40.448873005821127 ], [ -79.98150763801199, 40.448602158758383 ], [ -79.981516237431904, 40.448526752625874 ], [ -79.98137533552773, 40.448424745634384 ], [ -79.980620708385203, 40.44741300952343 ], [ -79.980515531652216, 40.447299950146807 ], [ -79.979107514944729, 40.447897754000081 ] ] ] } },
{ "type": "Feature", "properties": { "Ward": 14, "District": 1, "Muni_War_1": "Pittsburgh Ward 14 Dist 1", "Gainey_2021_Total": 58, "Gainey_2025_Total": 53, "OConnor_2025_Total": 78, "Peduto_2021_Total": 59 }, "geometry": { "type": "Polygon", "coordinates": [ [ [ -79.92851227640449, 40.448018879010696 ], [ -79.930267614832758, 40.447367251326099 ], [ -79.93340146356006, 40.44659540209804 ], [ -79.931301323627878, 40.445621235634256 ], [ -79.935730242522496, 40.445258008291212 ], [ -79.938691654704016, 40.443933400089833 ], [ -79.93842322645699, 40.444805635928994 ], [ -79.939205713066343, 40.444938212390632 ], [ -79.939398878027177, 40.44500939773404 ], [ -79.939120889283714, 40.445676926537296 ], [ -79.93848709929506, 40.445571388234221 ], [ -79.938335163309205, 40.445553142767018 ], [ -79.938256878096738, 40.4455590978937 ], [ -79.93809264170109, 40.446525041202342 ], [ -79.938174952813768, 40.446569475439738 ], [ -79.938224518902345, 40.446670990326105 ], [ -79.938218708270028, 40.446727305200064 ], [ -79.938136008648812, 40.446836987205927 ], [ -79.93798623446753, 40.446942620327746 ], [ -79.937840973511825, 40.446965792888868 ], [ -79.937633625742947, 40.447027810108366 ], [ -79.937404399077352, 40.447145460344835 ], [ -79.937151921739371, 40.447282858317479 ], [ -79.937215922082743, 40.447798609034557 ], [ -79.937210847139525, 40.447798981643288 ], [ -79.935651149192481, 40.447947160933026 ], [ -79.934205222130444, 40.448399928651341 ], [ -79.930980758905392, 40.449409109287579 ], [ -79.929594593797745, 40.449850112374854 ], [ -79.92851227640449, 40.448018879010696 ] ] ] } },
{ "type": "Feature", "properties": { "Ward": 5, "District": 11, "Muni_War_1": "Pittsburgh Ward 5 Dist 11", "Gainey_2021_Total": 51, "Gainey_2025_Total": 58, "OConnor_2025_Total": 13, "Peduto_2021_Total": 31 }, "geometry": { "type": "Polygon", "coordinates": [ [ [ -79.96157408198242, 40.448740995500259 ], [ -79.961574237572918, 40.448740094356772 ], [ -79.961526522755648, 40.448730914970881 ], [ -79.960556944700258, 40.448544387648376 ], [ -79.959737681300226, 40.448386770929119 ], [ -79.959387453098813, 40.448328485299719 ], [ -79.959260694823044, 40.44832047279769 ], [ -79.958925781326172, 40.448337431728802 ], [ -79.958700282167712, 40.448363592009272 ], [ -79.958613382747814, 40.448364128423258 ], [ -79.958734854407126, 40.448290243848341 ], [ -79.958838484010329, 40.448204534817705 ], [ -79.958906844164872, 40.448136133422246 ], [ -79.958988211066, 40.448031625218754 ], [ -79.959063769237304, 40.447934578165118 ], [ -79.959091372317701, 40.447899123886444 ], [ -79.959113048428989, 40.447831939900027 ], [ -79.959154622407425, 40.4477486662187 ], [ -79.959195747775397, 40.447697711639549 ], [ -79.9592785814352, 40.447647988504976 ], [ -79.959392742567275, 40.447626308631165 ], [ -79.959543355714729, 40.44759770674127 ], [ -79.95959264477699, 40.447560015271499 ], [ -79.959651253027559, 40.447515199005267 ], [ -79.959719073340011, 40.447463336549589 ], [ -79.959817105911682, 40.447396402296036 ], [ -79.959963964309082, 40.447202756832709 ], [ -79.959988163800077, 40.447133336190589 ], [ -79.960035421115165, 40.446997767952809 ], [ -79.960088910332829, 40.446726630395517 ], [ -79.960149293808954, 40.446420549574391 ], [ -79.96021061803998, 40.446109692314103 ], [ -79.960243471250251, 40.445943156384061 ], [ -79.960279065172301, 40.445836589313473 ], [ -79.960340976786441, 40.445738014075467 ], [ -79.960518718006256, 40.445597186908934 ], [ -79.960667267771939, 40.445531789082345 ], [ -79.960887571305236, 40.445472794682765 ], [ -79.961072949448948, 40.445469248118705 ], [ -79.961342171164688, 40.445511694397496 ], [ -79.961656287050644, 40.445542263277268 ], [ -79.961947061477602, 40.445531720957703 ], [ -79.962365002866576, 40.445432576287423 ], [ -79.962580518275601, 40.445335828359056 ], [ -79.962857400068671, 40.445134454528684 ], [ -79.963082545583674, 40.444881196900994 ], [ -79.963251510476525, 40.444662911774223 ], [ -79.963314592531006, 40.444626262524665 ], [ -79.963884894850878, 40.444212883110922 ], [ -79.964178749409172, 40.443986197831293 ], [ -79.965132474122257, 40.445189033548168 ], [ -79.965728480664836, 40.446160679198691 ], [ -79.966186455590616, 40.446070207777368 ], [ -79.967510944939775, 40.445250419658713 ], [ -79.968166275883362, 40.444836285362285 ], [ -79.96841598733522, 40.4446784782847 ], [ -79.968533977398508, 40.444536609763752 ], [ -79.968618408449444, 40.444314357410576 ], [ -79.968582817160183, 40.444181019863692 ], [ -79.968405065148787, 40.443962179102421 ], [ -79.968120423902107, 40.443611735581094 ], [ -79.967723232144081, 40.443474893033489 ], [ -79.967566221962286, 40.443516131788769 ], [ -79.967456211000638, 40.443583180239116 ], [ -79.967002753279743, 40.443859545329971 ], [ -79.966539074815458, 40.444099813912779 ], [ -79.966062934017486, 40.443377001365661 ], [ -79.966959121425944, 40.44314828257184 ], [ -79.968092458746014, 40.442887660086335 ], [ -79.968921694245125, 40.442727666314248 ], [ -79.969520188764804, 40.443260477942701 ], [ -79.969668228044625, 40.443421678830148 ], [ -79.969758441374012, 40.443581950701478 ], [ -79.969817681504466, 40.443939219197198 ], [ -79.96982109278828, 40.44429650062289 ], [ -79.969857699578995, 40.444632395519079 ], [ -79.969953771144816, 40.444639295740117 ], [ -79.970561206464424, 40.444640357675624 ], [ -79.971005298463254, 40.444641673864737 ], [ -79.971125884835772, 40.44464406786858 ], [ -79.971366934789458, 40.444755017510452 ], [ -79.971863814621074, 40.444992679304043 ], [ -79.974522399060774, 40.443899050511099 ], [ -79.974630856983197, 40.445212489274049 ], [ -79.97437061181796, 40.445196598390879 ], [ -79.973984025074756, 40.445202028727408 ], [ -79.973787045433426, 40.445257852760435 ], [ -79.973328633980103, 40.445449866096077 ], [ -79.972656302198772, 40.445718255443232 ], [ -79.972438267525817, 40.445779135966653 ], [ -79.971883094205282, 40.445667819382443 ], [ -79.970873298817239, 40.445405064402777 ], [ -79.970368543658978, 40.445575309388737 ], [ -79.969054436707552, 40.446039116131963 ], [ -79.968828192430749, 40.44617413953894 ], [ -79.965268880578606, 40.448641478908129 ], [ -79.965165363527831, 40.448713193068428 ], [ -79.965082405106585, 40.448731271705121 ], [ -79.965039554071197, 40.448766692686114 ], [ -79.964985712656627, 40.44881119785007 ], [ -79.964905348575741, 40.448853667228512 ], [ -79.964821968797565, 40.44887267533791 ], [ -79.964777558145954, 40.448882799056626 ], [ -79.964620275245238, 40.448856114057953 ], [ -79.964564352609841, 40.44887369497215 ], [ -79.96433783589886, 40.448878556766864 ], [ -79.962337148112624, 40.448877973182654 ], [ -79.96174767195501, 40.448777790192644 ], [ -79.96157408198242, 40.448740995500259 ] ] ] } },
{ "type": "Feature", "properties": { "Ward": 14, "District": 11, "Muni_War_1": "Pittsburgh Ward 14 Dist 11", "Gainey_2021_Total": 125, "Gainey_2025_Total": 99, "OConnor_2025_Total": 243, "Peduto_2021_Total": 213 }, "geometry": { "type": "Polygon", "coordinates": [ [ [ -79.910148811433345, 40.448760377625518 ], [ -79.910801555201473, 40.447850938311426 ], [ -79.911434891928224, 40.446977509188727 ], [ -79.9116210782705, 40.446843256816315 ], [ -79.911963811796241, 40.444753030017139 ], [ -79.915418222665878, 40.444141421978216 ], [ -79.915518335059645, 40.444474396746614 ], [ -79.915569608123576, 40.444644931371315 ], [ -79.915569260925921, 40.444885969587197 ], [ -79.915723732124889, 40.445076183692315 ], [ -79.916377697842634, 40.445479014015973 ], [ -79.916746555514976, 40.44559334731489 ], [ -79.915862611606997, 40.44656468880779 ], [ -79.917545758718575, 40.44746619779216 ], [ -79.915447547471558, 40.449726768707016 ], [ -79.913794791423342, 40.448851646976017 ], [ -79.913005994100487, 40.449724394215735 ], [ -79.910158141342379, 40.448760932937056 ], [ -79.910148811433345, 40.448760377625518 ] ] ] } },
{ "type": "Feature", "properties": { "Ward": 2, "District": 1, "Muni_War_1": "Pittsburgh Ward 2 Dist 1", "Gainey_2021_Total": 130, "Gainey_2025_Total": 161, "OConnor_2025_Total": 272, "Peduto_2021_Total": 194 }, "geometry": { "type": "Polygon", "coordinates": [ [ [ -79.992920608587511, 40.443002768339134 ], [ -79.991668821703001, 40.440553820130539 ], [ -79.991708443775508, 40.440502980720964 ], [ -79.991990582283393, 40.440487826348708 ], [ -79.992341179651277, 40.440468994310343 ], [ -79.992908795900618, 40.440381609391977 ], [ -79.993377167024988, 40.440241229948398 ], [ -79.993306802696296, 40.440192140452915 ], [ -79.993157163905323, 40.440101225111619 ], [ -79.993198250784062, 40.439977145950451 ], [ -79.99309699721195, 40.439916095906426 ], [ -79.993054115299557, 40.439860378354368 ], [ -79.993074164061341, 40.439838814045977 ], [ -79.993003140688003, 40.43976782690666 ], [ -79.992441086670851, 40.43888012632685 ], [ -79.992433989979716, 40.43886891838244 ], [ -79.992957915966969, 40.438737845844187 ], [ -79.993623366370656, 40.438576051743986 ], [ -79.99410353722719, 40.438431620209784 ], [ -79.995180546233541, 40.438088521567401 ], [ -79.995371049422531, 40.438041650757761 ], [ -79.995510428460207, 40.438046117848707 ], [ -79.995616340704714, 40.438069859931019 ], [ -79.999109112398088, 40.43939082606456 ], [ -79.999093856351294, 40.439413172934373 ], [ -79.999159500285629, 40.4394687876432 ], [ -80.001831704720331, 40.440462263371003 ], [ -80.002106601622401, 40.440564318220559 ], [ -80.002579493230527, 40.440680896454502 ], [ -80.001861785995956, 40.441766197017401 ], [ -80.001825073301902, 40.441841609801052 ], [ -80.001794833634747, 40.441923516106094 ], [ -80.003862321942307, 40.441381389544347 ], [ -80.003981384311274, 40.441334713329759 ], [ -80.004059565618135, 40.441321690436219 ], [ -80.004208133899638, 40.441341927042899 ], [ -80.004417990824479, 40.441360438094371 ], [ -80.004805931065917, 40.44136745268051 ], [ -80.005162864024641, 40.441297242154192 ], [ -80.006751518486951, 40.440841821148716 ], [ -80.006762643774579, 40.440909086226256 ], [ -80.006780801749159, 40.441018873409256 ], [ -80.006829875889579, 40.441142940275547 ], [ -80.007413759341802, 40.442441411456436 ], [ -80.007406346626652, 40.442513691651357 ], [ -80.007447480954454, 40.44267406574388 ], [ -80.007439754216264, 40.442679282339384 ], [ -80.007490660072989, 40.442773026417527 ], [ -80.007519730095098, 40.442840917426111 ], [ -80.007541745477653, 40.442877416288162 ], [ -80.007630796971483, 40.443099913238264 ], [ -80.007679721525861, 40.443179924167815 ], [ -80.007680000905125, 40.443198101202583 ], [ -80.007680274250703, 40.443215851337271 ], [ -80.007922456630979, 40.443790872139445 ], [ -80.008255339977936, 40.444571198528479 ], [ -80.008251444414469, 40.444571984546315 ], [ -80.003346476138432, 40.445639422085655 ], [ -80.002426261810285, 40.445839656684967 ], [ -79.999796235353983, 40.446741504532071 ], [ -79.996552256909993, 40.447842326001144 ], [ -79.995482660350277, 40.44709988094484 ], [ -79.995225078744681, 40.447002418659331 ], [ -79.995109061058315, 40.446939811141846 ], [ -79.994907341829418, 40.446885979806673 ], [ -79.994817439496217, 40.446830578931554 ], [ -79.994597040304299, 40.446620337376977 ], [ -79.994496028357034, 40.446460361046789 ], [ -79.994394844093193, 40.446349591213504 ], [ -79.993604761622365, 40.444355977117851 ], [ -79.993451040647756, 40.444124101673147 ], [ -79.992920608587511, 40.443002768339134 ] ] ] } },
{ "type": "Feature", "properties": { "Ward": 5, "District": 14, "Muni_War_1": "Pittsburgh Ward 5 Dist 14", "Gainey_2021_Total": 37, "Gainey_2025_Total": 57, "OConnor_2025_Total": 14, "Peduto_2021_Total": 20 }, "geometry": { "type": "Polygon", "coordinates": [ [ [ -79.970368543658978, 40.445575309388737 ], [ -79.970873298817239, 40.445405064402777 ], [ -79.971883094205282, 40.445667819382443 ], [ -79.972438267525817, 40.445779135966653 ], [ -79.972656302198772, 40.445718255443232 ], [ -79.973328633980103, 40.445449866096077 ], [ -79.973787045433426, 40.445257852760435 ], [ -79.973984025074756, 40.445202028727408 ], [ -79.97437061181796, 40.445196598390879 ], [ -79.974630856983197, 40.445212489274049 ], [ -79.974522399060774, 40.443899050511099 ], [ -79.975056681705567, 40.443673709254377 ], [ -79.976199914213765, 40.443191522198774 ], [ -79.976747528406918, 40.443953160832208 ], [ -79.977811631462956, 40.443498976200189 ], [ -79.978538657246347, 40.444495952486371 ], [ -79.978899297442055, 40.444342953137763 ], [ -79.979271803411919, 40.444863750458907 ], [ -79.976798375992431, 40.445928948439693 ], [ -79.976800882826538, 40.445930053254862 ], [ -79.973352484311704, 40.447399872112342 ], [ -79.971707864247961, 40.448094362785554 ], [ -79.970394566648707, 40.445663363284559 ], [ -79.970368543658978, 40.445575309388737 ] ] ] } },
{ "type": "Feature", "properties": { "Ward": 14, "District": 3, "Muni_War_1": "Pittsburgh Ward 14 Dist 3", "Gainey_2021_Total": 100, "Gainey_2025_Total": 100, "OConnor_2025_Total": 229, "Peduto_2021_Total": 185 }, "geometry": { "type": "Polygon", "coordinates": [ [ [ -79.921477810572298, 40.447898148221974 ], [ -79.92158608138665, 40.447509794080837 ], [ -79.920512760210812, 40.443851154398658 ], [ -79.923866608533203, 40.443956211713314 ], [ -79.92367797327239, 40.442969061619038 ], [ -79.923660730250873, 40.442878828786512 ], [ -79.927875433742088, 40.443002581263144 ], [ -79.927925028083237, 40.444121260189597 ], [ -79.930237489041119, 40.445197353937978 ], [ -79.930433831319036, 40.445142336613827 ], [ -79.930462997648164, 40.445179188290425 ], [ -79.930529482302603, 40.445263193209485 ], [ -79.931301323627878, 40.445621235634256 ], [ -79.93340146356006, 40.44659540209804 ], [ -79.930267614832758, 40.447367251326099 ], [ -79.92851227640449, 40.448018879010696 ], [ -79.926287816200031, 40.448738670736404 ], [ -79.925040236564357, 40.448900494955666 ], [ -79.924895802400201, 40.448849976742011 ], [ -79.921502641014087, 40.447903615640101 ], [ -79.921477810572298, 40.447898148221974 ] ] ] } },
{ "type": "Feature", "properties": { "Ward": 4, "District": 13, "Muni_War_1": "Pittsburgh Ward 4 Dist 13", "Gainey_2021_Total": 24, "Gainey_2025_Total": 18, "OConnor_2025_Total": 71, "Peduto_2021_Total": 50 }, "geometry": { "type": "Polygon", "coordinates": [ [ [ -79.94902945440478, 40.446935872107176 ], [ -79.947284598958731, 40.447063103450169 ], [ -79.946582321234189, 40.445446709525562 ], [ -79.946518113923872, 40.445240876762767 ], [ -79.946516632398414, 40.445057447258719 ], [ -79.946550373436565, 40.444920887864868 ], [ -79.946605441546197, 40.444790957947454 ], [ -79.946697403308576, 40.444652802694456 ], [ -79.946787518589403, 40.444517412080621 ], [ -79.94730673221251, 40.443697071812423 ], [ -79.947485524301257, 40.443411687604168 ], [ -79.94785000900967, 40.442977470017745 ], [ -79.948203298043708, 40.442607908498182 ], [ -79.948886608652813, 40.441850964994622 ], [ -79.949244226396971, 40.441344510200992 ], [ -79.95004273051795, 40.441794543965692 ], [ -79.950530036105519, 40.442034726569574 ], [ -79.950857744415032, 40.442151329913848 ], [ -79.951339453899678, 40.44230230740137 ], [ -79.951675201903967, 40.442407535925256 ], [ -79.951865527474865, 40.442369240738742 ], [ -79.952075403499379, 40.442322854965049 ], [ -79.9522148056475, 40.442272060676878 ], [ -79.952392552375599, 40.442141648283695 ], [ -79.952659706974714, 40.441809056909179 ], [ -79.952988476355159, 40.441972003502421 ], [ -79.953544139780902, 40.443173378242413 ], [ -79.953335394768146, 40.443226935806088 ], [ -79.954786645275078, 40.44441015418748 ], [ -79.954775519632932, 40.444418112105076 ], [ -79.952421126907353, 40.446114805464795 ], [ -79.95401735329564, 40.447420829265305 ], [ -79.953748790356556, 40.447616444363803 ], [ -79.952724813305238, 40.44835927117154 ], [ -79.952723962397599, 40.44835831084977 ], [ -79.95191088589408, 40.446476339098261 ], [ -79.951542810707721, 40.446678906957757 ], [ -79.951115425443007, 40.446771224591465 ], [ -79.950403915753043, 40.446810393366583 ], [ -79.949678757264209, 40.446862353079879 ], [ -79.94902945440478, 40.446935872107176 ] ] ] } },
{ "type": "Feature", "properties": { "Ward": 3, "District": 3, "Muni_War_1": "Pittsburgh Ward 3 Dist 3", "Gainey_2021_Total": 67, "Gainey_2025_Total": 102, "OConnor_2025_Total": 7, "Peduto_2021_Total": 31 }, "geometry": { "type": "Polygon", "coordinates": [ [ [ -79.981841396883823, 40.4456851072338 ], [ -79.984855595635381, 40.444413095571967 ], [ -79.985449756118669, 40.445220302458516 ], [ -79.986272097566925, 40.444873771250485 ], [ -79.986835411437468, 40.445644329645781 ], [ -79.985544230517704, 40.446186653906821 ], [ -79.985903423290267, 40.446643350589 ], [ -79.9852954317859, 40.446894581499599 ], [ -79.9852340602379, 40.44695420377429 ], [ -79.985158371506046, 40.446996516029699 ], [ -79.985107023169306, 40.447025221834679 ], [ -79.983652496789389, 40.447642417848556 ], [ -79.982723041247382, 40.44636947510925 ], [ -79.982428827833246, 40.446493403067137 ], [ -79.981841396883823, 40.4456851072338 ] ] ] } },
{ "type": "Feature", "properties": { "Ward": 14, "District": 2, "Muni_War_1": "Pittsburgh Ward 14 Dist 2", "Gainey_2021_Total": 35, "Gainey_2025_Total": 21, "OConnor_2025_Total": 117, "Peduto_2021_Total": 83 }, "geometry": { "type": "Polygon", "coordinates": [ [ [ -79.938691654704016, 40.443933400089833 ], [ -79.938795779223184, 40.443881643593407 ], [ -79.943001802983915, 40.444647194747397 ], [ -79.946787518589403, 40.444517412080621 ], [ -79.946697403308576, 40.444652802694456 ], [ -79.946605441546197, 40.444790957947454 ], [ -79.946550373436565, 40.444920887864868 ], [ -79.946516632398414, 40.445057447258719 ], [ -79.946518113923872, 40.445240876762767 ], [ -79.946582321234189, 40.445446709525562 ], [ -79.947284598958731, 40.447063103450169 ], [ -79.942452458069766, 40.44741444030241 ], [ -79.937215922082743, 40.447798609034557 ], [ -79.937151921739371, 40.447282858317479 ], [ -79.937404399077352, 40.447145460344835 ], [ -79.937633625742947, 40.447027810108366 ], [ -79.937840973511825, 40.446965792888868 ], [ -79.93798623446753, 40.446942620327746 ], [ -79.938136008648812, 40.446836987205927 ], [ -79.938218708270028, 40.446727305200064 ], [ -79.938224518902345, 40.446670990326105 ], [ -79.938174952813768, 40.446569475439738 ], [ -79.93809264170109, 40.446525041202342 ], [ -79.938256878096738, 40.4455590978937 ], [ -79.938335163309205, 40.445553142767018 ], [ -79.93848709929506, 40.445571388234221 ], [ -79.939120889283714, 40.445676926537296 ], [ -79.939398878027177, 40.44500939773404 ], [ -79.939205713066343, 40.444938212390632 ], [ -79.93842322645699, 40.444805635928994 ], [ -79.938691654704016, 40.443933400089833 ] ] ] } },
{ "type": "Feature", "properties": { "Ward": 3, "District": 4, "Muni_War_1": "Pittsburgh Ward 3 Dist 4", "Gainey_2021_Total": 39, "Gainey_2025_Total": 79, "OConnor_2025_Total": 19, "Peduto_2021_Total": 27 }, "geometry": { "type": "Polygon", "coordinates": [ [ [ -79.985903423290267, 40.446643350589 ], [ -79.985544230517704, 40.446186653906821 ], [ -79.986835411437468, 40.445644329645781 ], [ -79.986272097566925, 40.444873771250485 ], [ -79.987237084606363, 40.444466810234211 ], [ -79.986649316338159, 40.443649534649481 ], [ -79.98633833433064, 40.443782035136202 ], [ -79.985238244276658, 40.442278404083233 ], [ -79.985505731033413, 40.442125830404812 ], [ -79.985012400639221, 40.441444088298375 ], [ -79.985902507475529, 40.441065144337273 ], [ -79.986010119866577, 40.441029587384563 ], [ -79.985114625473614, 40.439803989558087 ], [ -79.984962626016568, 40.439550198639218 ], [ -79.985055924990178, 40.438766088437639 ], [ -79.985056993769376, 40.438541618013836 ], [ -79.988265891574002, 40.438685694467218 ], [ -79.992441086670851, 40.43888012632685 ], [ -79.993003140688003, 40.43976782690666 ], [ -79.993074164061341, 40.439838814045977 ], [ -79.993054115299557, 40.439860378354368 ], [ -79.99309699721195, 40.439916095906426 ], [ -79.993198250784062, 40.439977145950451 ], [ -79.993157163905323, 40.440101225111619 ], [ -79.993306802696296, 40.440192140452915 ], [ -79.993377167024988, 40.440241229948398 ], [ -79.992908795900618, 40.440381609391977 ], [ -79.992341179651277, 40.440468994310343 ], [ -79.991990582283393, 40.440487826348708 ], [ -79.991708443775508, 40.440502980720964 ], [ -79.991668821703001, 40.440553820130539 ], [ -79.992920608587511, 40.443002768339134 ], [ -79.992730343897051, 40.443166800092257 ], [ -79.992704861115399, 40.443183023958909 ], [ -79.992622874927306, 40.443226570694108 ], [ -79.992510676454913, 40.443304932490115 ], [ -79.992076530193174, 40.443600695696553 ], [ -79.991580708791957, 40.443933858861328 ], [ -79.99141088685478, 40.444068787125772 ], [ -79.991235961149712, 40.444238218603971 ], [ -79.991159635561502, 40.444243415839615 ], [ -79.990603501688014, 40.444511426166741 ], [ -79.990583185541382, 40.444547796579059 ], [ -79.990492680514194, 40.444567521050288 ], [ -79.990369272054394, 40.444625898527676 ], [ -79.990335235559257, 40.444631713177174 ], [ -79.990292394781392, 40.444639032690823 ], [ -79.989568288977722, 40.445084718995474 ], [ -79.989465488359272, 40.445074730375921 ], [ -79.989159024806114, 40.445265878975007 ], [ -79.988950779320888, 40.44542391576239 ], [ -79.988833895962912, 40.445527202630565 ], [ -79.987085428545015, 40.446635054344974 ], [ -79.986720942869553, 40.446332985417285 ], [ -79.985903423290267, 40.446643350589 ] ] ] } },
{ "type": "Feature", "properties": { "Ward": 14, "District": 17, "Muni_War_1": "Pittsburgh Ward 14 Dist 17", "Gainey_2021_Total": 122, "Gainey_2025_Total": 107, "OConnor_2025_Total": 122, "Peduto_2021_Total": 87 }, "geometry": { "type": "Polygon", "coordinates": [ [ [ -79.905619159509428, 40.447245207184388 ], [ -79.905956168189633, 40.446247862269651 ], [ -79.905344486891707, 40.446043469028048 ], [ -79.904522115908321, 40.446880143033766 ], [ -79.901360584923026, 40.445834384945307 ], [ -79.901583149678245, 40.445419941277933 ], [ -79.901717722163127, 40.445169349560977 ], [ -79.901866172847804, 40.444892910479439 ], [ -79.901992977761424, 40.444656777589167 ], [ -79.902073803448644, 40.444618164499616 ], [ -79.901987218146502, 40.444410666005652 ], [ -79.901980784215993, 40.444307560502402 ], [ -79.902028317193725, 40.444051400233782 ], [ -79.90208687409789, 40.443788686316417 ], [ -79.902099210855539, 40.443612124199973 ], [ -79.902081198662188, 40.443349299270736 ], [ -79.902026966013636, 40.442938227637754 ], [ -79.901823962059794, 40.442193975865258 ], [ -79.901650856837165, 40.441893443406713 ], [ -79.901188619063007, 40.441330491683338 ], [ -79.900891859826132, 40.440941561858722 ], [ -79.900787270306552, 40.440721594648757 ], [ -79.900674338019414, 40.440484081720221 ], [ -79.900356308529084, 40.439638521208565 ], [ -79.901399818602684, 40.439459065190768 ], [ -79.901970092253038, 40.439352849794062 ], [ -79.90249965143957, 40.439162835657463 ], [ -79.904042393503858, 40.438528245968349 ], [ -79.905036612358188, 40.438160031652203 ], [ -79.905345011623865, 40.438087720950904 ], [ -79.906253726595182, 40.43805828938315 ], [ -79.910232813487312, 40.438018800601895 ], [ -79.913082873339647, 40.438027655552439 ], [ -79.912569391133474, 40.441113769680484 ], [ -79.911963811796241, 40.444753030017139 ], [ -79.9116210782705, 40.446843256816315 ], [ -79.911434891928224, 40.446977509188727 ], [ -79.910801555201473, 40.447850938311426 ], [ -79.908278973914875, 40.447010489077485 ], [ -79.907799809878426, 40.447971719877344 ], [ -79.905619159509428, 40.447245207184388 ] ] ] } },
{ "type": "Feature", "properties": { "Ward": 14, "District": 15, "Muni_War_1": "Pittsburgh Ward 14 Dist 15", "Gainey_2021_Total": 168, "Gainey_2025_Total": 197, "OConnor_2025_Total": 93, "Peduto_2021_Total": 85 }, "geometry": { "type": "Polygon", "coordinates": [ [ [ -79.893226055240646, 40.446496599287968 ], [ -79.893242239109085, 40.446404969887318 ], [ -79.893338830831695, 40.445991239646524 ], [ -79.893578468699502, 40.444659701040884 ], [ -79.893758138335713, 40.443832079341938 ], [ -79.893999787723274, 40.442718922518893 ], [ -79.894248369441186, 40.441557848654128 ], [ -79.894257158704619, 40.441561536716002 ], [ -79.896401925899141, 40.442255853116727 ], [ -79.899329101642309, 40.44236834156856 ], [ -79.901823962059794, 40.442193975865258 ], [ -79.902026966013636, 40.442938227637754 ], [ -79.902081198662188, 40.443349299270736 ], [ -79.902099210855539, 40.443612124199973 ], [ -79.90208687409789, 40.443788686316417 ], [ -79.902028317193725, 40.444051400233782 ], [ -79.901980784215993, 40.444307560502402 ], [ -79.901987218146502, 40.444410666005652 ], [ -79.902073803448644, 40.444618164499616 ], [ -79.901992977761424, 40.444656777589167 ], [ -79.901866172847804, 40.444892910479439 ], [ -79.901717722163127, 40.445169349560977 ], [ -79.901583149678245, 40.445419941277933 ], [ -79.901360584923026, 40.445834384945307 ], [ -79.899554831059916, 40.445237031188995 ], [ -79.899877382212679, 40.444715162782082 ], [ -79.898550198614686, 40.444274515754444 ], [ -79.896620151107314, 40.447617275078187 ], [ -79.893226055240646, 40.446496599287968 ] ] ] } },
{ "type": "Feature", "properties": { "Ward": 5, "District": 18, "Muni_War_1": "Pittsburgh Ward 5 Dist 18", "Gainey_2021_Total": 8, "Gainey_2025_Total": 7, "OConnor_2025_Total": 0, "Peduto_2021_Total": 4 }, "geometry": { "type": "Polygon", "coordinates": [ [ [ -79.964178749409172, 40.443986197831293 ], [ -79.964485963588359, 40.443768518505664 ], [ -79.965175383078829, 40.443253272018019 ], [ -79.965756632042229, 40.442818858379198 ], [ -79.967946073873634, 40.441146759954762 ], [ -79.967978767043988, 40.441175793666439 ], [ -79.96803885075218, 40.441244894918427 ], [ -79.968066393959703, 40.441281142537996 ], [ -79.968126743607172, 40.441413405958826 ], [ -79.96815609699425, 40.441477735916777 ], [ -79.968158229202658, 40.441482410151551 ], [ -79.968158301730355, 40.441483145672393 ], [ -79.968163169112088, 40.441532848823321 ], [ -79.96697669103645, 40.442419876795299 ], [ -79.966858363353282, 40.442490640901468 ], [ -79.966818880104881, 40.44255017654865 ], [ -79.966959121425944, 40.44314828257184 ], [ -79.966062934017486, 40.443377001365661 ], [ -79.966539074815458, 40.444099813912779 ], [ -79.967002753279743, 40.443859545329971 ], [ -79.967456211000638, 40.443583180239116 ], [ -79.967566221962286, 40.443516131788769 ], [ -79.967723232144081, 40.443474893033489 ], [ -79.968120423902107, 40.443611735581094 ], [ -79.968405065148787, 40.443962179102421 ], [ -79.968582817160183, 40.444181019863692 ], [ -79.968618408449444, 40.444314357410576 ], [ -79.968533977398508, 40.444536609763752 ], [ -79.96841598733522, 40.4446784782847 ], [ -79.968166275883362, 40.444836285362285 ], [ -79.967510944939775, 40.445250419658713 ], [ -79.966186455590616, 40.446070207777368 ], [ -79.965728480664836, 40.446160679198691 ], [ -79.965132474122257, 40.445189033548168 ], [ -79.964178749409172, 40.443986197831293 ] ] ] } },
{ "type": "Feature", "properties": { "Ward": 3, "District": 2, "Muni_War_1": "Pittsburgh Ward 3 Dist 2", "Gainey_2021_Total": 139, "Gainey_2025_Total": 210, "OConnor_2025_Total": 44, "Peduto_2021_Total": 92 }, "geometry": { "type": "Polygon", "coordinates": [ [ [ -79.980770240970998, 40.4442183963112 ], [ -79.980341694046913, 40.443631574550722 ], [ -79.980888095578507, 40.443200307753742 ], [ -79.982514250019292, 40.442507884388633 ], [ -79.985012400639221, 40.441444088298375 ], [ -79.985505731033413, 40.442125830404812 ], [ -79.985238244276658, 40.442278404083233 ], [ -79.98633833433064, 40.443782035136202 ], [ -79.986649316338159, 40.443649534649481 ], [ -79.987237084606363, 40.444466810234211 ], [ -79.986272097566925, 40.444873771250485 ], [ -79.985449756118669, 40.445220302458516 ], [ -79.984855595635381, 40.444413095571967 ], [ -79.981841396883823, 40.4456851072338 ], [ -79.980770240970998, 40.4442183963112 ] ] ] } },
{ "type": "Feature", "properties": { "Ward": 1, "District": 1, "Muni_War_1": "Pittsburgh Ward 1 Dist 1", "Gainey_2021_Total": 46, "Gainey_2025_Total": 62, "OConnor_2025_Total": 79, "Peduto_2021_Total": 65 }, "geometry": { "type": "Polygon", "coordinates": [ [ [ -80.006762643774579, 40.440909086226256 ], [ -80.006751518486951, 40.440841821148716 ], [ -80.005162864024641, 40.441297242154192 ], [ -80.004805931065917, 40.44136745268051 ], [ -80.004417990824479, 40.441360438094371 ], [ -80.004208133899638, 40.441341927042899 ], [ -80.004059565618135, 40.441321690436219 ], [ -80.003981384311274, 40.441334713329759 ], [ -80.003862321942307, 40.441381389544347 ], [ -80.001794833634747, 40.441923516106094 ], [ -80.001825073301902, 40.441841609801052 ], [ -80.001861785995956, 40.441766197017401 ], [ -80.002579493230527, 40.440680896454502 ], [ -80.002106601622401, 40.440564318220559 ], [ -80.001831704720331, 40.440462263371003 ], [ -79.999159500285629, 40.4394687876432 ], [ -79.999093856351294, 40.439413172934373 ], [ -79.999109112398088, 40.43939082606456 ], [ -79.995616340704714, 40.438069859931019 ], [ -79.995510428460207, 40.438046117848707 ], [ -79.995371049422531, 40.438041650757761 ], [ -79.995180546233541, 40.438088521567401 ], [ -79.99410353722719, 40.438431620209784 ], [ -79.993623366370656, 40.438576051743986 ], [ -79.992957915966969, 40.438737845844187 ], [ -79.992433989979716, 40.43886891838244 ], [ -79.992441086670851, 40.43888012632685 ], [ -79.988265891574002, 40.438685694467218 ], [ -79.988355020541704, 40.437811207099259 ], [ -79.985140316435917, 40.437657711333621 ], [ -79.985199574741742, 40.43682954050319 ], [ -79.982734301661111, 40.436665598436754 ], [ -79.982933683961193, 40.433364006555962 ], [ -79.988971247016067, 40.432599478724335 ], [ -79.989247764739858, 40.432599955144404 ], [ -79.993109288804121, 40.432606538940639 ], [ -79.995396519938083, 40.432684379011718 ], [ -79.997658147537365, 40.432879742307669 ], [ -80.000484041699906, 40.434414920550068 ], [ -80.002020008627028, 40.435089872277779 ], [ -80.009103784763937, 40.438155020648516 ], [ -80.011446059543232, 40.439218455178448 ], [ -80.015108757081705, 40.441285009551059 ], [ -80.015403018489692, 40.441604201785744 ], [ -80.016464310351893, 40.442914887350319 ], [ -80.016192741635422, 40.442969692434914 ], [ -80.008255339977936, 40.444571198528479 ], [ -80.007922456630979, 40.443790872139445 ], [ -80.007680274250703, 40.443215851337271 ], [ -80.007680000905125, 40.443198101202583 ], [ -80.007679721525861, 40.443179924167815 ], [ -80.007630796971483, 40.443099913238264 ], [ -80.007541745477653, 40.442877416288162 ], [ -80.007519730095098, 40.442840917426111 ], [ -80.007490660072989, 40.442773026417527 ], [ -80.007439754216264, 40.442679282339384 ], [ -80.007447480954454, 40.44267406574388 ], [ -80.007406346626652, 40.442513691651357 ], [ -80.007413759341802, 40.442441411456436 ], [ -80.006829875889579, 40.441142940275547 ], [ -80.006780801749159, 40.441018873409256 ], [ -80.006762643774579, 40.440909086226256 ] ] ] } },
{ "type": "Feature", "properties": { "Ward": 5, "District": 16, "Muni_War_1": "Pittsburgh Ward 5 Dist 16", "Gainey_2021_Total": 17, "Gainey_2025_Total": 33, "OConnor_2025_Total": 7, "Peduto_2021_Total": 6 }, "geometry": { "type": "Polygon", "coordinates": [ [ [ -79.977811631462956, 40.443498976200189 ], [ -79.978511548597211, 40.443199395177835 ], [ -79.976571090975185, 40.440915900158032 ], [ -79.976364142911834, 40.440857231630559 ], [ -79.97617720281508, 40.440860833070118 ], [ -79.975916395976725, 40.440874022581163 ], [ -79.975638360672221, 40.440918208155949 ], [ -79.975442099831398, 40.440976496173334 ], [ -79.975225473322141, 40.441065590405806 ], [ -79.975041189643477, 40.441148996769705 ], [ -79.974621894541372, 40.44055553454406 ], [ -79.973948032560045, 40.44085352698167 ], [ -79.973858398833372, 40.440733922356117 ], [ -79.973787511118076, 40.440652146738522 ], [ -79.973678249663919, 40.4405599350751 ], [ -79.973538642748423, 40.440442112525126 ], [ -79.973376814083437, 40.440297164164058 ], [ -79.973213324936694, 40.440124563701133 ], [ -79.973174910405959, 40.440069844099916 ], [ -79.974224583964912, 40.439668561169952 ], [ -79.974436632058101, 40.439582385607281 ], [ -79.974532621276964, 40.439536358064217 ], [ -79.97460175461822, 40.439513667476817 ], [ -79.974692557916796, 40.439483865268684 ], [ -79.975975109693792, 40.438945452156261 ], [ -79.977203812391153, 40.438441679297135 ], [ -79.977441910607425, 40.438342924244012 ], [ -79.977502467918328, 40.438299453656008 ], [ -79.977544583492872, 40.43822901321095 ], [ -79.977664725221075, 40.438234199660215 ], [ -79.977607250773957, 40.438846285228429 ], [ -79.977599317955907, 40.439540813217235 ], [ -79.977622897401275, 40.439933817331756 ], [ -79.97764552749446, 40.440198265147636 ], [ -79.977618795937403, 40.440366738547922 ], [ -79.977862089488099, 40.44046113547855 ], [ -79.977877204845882, 40.440495112423406 ], [ -79.977918845964709, 40.440588713123283 ], [ -79.977975271203036, 40.440648383820616 ], [ -79.978379385656595, 40.441075733902302 ], [ -79.978844627306827, 40.441567717952964 ], [ -79.978997358031975, 40.441600339512632 ], [ -79.979016606982483, 40.441761459867628 ], [ -79.979089101547572, 40.441861659427254 ], [ -79.979135707552942, 40.441983969404163 ], [ -79.97922405103624, 40.44219506979578 ], [ -79.979385111469, 40.44240426462278 ], [ -79.979540861691461, 40.442536063969008 ], [ -79.979957209289125, 40.443095056301821 ], [ -79.980341694046913, 40.443631574550722 ], [ -79.980770240970998, 40.4442183963112 ], [ -79.979271803411919, 40.444863750458907 ], [ -79.978899297442055, 40.444342953137763 ], [ -79.978538657246347, 40.444495952486371 ], [ -79.977811631462956, 40.443498976200189 ] ] ] } },
{ "type": "Feature", "properties": { "Ward": 5, "District": 17, "Muni_War_1": "Pittsburgh Ward 5 Dist 17", "Gainey_2021_Total": 41, "Gainey_2025_Total": 58, "OConnor_2025_Total": 8, "Peduto_2021_Total": 17 }, "geometry": { "type": "Polygon", "coordinates": [ [ [ -79.966959121425944, 40.44314828257184 ], [ -79.966818880104881, 40.44255017654865 ], [ -79.966858363353282, 40.442490640901468 ], [ -79.96697669103645, 40.442419876795299 ], [ -79.968163169112088, 40.441532848823321 ], [ -79.968158301730355, 40.441483145672393 ], [ -79.968212654013385, 40.441616494407228 ], [ -79.968446238171282, 40.442028281633931 ], [ -79.97052566230019, 40.441152798461779 ], [ -79.970721817988235, 40.441117649001981 ], [ -79.970757360311282, 40.440982763022049 ], [ -79.970903252468688, 40.440993818276986 ], [ -79.972215975525188, 40.440441093943008 ], [ -79.972379465056846, 40.440383806526697 ], [ -79.972416571717062, 40.44036852668458 ], [ -79.972463409259618, 40.44034923908049 ], [ -79.972547697106435, 40.440306888627035 ], [ -79.973031679740245, 40.440122834958956 ], [ -79.973213324936694, 40.440124563701133 ], [ -79.973376814083437, 40.440297164164058 ], [ -79.973538642748423, 40.440442112525126 ], [ -79.973678249663919, 40.4405599350751 ], [ -79.973787511118076, 40.440652146738522 ], [ -79.973858398833372, 40.440733922356117 ], [ -79.973948032560045, 40.44085352698167 ], [ -79.97410552149492, 40.441106665590858 ], [ -79.974250433852731, 40.441456845792025 ], [ -79.974301830280268, 40.441883025356795 ], [ -79.974315027124049, 40.442271099004046 ], [ -79.974377005880896, 40.442587605222428 ], [ -79.974521281547922, 40.442938791001829 ], [ -79.974768414190692, 40.443277622049834 ], [ -79.975052503530179, 40.443667116032827 ], [ -79.975056681705567, 40.443673709254377 ], [ -79.974522399060774, 40.443899050511099 ], [ -79.971863814621074, 40.444992679304043 ], [ -79.971366934789458, 40.444755017510452 ], [ -79.971125884835772, 40.44464406786858 ], [ -79.971005298463254, 40.444641673864737 ], [ -79.970561206464424, 40.444640357675624 ], [ -79.969953771144816, 40.444639295740117 ], [ -79.969857699578995, 40.444632395519079 ], [ -79.96982109278828, 40.44429650062289 ], [ -79.969817681504466, 40.443939219197198 ], [ -79.969758441374012, 40.443581950701478 ], [ -79.969668228044625, 40.443421678830148 ], [ -79.969520188764804, 40.443260477942701 ], [ -79.968921694245125, 40.442727666314248 ], [ -79.968092458746014, 40.442887660086335 ], [ -79.966959121425944, 40.44314828257184 ] ] ] } },
{ "type": "Feature", "properties": { "Ward": 14, "District": 8, "Muni_War_1": "Pittsburgh Ward 14 Dist 8", "Gainey_2021_Total": 86, "Gainey_2025_Total": 51, "OConnor_2025_Total": 217, "Peduto_2021_Total": 132 }, "geometry": { "type": "Polygon", "coordinates": [ [ [ -79.930462997648164, 40.445179188290425 ], [ -79.93353611182377, 40.44424585628753 ], [ -79.93113522959419, 40.439852211506448 ], [ -79.934117417118429, 40.438912998387622 ], [ -79.938691654704016, 40.443933400089833 ], [ -79.935730242522496, 40.445258008291212 ], [ -79.931301323627878, 40.445621235634256 ], [ -79.930529482302603, 40.445263193209485 ], [ -79.930462997648164, 40.445179188290425 ] ] ] } },
{ "type": "Feature", "properties": { "Ward": 14, "District": 22, "Muni_War_1": "Pittsburgh Ward 14 Dist 22", "Gainey_2021_Total": 182, "Gainey_2025_Total": 130, "OConnor_2025_Total": 166, "Peduto_2021_Total": 118 }, "geometry": { "type": "Polygon", "coordinates": [ [ [ -79.911963811796241, 40.444753030017139 ], [ -79.912569391133474, 40.441113769680484 ], [ -79.912578987040561, 40.441114379256703 ], [ -79.916671053519991, 40.44062722734229 ], [ -79.917729733854159, 40.444383743744538 ], [ -79.916746555514976, 40.44559334731489 ], [ -79.916377697842634, 40.445479014015973 ], [ -79.915723732124889, 40.445076183692315 ], [ -79.915569260925921, 40.444885969587197 ], [ -79.915569608123576, 40.444644931371315 ], [ -79.915518335059645, 40.444474396746614 ], [ -79.915418222665878, 40.444141421978216 ], [ -79.911963811796241, 40.444753030017139 ] ] ] } },
{ "type": "Feature", "properties": { "Ward": 4, "District": 8, "Muni_War_1": "Pittsburgh Ward 4 Dist 8", "Gainey_2021_Total": 25, "Gainey_2025_Total": 7, "OConnor_2025_Total": 9, "Peduto_2021_Total": 3 }, "geometry": { "type": "Polygon", "coordinates": [ [ [ -79.953544139780902, 40.443173378242413 ], [ -79.95529271403295, 40.44272473145098 ], [ -79.956438327498162, 40.441949017197985 ], [ -79.957437910490782, 40.442513578881943 ], [ -79.954786645275078, 40.44441015418748 ], [ -79.953335394768146, 40.443226935806088 ], [ -79.953544139780902, 40.443173378242413 ] ] ] } },
{ "type": "Feature", "properties": { "Ward": 5, "District": 15, "Muni_War_1": "Pittsburgh Ward 5 Dist 15", "Gainey_2021_Total": 17, "Gainey_2025_Total": 39, "OConnor_2025_Total": 4, "Peduto_2021_Total": 7 }, "geometry": { "type": "Polygon", "coordinates": [ [ [ -79.975056681705567, 40.443673709254377 ], [ -79.975052503530179, 40.443667116032827 ], [ -79.974768414190692, 40.443277622049834 ], [ -79.974521281547922, 40.442938791001829 ], [ -79.974377005880896, 40.442587605222428 ], [ -79.974315027124049, 40.442271099004046 ], [ -79.974301830280268, 40.441883025356795 ], [ -79.974250433852731, 40.441456845792025 ], [ -79.97410552149492, 40.441106665590858 ], [ -79.973948032560045, 40.44085352698167 ], [ -79.974621894541372, 40.44055553454406 ], [ -79.975041189643477, 40.441148996769705 ], [ -79.975225473322141, 40.441065590405806 ], [ -79.975442099831398, 40.440976496173334 ], [ -79.975638360672221, 40.440918208155949 ], [ -79.975916395976725, 40.440874022581163 ], [ -79.97617720281508, 40.440860833070118 ], [ -79.976364142911834, 40.440857231630559 ], [ -79.976571090975185, 40.440915900158032 ], [ -79.978511548597211, 40.443199395177835 ], [ -79.977811631462956, 40.443498976200189 ], [ -79.976747528406918, 40.443953160832208 ], [ -79.976199914213765, 40.443191522198774 ], [ -79.975056681705567, 40.443673709254377 ] ] ] } },
{ "type": "Feature", "properties": { "Ward": 3, "District": 1, "Muni_War_1": "Pittsburgh Ward 3 Dist 1", "Gainey_2021_Total": 44, "Gainey_2025_Total": 67, "OConnor_2025_Total": 13, "Peduto_2021_Total": 24 }, "geometry": { "type": "Polygon", "coordinates": [ [ [ -79.977664725221075, 40.438234199660215 ], [ -79.980775187218143, 40.43835971502638 ], [ -79.980557330772115, 40.441321823957246 ], [ -79.981376600431318, 40.440964660387621 ], [ -79.982514250019292, 40.442507884388633 ], [ -79.980888095578507, 40.443200307753742 ], [ -79.980341694046913, 40.443631574550722 ], [ -79.979957209289125, 40.443095056301821 ], [ -79.979540861691461, 40.442536063969008 ], [ -79.979385111469, 40.44240426462278 ], [ -79.97922405103624, 40.44219506979578 ], [ -79.979135707552942, 40.441983969404163 ], [ -79.979089101547572, 40.441861659427254 ], [ -79.979016606982483, 40.441761459867628 ], [ -79.978997358031975, 40.441600339512632 ], [ -79.978844627306827, 40.441567717952964 ], [ -79.978379385656595, 40.441075733902302 ], [ -79.977975271203036, 40.440648383820616 ], [ -79.977918845964709, 40.440588713123283 ], [ -79.977877204845882, 40.440495112423406 ], [ -79.977862089488099, 40.44046113547855 ], [ -79.977618795937403, 40.440366738547922 ], [ -79.97764552749446, 40.440198265147636 ], [ -79.977622897401275, 40.439933817331756 ], [ -79.977599317955907, 40.439540813217235 ], [ -79.977607250773957, 40.438846285228429 ], [ -79.977664725221075, 40.438234199660215 ] ] ] } },
{ "type": "Feature", "properties": { "Ward": 14, "District": 21, "Muni_War_1": "Pittsburgh Ward 14 Dist 21", "Gainey_2021_Total": 92, "Gainey_2025_Total": 80, "OConnor_2025_Total": 202, "Peduto_2021_Total": 137 }, "geometry": { "type": "Polygon", "coordinates": [ [ [ -79.916671053519991, 40.44062722734229 ], [ -79.919587390751573, 40.440277593221531 ], [ -79.919572339576575, 40.439977206732244 ], [ -79.923064465419941, 40.439792920264118 ], [ -79.92367797327239, 40.442969061619038 ], [ -79.923866608533203, 40.443956211713314 ], [ -79.920512760210812, 40.443851154398658 ], [ -79.917776411642834, 40.444326314991741 ], [ -79.917729733854159, 40.444383743744538 ], [ -79.916671053519991, 40.44062722734229 ] ] ] } },
{ "type": "Feature", "properties": { "Ward": 4, "District": 6, "Muni_War_1": "Pittsburgh Ward 4 Dist 6", "Gainey_2021_Total": 46, "Gainey_2025_Total": 33, "OConnor_2025_Total": 18, "Peduto_2021_Total": 30 }, "geometry": { "type": "Polygon", "coordinates": [ [ [ -79.961770121955567, 40.439354267405697 ], [ -79.963067122193351, 40.43838977228782 ], [ -79.963191163402598, 40.438289997180853 ], [ -79.963564427061129, 40.438552766508984 ], [ -79.963840084018742, 40.438354632677715 ], [ -79.963982455757659, 40.43827929117883 ], [ -79.964106998051875, 40.438232371274601 ], [ -79.964362625760742, 40.438172404544922 ], [ -79.964484208071795, 40.438968948208057 ], [ -79.964593858691984, 40.439158499057037 ], [ -79.964968233106063, 40.439051830599084 ], [ -79.965020109485977, 40.439044741833719 ], [ -79.965100506194943, 40.440205689334157 ], [ -79.965093426426861, 40.440393506205183 ], [ -79.965549851052117, 40.440325461855998 ], [ -79.965724468547677, 40.442659337172515 ], [ -79.965756632042229, 40.442818858379198 ], [ -79.965175383078829, 40.443253272018019 ], [ -79.962836667775278, 40.44195949307381 ], [ -79.963825519139263, 40.441003701549434 ], [ -79.961770121955567, 40.439354267405697 ] ] ] } },
{ "type": "Feature", "properties": { "Ward": 4, "District": 14, "Muni_War_1": "Pittsburgh Ward 4 Dist 14", "Gainey_2021_Total": 48, "Gainey_2025_Total": 36, "OConnor_2025_Total": 26, "Peduto_2021_Total": 10 }, "geometry": { "type": "Polygon", "coordinates": [ [ [ -79.949244226396971, 40.441344510200992 ], [ -79.949482044621803, 40.440934019154021 ], [ -79.949675347860023, 40.440717708160498 ], [ -79.950144123882737, 40.440408028650886 ], [ -79.950748834940882, 40.439890228214615 ], [ -79.950837668873959, 40.439814160762893 ], [ -79.950233875836389, 40.438705731817919 ], [ -79.950076209328387, 40.438242931214695 ], [ -79.9500009464318, 40.437698197883606 ], [ -79.95061753702106, 40.437758187852893 ], [ -79.951063097152527, 40.437801534974298 ], [ -79.951499468879476, 40.438000104720075 ], [ -79.951661959687485, 40.43759714423679 ], [ -79.952143823883958, 40.437758205579783 ], [ -79.952472404469063, 40.436952813687491 ], [ -79.953935715047947, 40.438131681710502 ], [ -79.955881352220501, 40.439699027793552 ], [ -79.956866490679559, 40.440481663705341 ], [ -79.956215321322134, 40.440955058456055 ], [ -79.956970634660806, 40.441564116360347 ], [ -79.956438327498162, 40.441949017197985 ], [ -79.95529271403295, 40.44272473145098 ], [ -79.953544139780902, 40.443173378242413 ], [ -79.952988476355159, 40.441972003502421 ], [ -79.952659706974714, 40.441809056909179 ], [ -79.952392552375599, 40.442141648283695 ], [ -79.9522148056475, 40.442272060676878 ], [ -79.952075403499379, 40.442322854965049 ], [ -79.951865527474865, 40.442369240738742 ], [ -79.951675201903967, 40.442407535925256 ], [ -79.951339453899678, 40.44230230740137 ], [ -79.950857744415032, 40.442151329913848 ], [ -79.950530036105519, 40.442034726569574 ], [ -79.95004273051795, 40.441794543965692 ], [ -79.949244226396971, 40.441344510200992 ] ] ] } },
{ "type": "Feature", "properties": { "Ward": 3, "District": 5, "Muni_War_1": "Pittsburgh Ward 3 Dist 5", "Gainey_2021_Total": 66, "Gainey_2025_Total": 91, "OConnor_2025_Total": 16, "Peduto_2021_Total": 26 }, "geometry": { "type": "Polygon", "coordinates": [ [ [ -79.980775187218143, 40.43835971502638 ], [ -79.985056993769376, 40.438541618013836 ], [ -79.985055924990178, 40.438766088437639 ], [ -79.984962626016568, 40.439550198639218 ], [ -79.985114625473614, 40.439803989558087 ], [ -79.986010119866577, 40.441029587384563 ], [ -79.985902507475529, 40.441065144337273 ], [ -79.985012400639221, 40.441444088298375 ], [ -79.982514250019292, 40.442507884388633 ], [ -79.981376600431318, 40.440964660387621 ], [ -79.980557330772115, 40.441321823957246 ], [ -79.980775187218143, 40.43835971502638 ] ] ] } },
{ "type": "Feature", "properties": { "Ward": 4, "District": 18, "Muni_War_1": "Pittsburgh Ward 4 Dist 18", "Gainey_2021_Total": 32, "Gainey_2025_Total": 52, "OConnor_2025_Total": 15, "Peduto_2021_Total": 28 }, "geometry": { "type": "Polygon", "coordinates": [ [ [ -79.965724468547677, 40.442659337172515 ], [ -79.965549851052117, 40.440325461855998 ], [ -79.965093426426861, 40.440393506205183 ], [ -79.965100506194943, 40.440205689334157 ], [ -79.965020109485977, 40.439044741833719 ], [ -79.964968233106063, 40.439051830599084 ], [ -79.964593858691984, 40.439158499057037 ], [ -79.964484208071795, 40.438968948208057 ], [ -79.964362625760742, 40.438172404544922 ], [ -79.964106998051875, 40.438232371274601 ], [ -79.963982455757659, 40.43827929117883 ], [ -79.963840084018742, 40.438354632677715 ], [ -79.963564427061129, 40.438552766508984 ], [ -79.963191163402598, 40.438289997180853 ], [ -79.963067122193351, 40.43838977228782 ], [ -79.961770121955567, 40.439354267405697 ], [ -79.960274508193777, 40.440459948587829 ], [ -79.95943240504748, 40.439780149443536 ], [ -79.963123954825576, 40.437099790719614 ], [ -79.964518530378427, 40.436099527090043 ], [ -79.964667085942608, 40.436067487209257 ], [ -79.964825828841256, 40.436033250132546 ], [ -79.964983218383097, 40.436046494893176 ], [ -79.965125614262021, 40.436096279749343 ], [ -79.965327600664338, 40.436145212971596 ], [ -79.965431655294111, 40.436162087666986 ], [ -79.965641171395163, 40.436181445403449 ], [ -79.965921212079365, 40.43618721109253 ], [ -79.96619966363248, 40.436192943521512 ], [ -79.966319343605591, 40.436179988056203 ], [ -79.966517509964007, 40.436087888905945 ], [ -79.966983167762294, 40.436082815889343 ], [ -79.967019407677356, 40.437066711600131 ], [ -79.967019904877972, 40.437639229614049 ], [ -79.967434293385622, 40.437693246676616 ], [ -79.968166811597342, 40.437927413929117 ], [ -79.968542625661712, 40.438710689364619 ], [ -79.968029619501792, 40.438543992598312 ], [ -79.967758560507676, 40.438490217744217 ], [ -79.967458753623816, 40.438482287964291 ], [ -79.967244975763535, 40.438486175671208 ], [ -79.966947446676357, 40.438534496337262 ], [ -79.966723713816947, 40.438603862037787 ], [ -79.966570933202377, 40.438698179880944 ], [ -79.966505043693317, 40.438770919800085 ], [ -79.966464786483101, 40.438891102506766 ], [ -79.966448822455419, 40.439001280808192 ], [ -79.966466261350632, 40.439109250896941 ], [ -79.966726698529413, 40.440149601308924 ], [ -79.967618468005995, 40.440022607415955 ], [ -79.967946073873634, 40.441146759954762 ], [ -79.965756632042229, 40.442818858379198 ], [ -79.965724468547677, 40.442659337172515 ] ] ] } },
{ "type": "Feature", "properties": { "Ward": 14, "District": 4, "Muni_War_1": "Pittsburgh Ward 14 Dist 4", "Gainey_2021_Total": 120, "Gainey_2025_Total": 110, "OConnor_2025_Total": 232, "Peduto_2021_Total": 175 }, "geometry": { "type": "Polygon", "coordinates": [ [ [ -79.92367797327239, 40.442969061619038 ], [ -79.923064465419941, 40.439792920264118 ], [ -79.922983812132813, 40.438056070628555 ], [ -79.92771430622733, 40.438039267369881 ], [ -79.927875433742088, 40.443002581263144 ], [ -79.923660730250873, 40.442878828786512 ], [ -79.92367797327239, 40.442969061619038 ] ] ] } },
{ "type": "Feature", "properties": { "Ward": 4, "District": 3, "Muni_War_1": "Pittsburgh Ward 4 Dist 3", "Gainey_2021_Total": 36, "Gainey_2025_Total": 50, "OConnor_2025_Total": 6, "Peduto_2021_Total": 31 }, "geometry": { "type": "Polygon", "coordinates": [ [ [ -79.968158301730355, 40.441483145672393 ], [ -79.968158229202658, 40.441482410151551 ], [ -79.96815609699425, 40.441477735916777 ], [ -79.968126743607172, 40.441413405958826 ], [ -79.968066393959703, 40.441281142537996 ], [ -79.96803885075218, 40.441244894918427 ], [ -79.967978767043988, 40.441175793666439 ], [ -79.967946073873634, 40.441146759954762 ], [ -79.968460814536058, 40.440761896888354 ], [ -79.968633939954685, 40.440576125889109 ], [ -79.969027633990265, 40.439985152883679 ], [ -79.968568884715467, 40.43876541858824 ], [ -79.968549092234539, 40.438712790367404 ], [ -79.968548146524171, 40.438710277073355 ], [ -79.968593757672295, 40.438727304409653 ], [ -79.968809063825915, 40.438807680389139 ], [ -79.969447926948206, 40.439046170400005 ], [ -79.969781287833996, 40.439183924769949 ], [ -79.970029569189265, 40.439317830939338 ], [ -79.970227855290304, 40.439456764615009 ], [ -79.97037474354758, 40.439581332890839 ], [ -79.970489854167866, 40.439707042228989 ], [ -79.970746837385349, 40.439645726378188 ], [ -79.971104432287206, 40.43957487278292 ], [ -79.971106729440038, 40.439574417831707 ], [ -79.971264309380572, 40.439543195188072 ], [ -79.971366435386926, 40.439534196235698 ], [ -79.971474644479343, 40.439539243772771 ], [ -79.971570739001479, 40.439555468814341 ], [ -79.97165040532974, 40.43957791033646 ], [ -79.971735093136516, 40.439616206114465 ], [ -79.97183880978929, 40.439686575492594 ], [ -79.971925297050888, 40.439784795931118 ], [ -79.972036342307575, 40.439985077833612 ], [ -79.972074749034661, 40.440062714348791 ], [ -79.972129845182948, 40.440120974660353 ], [ -79.972221596703932, 40.44021178307608 ], [ -79.972341274225116, 40.440307621765349 ], [ -79.972416571717062, 40.44036852668458 ], [ -79.972379465056846, 40.440383806526697 ], [ -79.972215975525188, 40.440441093943008 ], [ -79.970903252468688, 40.440993818276986 ], [ -79.970757360311282, 40.440982763022049 ], [ -79.970721817988235, 40.441117649001981 ], [ -79.97052566230019, 40.441152798461779 ], [ -79.968446238171282, 40.442028281633931 ], [ -79.968212654013385, 40.441616494407228 ], [ -79.968158301730355, 40.441483145672393 ] ] ] } },
{ "type": "Feature", "properties": { "Ward": 4, "District": 5, "Muni_War_1": "Pittsburgh Ward 4 Dist 5", "Gainey_2021_Total": 21, "Gainey_2025_Total": 22, "OConnor_2025_Total": 28, "Peduto_2021_Total": 22 }, "geometry": { "type": "Polygon", "coordinates": [ [ [ -79.956970634660806, 40.441564116360347 ], [ -79.956215321322134, 40.440955058456055 ], [ -79.956866490679559, 40.440481663705341 ], [ -79.955881352220501, 40.439699027793552 ], [ -79.957719404050422, 40.438390107226034 ], [ -79.955497027491106, 40.436586215831717 ], [ -79.956175619282618, 40.435949780064021 ], [ -79.96152721775421, 40.435836411741292 ], [ -79.961531208041492, 40.435835818271265 ], [ -79.963123954825576, 40.437099790719614 ], [ -79.95943240504748, 40.439780149443536 ], [ -79.960274508193777, 40.440459948587829 ], [ -79.957853424502247, 40.442210635392385 ], [ -79.957726170950892, 40.442179601073676 ], [ -79.956970634660806, 40.441564116360347 ] ] ] } },
{ "type": "Feature", "properties": { "Ward": 4, "District": 4, "Muni_War_1": "Pittsburgh Ward 4 Dist 4", "Gainey_2021_Total": 23, "Gainey_2025_Total": 29, "OConnor_2025_Total": 3, "Peduto_2021_Total": 17 }, "geometry": { "type": "Polygon", "coordinates": [ [ [ -79.967946073873634, 40.441146759954762 ], [ -79.967618468005995, 40.440022607415955 ], [ -79.966726698529413, 40.440149601308924 ], [ -79.966466261350632, 40.439109250896941 ], [ -79.966448822455419, 40.439001280808192 ], [ -79.966464786483101, 40.438891102506766 ], [ -79.966505043693317, 40.438770919800085 ], [ -79.966570933202377, 40.438698179880944 ], [ -79.966723713816947, 40.438603862037787 ], [ -79.966947446676357, 40.438534496337262 ], [ -79.967244975763535, 40.438486175671208 ], [ -79.967458753623816, 40.438482287964291 ], [ -79.967758560507676, 40.438490217744217 ], [ -79.968029619501792, 40.438543992598312 ], [ -79.968542625661712, 40.438710689364619 ], [ -79.968549092234539, 40.438712790367404 ], [ -79.968568884715467, 40.43876541858824 ], [ -79.969027633990265, 40.439985152883679 ], [ -79.968633939954685, 40.440576125889109 ], [ -79.968460814536058, 40.440761896888354 ], [ -79.967946073873634, 40.441146759954762 ] ] ] } },
{ "type": "Feature", "properties": { "Ward": 14, "District": 18, "Muni_War_1": "Pittsburgh Ward 14 Dist 18", "Gainey_2021_Total": 158, "Gainey_2025_Total": 170, "OConnor_2025_Total": 169, "Peduto_2021_Total": 146 }, "geometry": { "type": "Polygon", "coordinates": [ [ [ -79.894248369441186, 40.441557848654128 ], [ -79.894460808851591, 40.440565552783532 ], [ -79.894708400368614, 40.439347386881515 ], [ -79.894829354228889, 40.438715309335507 ], [ -79.894864068131994, 40.438533897931869 ], [ -79.895068399142872, 40.437540910095493 ], [ -79.895140915991817, 40.437204055330348 ], [ -79.896323313066461, 40.436893718856275 ], [ -79.896427926671734, 40.436869663326512 ], [ -79.897642310289143, 40.439661357739837 ], [ -79.900309553018985, 40.439514207559675 ], [ -79.900356308529084, 40.439638521208565 ], [ -79.900674338019414, 40.440484081720221 ], [ -79.900787270306552, 40.440721594648757 ], [ -79.900891859826132, 40.440941561858722 ], [ -79.901188619063007, 40.441330491683338 ], [ -79.901650856837165, 40.441893443406713 ], [ -79.901823962059794, 40.442193975865258 ], [ -79.899329101642309, 40.44236834156856 ], [ -79.896401925899141, 40.442255853116727 ], [ -79.894257158704619, 40.441561536716002 ], [ -79.894248369441186, 40.441557848654128 ] ] ] } },
{ "type": "Feature", "properties": { "Ward": 19, "District": 2, "Muni_War_1": "Pittsburgh Ward 19 Dist 2", "Gainey_2021_Total": 49, "Gainey_2025_Total": 32, "OConnor_2025_Total": 126, "Peduto_2021_Total": 45 }, "geometry": { "type": "Polygon", "coordinates": [ [ [ -80.020451053081842, 40.4388290454703 ], [ -80.021176965834798, 40.435835446619649 ], [ -80.021867772128516, 40.432889179531394 ], [ -80.022284111087359, 40.431118230399882 ], [ -80.022285692643123, 40.431107502161218 ], [ -80.023780393133507, 40.431312530511946 ], [ -80.023963592510185, 40.431314680896556 ], [ -80.027554435834048, 40.432927846943457 ], [ -80.028046896757999, 40.433151021104038 ], [ -80.028339757428597, 40.43326985947165 ], [ -80.028581154211508, 40.433378801347907 ], [ -80.028581930612617, 40.433379239183957 ], [ -80.027838722740128, 40.433845444422118 ], [ -80.027649421417109, 40.43403933018115 ], [ -80.027320227742507, 40.434586850725246 ], [ -80.027158721786435, 40.435058727002293 ], [ -80.027059125624604, 40.43528860086851 ], [ -80.026779562796094, 40.435723156640279 ], [ -80.026273120783344, 40.436324573439393 ], [ -80.025731585915111, 40.436948828138426 ], [ -80.025418858070779, 40.437372620916342 ], [ -80.025051599961557, 40.438044532988137 ], [ -80.022854734770817, 40.43751902345678 ], [ -80.022419573428039, 40.43918979630628 ], [ -80.021950855589282, 40.43969147305711 ], [ -80.021006964874843, 40.439062510088839 ], [ -80.020451053081842, 40.4388290454703 ] ] ] } },
{ "type": "Feature", "properties": { "Ward": 4, "District": 1, "Muni_War_1": "Pittsburgh Ward 4 Dist 1", "Gainey_2021_Total": 16, "Gainey_2025_Total": 19, "OConnor_2025_Total": 3, "Peduto_2021_Total": 6 }, "geometry": { "type": "Polygon", "coordinates": [ [ [ -79.972221596703932, 40.44021178307608 ], [ -79.972129845182948, 40.440120974660353 ], [ -79.972074749034661, 40.440062714348791 ], [ -79.972036342307575, 40.439985077833612 ], [ -79.971925297050888, 40.439784795931118 ], [ -79.97183880978929, 40.439686575492594 ], [ -79.971735093136516, 40.439616206114465 ], [ -79.97165040532974, 40.43957791033646 ], [ -79.971570739001479, 40.439555468814341 ], [ -79.971474644479343, 40.439539243772771 ], [ -79.971366435386926, 40.439534196235698 ], [ -79.971264309380572, 40.439543195188072 ], [ -79.971106729440038, 40.439574417831707 ], [ -79.971104432287206, 40.43957487278292 ], [ -79.970746837385349, 40.439645726378188 ], [ -79.970489854167866, 40.439707042228989 ], [ -79.97037474354758, 40.439581332890839 ], [ -79.970227855290304, 40.439456764615009 ], [ -79.970029569189265, 40.439317830939338 ], [ -79.969781287833996, 40.439183924769949 ], [ -79.969447926948206, 40.439046170400005 ], [ -79.968809063825915, 40.438807680389139 ], [ -79.968593757672295, 40.438727304409653 ], [ -79.968548146524171, 40.438710277073355 ], [ -79.968549092234539, 40.438712790367404 ], [ -79.968542625661712, 40.438710689364619 ], [ -79.968166811597342, 40.437927413929117 ], [ -79.967434293385622, 40.437693246676616 ], [ -79.967019904877972, 40.437639229614049 ], [ -79.967019407677356, 40.437066711600131 ], [ -79.966983167762294, 40.436082815889343 ], [ -79.966517509964007, 40.436087888905945 ], [ -79.966319343605591, 40.436179988056203 ], [ -79.96619966363248, 40.436192943521512 ], [ -79.965921212079365, 40.43618721109253 ], [ -79.965641171395163, 40.436181445403449 ], [ -79.965431655294111, 40.436162087666986 ], [ -79.965327600664338, 40.436145212971596 ], [ -79.965125614262021, 40.436096279749343 ], [ -79.964983218383097, 40.436046494893176 ], [ -79.964825828841256, 40.436033250132546 ], [ -79.964667085942608, 40.436067487209257 ], [ -79.964518530378427, 40.436099527090043 ], [ -79.964691561725786, 40.435979599325549 ], [ -79.964877165967607, 40.435903650476263 ], [ -79.965097812184666, 40.435868866054797 ], [ -79.965332208313797, 40.435831914053622 ], [ -79.965498191215715, 40.435830871288168 ], [ -79.965798723353529, 40.435828982425576 ], [ -79.967092610507692, 40.434820450699 ], [ -79.966440907698484, 40.434904689850704 ], [ -79.966271452332563, 40.434676534959017 ], [ -79.963058044057348, 40.433299796084491 ], [ -79.962696634491124, 40.433334940094532 ], [ -79.963668684108697, 40.431862913346194 ], [ -79.964527548110325, 40.430791289011879 ], [ -79.966537372494017, 40.431791373755196 ], [ -79.971703780283747, 40.433017919189609 ], [ -79.972217736462127, 40.433139920974881 ], [ -79.975598616510467, 40.433564895359346 ], [ -79.975970522325667, 40.434810941752566 ], [ -79.975988333188056, 40.435419900669807 ], [ -79.97599350247485, 40.43559665266951 ], [ -79.975922814559993, 40.43570612835223 ], [ -79.976094375347984, 40.435814030887876 ], [ -79.975993732429615, 40.435823699246789 ], [ -79.97600898983697, 40.436229942044115 ], [ -79.976001215017774, 40.436590718152182 ], [ -79.975960026414924, 40.437151871654336 ], [ -79.975886999099984, 40.438146780474099 ], [ -79.977664725221075, 40.438234199660215 ], [ -79.977544583492872, 40.43822901321095 ], [ -79.977502467918328, 40.438299453656008 ], [ -79.977441910607425, 40.438342924244012 ], [ -79.977203812391153, 40.438441679297135 ], [ -79.975975109693792, 40.438945452156261 ], [ -79.974692557916796, 40.439483865268684 ], [ -79.97460175461822, 40.439513667476817 ], [ -79.974532621276964, 40.439536358064217 ], [ -79.974436632058101, 40.439582385607281 ], [ -79.974224583964912, 40.439668561169952 ], [ -79.973174910405959, 40.440069844099916 ], [ -79.973213324936694, 40.440124563701133 ], [ -79.973031679740245, 40.440122834958956 ], [ -79.972547697106435, 40.440306888627035 ], [ -79.972463409259618, 40.44034923908049 ], [ -79.972416571717062, 40.44036852668458 ], [ -79.972341274225116, 40.440307621765349 ], [ -79.972221596703932, 40.44021178307608 ] ] ] } },
{ "type": "Feature", "properties": { "Ward": 19, "District": 4, "Muni_War_1": "Pittsburgh Ward 19 Dist 4", "Gainey_2021_Total": 20, "Gainey_2025_Total": 23, "OConnor_2025_Total": 88, "Peduto_2021_Total": 62 }, "geometry": { "type": "Polygon", "coordinates": [ [ [ -80.013215010743778, 40.437454829626915 ], [ -80.01461037186165, 40.43586164190706 ], [ -80.014910817786841, 40.434387726445273 ], [ -80.019173424746427, 40.434981644566115 ], [ -80.019018953933553, 40.435397251264966 ], [ -80.018365795574098, 40.436175342522837 ], [ -80.017955619937638, 40.436976372997556 ], [ -80.017569171851235, 40.437841302528632 ], [ -80.01691654532091, 40.439456798557913 ], [ -80.013215010743778, 40.437454829626915 ] ] ] } },
{ "type": "Feature", "properties": { "Ward": 19, "District": 3, "Muni_War_1": "Pittsburgh Ward 19 Dist 3", "Gainey_2021_Total": 26, "Gainey_2025_Total": 36, "OConnor_2025_Total": 97, "Peduto_2021_Total": 68 }, "geometry": { "type": "Polygon", "coordinates": [ [ [ -80.017569171851235, 40.437841302528632 ], [ -80.017955619937638, 40.436976372997556 ], [ -80.018365795574098, 40.436175342522837 ], [ -80.019018953933553, 40.435397251264966 ], [ -80.019173424746427, 40.434981644566115 ], [ -80.019498975232082, 40.433593042115135 ], [ -80.019861455218475, 40.431920090199249 ], [ -80.020154995097698, 40.430832177235509 ], [ -80.020164426894397, 40.430816493063134 ], [ -80.022285692643123, 40.431107502161218 ], [ -80.022284111087359, 40.431118230399882 ], [ -80.021867772128516, 40.432889179531394 ], [ -80.021176965834798, 40.435835446619649 ], [ -80.020451053081842, 40.4388290454703 ], [ -80.020361404573208, 40.439139807912369 ], [ -80.019174560534196, 40.438661392923208 ], [ -80.01865086291329, 40.438410384806545 ], [ -80.017569171851235, 40.437841302528632 ] ] ] } },
{ "type": "Feature", "properties": { "Ward": 14, "District": 20, "Muni_War_1": "Pittsburgh Ward 14 Dist 20", "Gainey_2021_Total": 79, "Gainey_2025_Total": 79, "OConnor_2025_Total": 172, "Peduto_2021_Total": 136 }, "geometry": { "type": "Polygon", "coordinates": [ [ [ -79.912569391133474, 40.441113769680484 ], [ -79.913082873339647, 40.438027655552439 ], [ -79.919343449309537, 40.438045721353554 ], [ -79.922983812132813, 40.438056070628555 ], [ -79.923064465419941, 40.439792920264118 ], [ -79.919572339576575, 40.439977206732244 ], [ -79.919587390751573, 40.440277593221531 ], [ -79.916671053519991, 40.44062722734229 ], [ -79.912578987040561, 40.441114379256703 ], [ -79.912569391133474, 40.441113769680484 ] ] ] } },
{ "type": "Feature", "properties": { "Ward": 20, "District": 3, "Muni_War_1": "Pittsburgh Ward 20 Dist 3", "Gainey_2021_Total": 27, "Gainey_2025_Total": 41, "OConnor_2025_Total": 137, "Peduto_2021_Total": 93 }, "geometry": { "type": "Polygon", "coordinates": [ [ [ -80.045723986463074, 40.438295125280234 ], [ -80.045366547090509, 40.438291761302217 ], [ -80.044895930846394, 40.438262606413204 ], [ -80.044476046763648, 40.438208362322676 ], [ -80.043982275879898, 40.438107911964572 ], [ -80.043474761808781, 40.437997840506497 ], [ -80.04304565024033, 40.437882001176384 ], [ -80.042392094563155, 40.437684469898528 ], [ -80.041447836966228, 40.437399066877205 ], [ -80.040787358972906, 40.437238468075442 ], [ -80.040315807263099, 40.437176394702448 ], [ -80.039758498703478, 40.437088671362837 ], [ -80.039602738786982, 40.437025941404386 ], [ -80.039867414487773, 40.436846069740312 ], [ -80.040097673931086, 40.436699224231376 ], [ -80.040291377388399, 40.436555839720022 ], [ -80.040360427770921, 40.436452122623834 ], [ -80.04008496118621, 40.436450038357101 ], [ -80.039926747460882, 40.436434124541805 ], [ -80.039797411269817, 40.436408714937357 ], [ -80.03953100506962, 40.436315311171697 ], [ -80.039297736417836, 40.436206074772983 ], [ -80.03894430793315, 40.436045975599463 ], [ -80.038595730784508, 40.435905001594641 ], [ -80.038222391960645, 40.435775975352833 ], [ -80.037528731651591, 40.435582249180115 ], [ -80.036935016613285, 40.435450684240415 ], [ -80.036343840736762, 40.435333682095774 ], [ -80.035990874414381, 40.435310289457185 ], [ -80.035817161490527, 40.435327494345309 ], [ -80.035698263273488, 40.435344329982541 ], [ -80.035479713022895, 40.435389180430839 ], [ -80.035257896618475, 40.435467513570664 ], [ -80.035026781873228, 40.435584201759617 ], [ -80.034955868042999, 40.435626045938619 ], [ -80.035009727748232, 40.435727382312244 ], [ -80.035107965568102, 40.435833901332231 ], [ -80.035335154036588, 40.436080237593991 ], [ -80.035621919316313, 40.436352230705317 ], [ -80.035717440271995, 40.436414870173309 ], [ -80.035681680787562, 40.436605442791901 ], [ -80.035675606459804, 40.437170104695369 ], [ -80.035646419885154, 40.437672843399518 ], [ -80.035494377648448, 40.438077785362019 ], [ -80.035389058649685, 40.438042178773784 ], [ -80.035018032773351, 40.438021210323207 ], [ -80.034691241387279, 40.438002740829901 ], [ -80.034365760506034, 40.437987555277211 ], [ -80.034088478706835, 40.437976353862489 ], [ -80.033796715376553, 40.437943333781334 ], [ -80.033614774818261, 40.43789003837631 ], [ -80.033516562655564, 40.438001128283709 ], [ -80.03337459134822, 40.43794304178779 ], [ -80.032944139176706, 40.437922977917651 ], [ -80.03297702479675, 40.437511075952784 ], [ -80.032997970412069, 40.436840497001398 ], [ -80.032802650752799, 40.436152817106731 ], [ -80.032263716976615, 40.435494790674909 ], [ -80.031218046183056, 40.434830205382916 ], [ -80.030300047873041, 40.434308691282155 ], [ -80.029530769881646, 40.433870341350548 ], [ -80.029223131801828, 40.433739112904078 ], [ -80.028581930612617, 40.433379239183957 ], [ -80.028581154211508, 40.433378801347907 ], [ -80.028339757428597, 40.43326985947165 ], [ -80.028046896757999, 40.433151021104038 ], [ -80.027554435834048, 40.432927846943457 ], [ -80.023963592510185, 40.431314680896556 ], [ -80.023780393133507, 40.431312530511946 ], [ -80.022285692643123, 40.431107502161218 ], [ -80.020164426894397, 40.430816493063134 ], [ -80.019250562628201, 40.430691110558051 ], [ -80.020303303025088, 40.427277088135178 ], [ -80.020647738123543, 40.426226730387064 ], [ -80.021008596670029, 40.425126257213684 ], [ -80.021557597567821, 40.425371050523573 ], [ -80.022808416457892, 40.425717065852645 ], [ -80.023606929504837, 40.426022194875287 ], [ -80.024201735872808, 40.426333048336339 ], [ -80.024890856907561, 40.426830051821653 ], [ -80.025572331034027, 40.427566093317687 ], [ -80.026372548410663, 40.428594732555915 ], [ -80.026822804420561, 40.4291113506969 ], [ -80.027423228270806, 40.429574127760624 ], [ -80.028155726830036, 40.430010617845454 ], [ -80.028540571303949, 40.429795578565837 ], [ -80.029119667308805, 40.429426464085466 ], [ -80.029697011708805, 40.428926385476039 ], [ -80.030108978674647, 40.428463807725493 ], [ -80.030483721486277, 40.427896758991096 ], [ -80.030751120842055, 40.427329940601751 ], [ -80.030919879097439, 40.42668861306894 ], [ -80.030987955027882, 40.426124869409399 ], [ -80.030938813874272, 40.425362044970605 ], [ -80.030791694254205, 40.424623809463611 ], [ -80.030599289833859, 40.423666871128745 ], [ -80.032549086733326, 40.423727404785808 ], [ -80.03266486853326, 40.426771874175344 ], [ -80.035569388933538, 40.427164752801467 ], [ -80.034815588221363, 40.428375074648834 ], [ -80.037493534355065, 40.428528847019578 ], [ -80.037713211351544, 40.428316189663754 ], [ -80.037976930962898, 40.428115452342716 ], [ -80.03823125667985, 40.427921868831895 ], [ -80.038278342769971, 40.427886256425296 ], [ -80.038370743298486, 40.427846394259049 ], [ -80.039177394860573, 40.428131837541727 ], [ -80.039178297805293, 40.428132182710677 ], [ -80.039682742021938, 40.428307820106156 ], [ -80.039692032944515, 40.428311054865141 ], [ -80.039904796394993, 40.42838513467337 ], [ -80.040208589940264, 40.428490909379121 ], [ -80.040281474254144, 40.428516285079795 ], [ -80.040620877766514, 40.428634224771862 ], [ -80.040697496852417, 40.428683065589425 ], [ -80.041374815682246, 40.428890163281366 ], [ -80.041737954248262, 40.429001194860163 ], [ -80.041738030472516, 40.429001217672365 ], [ -80.042089335108727, 40.428822581907575 ], [ -80.042491009180196, 40.428618328706776 ], [ -80.042983267025761, 40.428189790855832 ], [ -80.043150257968861, 40.428044413794979 ], [ -80.043150365618601, 40.428044320668128 ], [ -80.043070125564896, 40.428153842951801 ], [ -80.042671751429239, 40.42869758837071 ], [ -80.042413699618393, 40.429102004325607 ], [ -80.041813606267141, 40.429968603367044 ], [ -80.041723407830716, 40.429943586439279 ], [ -80.041400981803719, 40.430335971404901 ], [ -80.040981625820592, 40.430846309596902 ], [ -80.040687859695311, 40.43120380547937 ], [ -80.041194461829818, 40.431380081317414 ], [ -80.041869818976622, 40.431615072874671 ], [ -80.042493291755633, 40.431839545092345 ], [ -80.042928426526814, 40.432003374843426 ], [ -80.043503008554765, 40.432219703935132 ], [ -80.044093859636718, 40.43241003987972 ], [ -80.044694998831787, 40.432603686528644 ], [ -80.04533380743608, 40.432815223076126 ], [ -80.046070599485446, 40.433073421294559 ], [ -80.046073082733315, 40.433087357414273 ], [ -80.046080835482044, 40.433130863340722 ], [ -80.046073017615569, 40.433144093359402 ], [ -80.04606144862106, 40.433163673540882 ], [ -80.046095890578357, 40.433213820212906 ], [ -80.046147264495033, 40.433288616670666 ], [ -80.046206945936419, 40.433444239212804 ], [ -80.046317142315004, 40.43367499680209 ], [ -80.046431824242916, 40.433882441918833 ], [ -80.046539939167275, 40.434056996112567 ], [ -80.046718081382409, 40.434420350363233 ], [ -80.046724371978129, 40.434579194232342 ], [ -80.046730878524812, 40.434743514838829 ], [ -80.046707571756912, 40.434851455556974 ], [ -80.046668532944921, 40.435032248876311 ], [ -80.046606326311178, 40.435355627538463 ], [ -80.046560486665825, 40.435602269802054 ], [ -80.046461545743369, 40.436134618016446 ], [ -80.046344007015577, 40.436658844750767 ], [ -80.046177508849013, 40.437445085030532 ], [ -80.046052109943531, 40.438098295976772 ], [ -80.04601611884533, 40.438285773327273 ], [ -80.04577447350772, 40.438295600594458 ], [ -80.045723986463074, 40.438295125280234 ] ] ] } },
{ "type": "Feature", "properties": { "Ward": 28, "District": 3, "Muni_War_1": "Pittsburgh Ward 28 Dist 3", "Gainey_2021_Total": 56, "Gainey_2025_Total": 64, "OConnor_2025_Total": 177, "Peduto_2021_Total": 128 }, "geometry": { "type": "Polygon", "coordinates": [ [ [ -80.042671751429239, 40.42869758837071 ], [ -80.042672235523682, 40.428697194083192 ], [ -80.043289583021632, 40.428193320065859 ], [ -80.044627631878114, 40.429061677321265 ], [ -80.046598838160321, 40.429412542541627 ], [ -80.046603674778495, 40.429363141378452 ], [ -80.046746438170658, 40.427905139763936 ], [ -80.046773657356354, 40.427627152077555 ], [ -80.046800163197176, 40.427356439756494 ], [ -80.046748562071542, 40.4272677923529 ], [ -80.046638312362845, 40.427101354612233 ], [ -80.046591970002027, 40.427031393459153 ], [ -80.046575020560581, 40.427005806247607 ], [ -80.046789746420103, 40.426984004524485 ], [ -80.046945135372411, 40.426972975728141 ], [ -80.047356418309008, 40.426961928847078 ], [ -80.047391240719037, 40.426960993164826 ], [ -80.047381379568691, 40.425957390007255 ], [ -80.047781650133885, 40.425743442034019 ], [ -80.048641875981559, 40.426394921944272 ], [ -80.049458115666241, 40.42683613650977 ], [ -80.049576030761514, 40.426850129119195 ], [ -80.049821116087074, 40.426913798886574 ], [ -80.050247327059694, 40.427024523053163 ], [ -80.050607378341866, 40.42707824726638 ], [ -80.050711967818771, 40.427093852720304 ], [ -80.050792489009396, 40.427102526624971 ], [ -80.051033665819602, 40.427128507059471 ], [ -80.051374180222211, 40.427121724681506 ], [ -80.052102482663969, 40.427369576504198 ], [ -80.052150112799694, 40.427385785887907 ], [ -80.053767094744188, 40.427936044912805 ], [ -80.053773288473579, 40.427938251126911 ], [ -80.053644493863132, 40.428084325650993 ], [ -80.053539546353079, 40.428359264383936 ], [ -80.053524336416729, 40.428498044346121 ], [ -80.053511678761865, 40.428703400070098 ], [ -80.053501515198349, 40.429086266316531 ], [ -80.053490889957288, 40.429495012762608 ], [ -80.053479596201782, 40.429929417401418 ], [ -80.053470228057392, 40.430274472427783 ], [ -80.053458748708493, 40.430697233024276 ], [ -80.05343343317648, 40.430968813581693 ], [ -80.053349018152829, 40.43124594795227 ], [ -80.053194210052453, 40.431474285777675 ], [ -80.052710201092637, 40.431916480693197 ], [ -80.052123191209347, 40.432443234165561 ], [ -80.05184679072363, 40.432649453112617 ], [ -80.050824334423851, 40.43333115825218 ], [ -80.050539069451546, 40.433593754500833 ], [ -80.050317927144107, 40.433958560951773 ], [ -80.05028581364941, 40.434162914071116 ], [ -80.050266124167905, 40.43453400686969 ], [ -80.050328043766726, 40.4347427518735 ], [ -80.050398536235292, 40.434926184918481 ], [ -80.050532927866271, 40.435112976313519 ], [ -80.050698681531543, 40.435284129708641 ], [ -80.050863915927721, 40.435413759295479 ], [ -80.051387340758794, 40.435743967971774 ], [ -80.052010324614955, 40.43613697606834 ], [ -80.052432504732124, 40.43641727232017 ], [ -80.052820223335729, 40.43670407636192 ], [ -80.053151658122644, 40.436963085904765 ], [ -80.053540910427145, 40.437267274951886 ], [ -80.053800317843184, 40.437477600006901 ], [ -80.053852654190322, 40.437589482781597 ], [ -80.053947415148954, 40.43793208109458 ], [ -80.053948195357137, 40.437934902455346 ], [ -80.0537017140269, 40.437948212113085 ], [ -80.053377459118749, 40.437947003225418 ], [ -80.05321540240368, 40.437910844585147 ], [ -80.052848519142955, 40.437766126387224 ], [ -80.052357065564379, 40.437572267931223 ], [ -80.052122031016154, 40.437557159889487 ], [ -80.051479644752717, 40.437515864804169 ], [ -80.050944179866903, 40.437503701740106 ], [ -80.050675183489048, 40.437558915130595 ], [ -80.050291995008905, 40.437703668030004 ], [ -80.049704162357472, 40.437972969983335 ], [ -80.049464613409327, 40.438075046289306 ], [ -80.049215073603037, 40.438121287115898 ], [ -80.048914580825397, 40.438148717858986 ], [ -80.048512126737975, 40.43813698808583 ], [ -80.048023486402897, 40.438100798208033 ], [ -80.047294447804887, 40.43815363465378 ], [ -80.046559178073778, 40.438263687988588 ], [ -80.04601611884533, 40.438285773327273 ], [ -80.046052109943531, 40.438098295976772 ], [ -80.046177508849013, 40.437445085030532 ], [ -80.046344007015577, 40.436658844750767 ], [ -80.046461545743369, 40.436134618016446 ], [ -80.046560486665825, 40.435602269802054 ], [ -80.046606326311178, 40.435355627538463 ], [ -80.046668532944921, 40.435032248876311 ], [ -80.046707571756912, 40.434851455556974 ], [ -80.046730878524812, 40.434743514838829 ], [ -80.046724371978129, 40.434579194232342 ], [ -80.046718081382409, 40.434420350363233 ], [ -80.046539939167275, 40.434056996112567 ], [ -80.046431824242916, 40.433882441918833 ], [ -80.046317142315004, 40.43367499680209 ], [ -80.046206945936419, 40.433444239212804 ], [ -80.046147264495033, 40.433288616670666 ], [ -80.046095890578357, 40.433213820212906 ], [ -80.04606144862106, 40.433163673540882 ], [ -80.046073017615569, 40.433144093359402 ], [ -80.046080835482044, 40.433130863340722 ], [ -80.046073082733315, 40.433087357414273 ], [ -80.046070599485446, 40.433073421294559 ], [ -80.04533380743608, 40.432815223076126 ], [ -80.044694998831787, 40.432603686528644 ], [ -80.044093859636718, 40.43241003987972 ], [ -80.043503008554765, 40.432219703935132 ], [ -80.042928426526814, 40.432003374843426 ], [ -80.042493291755633, 40.431839545092345 ], [ -80.041869818976622, 40.431615072874671 ], [ -80.041194461829818, 40.431380081317414 ], [ -80.040687859695311, 40.43120380547937 ], [ -80.040981625820592, 40.430846309596902 ], [ -80.041400981803719, 40.430335971404901 ], [ -80.041723407830716, 40.429943586439279 ], [ -80.041813606267141, 40.429968603367044 ], [ -80.042413699618393, 40.429102004325607 ], [ -80.042671751429239, 40.42869758837071 ] ] ] } },
{ "type": "Feature", "properties": { "Ward": 4, "District": 16, "Muni_War_1": "Pittsburgh Ward 4 Dist 16", "Gainey_2021_Total": 94, "Gainey_2025_Total": 95, "OConnor_2025_Total": 32, "Peduto_2021_Total": 34 }, "geometry": { "type": "Polygon", "coordinates": [ [ [ -79.953935715047947, 40.438131681710502 ], [ -79.95496850365511, 40.437100423202168 ], [ -79.954374422508408, 40.436625828315627 ], [ -79.95419486772164, 40.436409670347594 ], [ -79.954326564136608, 40.43582100415756 ], [ -79.955751606629207, 40.435923208456749 ], [ -79.955772601098786, 40.435689473528669 ], [ -79.955822477741563, 40.4355121969527 ], [ -79.955876479698915, 40.435320254714149 ], [ -79.955609843238562, 40.435209975624758 ], [ -79.955490140969658, 40.435138938678499 ], [ -79.955577692121494, 40.434862852834165 ], [ -79.954943345504802, 40.434705441888504 ], [ -79.954589893429855, 40.434586952606587 ], [ -79.954438394581814, 40.434560050355643 ], [ -79.954220314328353, 40.434521325711529 ], [ -79.953190766481683, 40.434383330471711 ], [ -79.953773382411882, 40.431785024594411 ], [ -79.955196191322599, 40.431876465432318 ], [ -79.955478152589336, 40.430704952680152 ], [ -79.956720422285869, 40.431607960467829 ], [ -79.955938200621716, 40.434967007634967 ], [ -79.95640780058072, 40.435124079082136 ], [ -79.956174355715291, 40.435773812141449 ], [ -79.956175619282618, 40.435949780064021 ], [ -79.955497027491106, 40.436586215831717 ], [ -79.957719404050422, 40.438390107226034 ], [ -79.955881352220501, 40.439699027793552 ], [ -79.953935715047947, 40.438131681710502 ] ] ] } },
{ "type": "Feature", "properties": { "Ward": 1, "District": 2, "Muni_War_1": "Pittsburgh Ward 1 Dist 2", "Gainey_2021_Total": 60, "Gainey_2025_Total": 84, "OConnor_2025_Total": 38, "Peduto_2021_Total": 39 }, "geometry": { "type": "Polygon", "coordinates": [ [ [ -79.985056993769376, 40.438541618013836 ], [ -79.980775187218143, 40.43835971502638 ], [ -79.977664725221075, 40.438234199660215 ], [ -79.975886999099984, 40.438146780474099 ], [ -79.975960026414924, 40.437151871654336 ], [ -79.976001215017774, 40.436590718152182 ], [ -79.97600898983697, 40.436229942044115 ], [ -79.975993732429615, 40.435823699246789 ], [ -79.976094375347984, 40.435814030887876 ], [ -79.975922814559993, 40.43570612835223 ], [ -79.97599350247485, 40.43559665266951 ], [ -79.975988333188056, 40.435419900669807 ], [ -79.975970522325667, 40.434810941752566 ], [ -79.975598616510467, 40.433564895359346 ], [ -79.978418647094557, 40.433919291715739 ], [ -79.981675483291127, 40.43351876589827 ], [ -79.982933683961193, 40.433364006555962 ], [ -79.982734301661111, 40.436665598436754 ], [ -79.985199574741742, 40.43682954050319 ], [ -79.985140316435917, 40.437657711333621 ], [ -79.988355020541704, 40.437811207099259 ], [ -79.988265891574002, 40.438685694467218 ], [ -79.985056993769376, 40.438541618013836 ] ] ] } },
{ "type": "Feature", "properties": { "Ward": 14, "District": 26, "Muni_War_1": "Pittsburgh Ward 14 Dist 26", "Gainey_2021_Total": 73, "Gainey_2025_Total": 66, "OConnor_2025_Total": 206, "Peduto_2021_Total": 140 }, "geometry": { "type": "Polygon", "coordinates": [ [ [ -79.896427926671734, 40.436869663326512 ], [ -79.89861280896146, 40.43636722958086 ], [ -79.898545404365436, 40.436184160783377 ], [ -79.89851595406941, 40.436104173744205 ], [ -79.898517358188201, 40.435992776749281 ], [ -79.898600278067548, 40.435884621475694 ], [ -79.898652951435409, 40.435797571660387 ], [ -79.898706890274525, 40.435708429922563 ], [ -79.898794543190562, 40.43547523878857 ], [ -79.898827371497148, 40.435247559682068 ], [ -79.89884401971527, 40.435033431225442 ], [ -79.89884634627856, 40.434953160504435 ], [ -79.898825774671081, 40.434789845974358 ], [ -79.898933071244386, 40.434595904471898 ], [ -79.898952650773012, 40.434503654009653 ], [ -79.898914352304033, 40.434422135298476 ], [ -79.898910576340839, 40.434330272343566 ], [ -79.898951554026723, 40.434196358448361 ], [ -79.899077735099567, 40.433994694758603 ], [ -79.899159998666775, 40.43381496742127 ], [ -79.89919690091395, 40.433671016211235 ], [ -79.899175198597234, 40.433508378553533 ], [ -79.899158874888514, 40.433448895098103 ], [ -79.89917935345224, 40.433345879739399 ], [ -79.899229337141321, 40.433310894996637 ], [ -79.899336706380353, 40.433200722209584 ], [ -79.899425850726729, 40.433077128669495 ], [ -79.899511150716108, 40.432936415540837 ], [ -79.899523570144822, 40.432888185114109 ], [ -79.899545605493927, 40.432813112273699 ], [ -79.899533868091339, 40.432773329934214 ], [ -79.899593332052405, 40.432668227123493 ], [ -79.899647269302406, 40.432499229407298 ], [ -79.899644639719156, 40.432307283453873 ], [ -79.899678586774229, 40.432167988569354 ], [ -79.899708614407217, 40.432124764484143 ], [ -79.899860966890941, 40.431999687358328 ], [ -79.899980905656108, 40.431909037589477 ], [ -79.900046068013211, 40.431763828667478 ], [ -79.900096006366738, 40.431578904990111 ], [ -79.900111837012346, 40.431448850212476 ], [ -79.900123659725807, 40.431351730535212 ], [ -79.900011640048277, 40.431231152664317 ], [ -79.900007556922759, 40.43121256110414 ], [ -79.900005602558366, 40.43115126719443 ], [ -79.899976768884429, 40.431122470045914 ], [ -79.899958226550055, 40.431088149230419 ], [ -79.899963180031534, 40.430981742538286 ], [ -79.900030717044544, 40.430625480082242 ], [ -79.900054534486358, 40.430606372046391 ], [ -79.900134150383209, 40.430586223866264 ], [ -79.90015686247574, 40.430532468731634 ], [ -79.900164097453427, 40.430431004895425 ], [ -79.900155847526975, 40.430391158605552 ], [ -79.900102604292925, 40.430253486926652 ], [ -79.900120030624393, 40.430137890889085 ], [ -79.900170917787165, 40.429988222471522 ], [ -79.900277373520893, 40.429889104714547 ], [ -79.900333130870493, 40.429822541452474 ], [ -79.900404755595048, 40.429661213647634 ], [ -79.900490009923345, 40.42939757949641 ], [ -79.900526089596013, 40.429204830963656 ], [ -79.900584781685041, 40.429097849159959 ], [ -79.900704277919345, 40.428924127030328 ], [ -79.90075916952371, 40.428818681560401 ], [ -79.900821914320701, 40.428685164216361 ], [ -79.900882776290246, 40.42860027678902 ], [ -79.900920945321843, 40.428547040882833 ], [ -79.901000703679628, 40.4284810439013 ], [ -79.901087000490051, 40.428409635299204 ], [ -79.901124456607533, 40.428331605701175 ], [ -79.901074746288714, 40.427941798117523 ], [ -79.901238335596759, 40.427727106827597 ], [ -79.901195498420222, 40.427552888658006 ], [ -79.901466915633918, 40.427265999034063 ], [ -79.901707034259459, 40.427208189493058 ], [ -79.90186592390161, 40.427193041704285 ], [ -79.902071905720561, 40.427124771326092 ], [ -79.902206071844702, 40.427041328359294 ], [ -79.902301172544696, 40.426965117164144 ], [ -79.902441633723484, 40.426827451155049 ], [ -79.902619250557251, 40.426682140783683 ], [ -79.902906504850634, 40.426513065705642 ], [ -79.903090538964065, 40.42641502009095 ], [ -79.903313788236701, 40.426320977305281 ], [ -79.903580782611712, 40.426239983773968 ], [ -79.903863734270786, 40.426145563030239 ], [ -79.904144757869688, 40.426098259056602 ], [ -79.90447664431008, 40.426091097652908 ], [ -79.904743990617632, 40.426115398812208 ], [ -79.904930820098713, 40.426172248331504 ], [ -79.905003081132548, 40.426222387252828 ], [ -79.905119555353707, 40.426345003330376 ], [ -79.905179489657968, 40.42634733923164 ], [ -79.905315938214045, 40.426320865272665 ], [ -79.905483017143837, 40.426298095172555 ], [ -79.905673427150447, 40.426226998096475 ], [ -79.905909032170399, 40.426083962529617 ], [ -79.906108837777808, 40.426061463658534 ], [ -79.906209851710415, 40.42629966173515 ], [ -79.906195525018134, 40.426427608651217 ], [ -79.905766132968182, 40.427509152349337 ], [ -79.905882059835363, 40.427721591651157 ], [ -79.906009101540675, 40.427761782981079 ], [ -79.906298123490103, 40.427796974751203 ], [ -79.906516865599784, 40.427797439669348 ], [ -79.906691025046968, 40.427751972837108 ], [ -79.90691873479625, 40.427625446774357 ], [ -79.907105960710723, 40.427230156395204 ], [ -79.907464351869564, 40.426485182217696 ], [ -79.907644555431673, 40.426362030765453 ], [ -79.907793206610549, 40.426319610497963 ], [ -79.908026144001795, 40.426391950819898 ], [ -79.910520082887132, 40.427225265145815 ], [ -79.912464066171893, 40.428083826810251 ], [ -79.913733497428026, 40.428509259982896 ], [ -79.914256539658766, 40.428572742288459 ], [ -79.91441609286089, 40.428562117771392 ], [ -79.914726791807652, 40.428348815387196 ], [ -79.914853162813486, 40.428017891333489 ], [ -79.915556485620641, 40.427877116692891 ], [ -79.915991878189701, 40.427896670174803 ], [ -79.915263788932492, 40.430078835434436 ], [ -79.915197038828467, 40.430476171000215 ], [ -79.915179786747316, 40.431646130107822 ], [ -79.918096722028366, 40.431662481181988 ], [ -79.918545552010883, 40.433524740055965 ], [ -79.916889093047772, 40.433698841738 ], [ -79.916613192440778, 40.433720247103807 ], [ -79.915004825482654, 40.433578067702115 ], [ -79.914119976976991, 40.433459180507576 ], [ -79.912616810797857, 40.433826822412186 ], [ -79.912395403343609, 40.433922219468592 ], [ -79.912242727801484, 40.434015086754606 ], [ -79.912190883710508, 40.434119666440779 ], [ -79.912123752417969, 40.434255084767607 ], [ -79.912153047280725, 40.434398348762855 ], [ -79.912508040597402, 40.435173493181182 ], [ -79.912644877103546, 40.435280421676403 ], [ -79.913168773763687, 40.436139581649556 ], [ -79.913643267734727, 40.43620020197384 ], [ -79.913670887264857, 40.437579632521469 ], [ -79.913115624133823, 40.437704150569182 ], [ -79.913082873339647, 40.438027655552439 ], [ -79.910232813487312, 40.438018800601895 ], [ -79.906253726595182, 40.43805828938315 ], [ -79.905345011623865, 40.438087720950904 ], [ -79.905036612358188, 40.438160031652203 ], [ -79.904042393503858, 40.438528245968349 ], [ -79.90249965143957, 40.439162835657463 ], [ -79.901970092253038, 40.439352849794062 ], [ -79.901399818602684, 40.439459065190768 ], [ -79.900356308529084, 40.439638521208565 ], [ -79.900309553018985, 40.439514207559675 ], [ -79.897642310289143, 40.439661357739837 ], [ -79.896427926671734, 40.436869663326512 ] ] ] } },
{ "type": "Feature", "properties": { "Ward": 19, "District": 5, "Muni_War_1": "Pittsburgh Ward 19 Dist 5", "Gainey_2021_Total": 23, "Gainey_2025_Total": 24, "OConnor_2025_Total": 53, "Peduto_2021_Total": 34 }, "geometry": { "type": "Polygon", "coordinates": [ [ [ -80.011472082640722, 40.436064005307685 ], [ -80.011796207184346, 40.435175912255396 ], [ -80.012792836087371, 40.432064430101697 ], [ -80.012943839866836, 40.43157653372954 ], [ -80.013700848815034, 40.431714875160687 ], [ -80.013705365785782, 40.430885609441184 ], [ -80.013835881540501, 40.430853105052734 ], [ -80.013892163344892, 40.43080360584181 ], [ -80.013920416421954, 40.430721962682647 ], [ -80.013937534983214, 40.43041554522727 ], [ -80.014022535338313, 40.430338453055541 ], [ -80.015737350742469, 40.43053609382973 ], [ -80.015694333803992, 40.430619486428107 ], [ -80.015579850973566, 40.431102629420685 ], [ -80.015213632276229, 40.432939132969615 ], [ -80.014910817786841, 40.434387726445273 ], [ -80.01461037186165, 40.43586164190706 ], [ -80.013215010743778, 40.437454829626915 ], [ -80.011975033926291, 40.436751321360887 ], [ -80.011368579570885, 40.436340325692612 ], [ -80.011472082640722, 40.436064005307685 ] ] ] } },
{ "type": "Feature", "properties": { "Ward": 4, "District": 15, "Muni_War_1": "Pittsburgh Ward 4 Dist 15", "Gainey_2021_Total": 50, "Gainey_2025_Total": 43, "OConnor_2025_Total": 44, "Peduto_2021_Total": 19 }, "geometry": { "type": "Polygon", "coordinates": [ [ [ -79.9500009464318, 40.437698197883606 ], [ -79.949949684347359, 40.437007821009402 ], [ -79.950113866429987, 40.436296973414905 ], [ -79.950046224883522, 40.43553064351223 ], [ -79.949907233545474, 40.434424869957141 ], [ -79.951685584669391, 40.434233025871372 ], [ -79.953190766481683, 40.434383330471711 ], [ -79.954220314328353, 40.434521325711529 ], [ -79.954438394581814, 40.434560050355643 ], [ -79.954589893429855, 40.434586952606587 ], [ -79.954943345504802, 40.434705441888504 ], [ -79.955577692121494, 40.434862852834165 ], [ -79.955490140969658, 40.435138938678499 ], [ -79.955609843238562, 40.435209975624758 ], [ -79.955876479698915, 40.435320254714149 ], [ -79.955822477741563, 40.4355121969527 ], [ -79.955772601098786, 40.435689473528669 ], [ -79.955751606629207, 40.435923208456749 ], [ -79.954326564136608, 40.43582100415756 ], [ -79.95419486772164, 40.436409670347594 ], [ -79.954374422508408, 40.436625828315627 ], [ -79.95496850365511, 40.437100423202168 ], [ -79.953935715047947, 40.438131681710502 ], [ -79.952472404469063, 40.436952813687491 ], [ -79.952143823883958, 40.437758205579783 ], [ -79.951661959687485, 40.43759714423679 ], [ -79.951499468879476, 40.438000104720075 ], [ -79.951063097152527, 40.437801534974298 ], [ -79.95061753702106, 40.437758187852893 ], [ -79.9500009464318, 40.437698197883606 ] ] ] } },
{ "type": "Feature", "properties": { "Ward": 14, "District": 35, "Muni_War_1": "Pittsburgh Ward 14 Dist 35", "Gainey_2021_Total": 72, "Gainey_2025_Total": 83, "OConnor_2025_Total": 174, "Peduto_2021_Total": 108 }, "geometry": { "type": "Polygon", "coordinates": [ [ [ -79.922983812132813, 40.438056070628555 ], [ -79.922832976465671, 40.434753614076598 ], [ -79.927608502973968, 40.434119378607498 ], [ -79.92761466736215, 40.434286257105768 ], [ -79.927653776854683, 40.435759414585512 ], [ -79.92771430622733, 40.438039267369881 ], [ -79.922983812132813, 40.438056070628555 ] ] ] } },
{ "type": "Feature", "properties": { "Ward": 14, "District": 34, "Muni_War_1": "Pittsburgh Ward 14 Dist 34", "Gainey_2021_Total": 112, "Gainey_2025_Total": 71, "OConnor_2025_Total": 177, "Peduto_2021_Total": 93 }, "geometry": { "type": "Polygon", "coordinates": [ [ [ -79.919343449309537, 40.438045721353554 ], [ -79.919041949953808, 40.435678276511595 ], [ -79.918545552010883, 40.433524740055965 ], [ -79.923079409154028, 40.432809909070414 ], [ -79.922832976465671, 40.434753614076598 ], [ -79.922983812132813, 40.438056070628555 ], [ -79.919343449309537, 40.438045721353554 ] ] ] } },
{ "type": "Feature", "properties": { "Ward": 14, "District": 23, "Muni_War_1": "Pittsburgh Ward 14 Dist 23", "Gainey_2021_Total": 113, "Gainey_2025_Total": 97, "OConnor_2025_Total": 233, "Peduto_2021_Total": 144 }, "geometry": { "type": "Polygon", "coordinates": [ [ [ -79.913082873339647, 40.438027655552439 ], [ -79.913115624133823, 40.437704150569182 ], [ -79.913670887264857, 40.437579632521469 ], [ -79.913643267734727, 40.43620020197384 ], [ -79.913168773763687, 40.436139581649556 ], [ -79.912644877103546, 40.435280421676403 ], [ -79.912508040597402, 40.435173493181182 ], [ -79.912153047280725, 40.434398348762855 ], [ -79.912123752417969, 40.434255084767607 ], [ -79.912190883710508, 40.434119666440779 ], [ -79.912242727801484, 40.434015086754606 ], [ -79.912395403343609, 40.433922219468592 ], [ -79.912616810797857, 40.433826822412186 ], [ -79.914119976976991, 40.433459180507576 ], [ -79.915004825482654, 40.433578067702115 ], [ -79.916613192440778, 40.433720247103807 ], [ -79.916889093047772, 40.433698841738 ], [ -79.918545552010883, 40.433524740055965 ], [ -79.919041949953808, 40.435678276511595 ], [ -79.919343449309537, 40.438045721353554 ], [ -79.913082873339647, 40.438027655552439 ] ] ] } },
{ "type": "Feature", "properties": { "Ward": 4, "District": 19, "Muni_War_1": "Pittsburgh Ward 4 Dist 19", "Gainey_2021_Total": 18, "Gainey_2025_Total": 24, "OConnor_2025_Total": 8, "Peduto_2021_Total": 9 }, "geometry": { "type": "Polygon", "coordinates": [ [ [ -79.961531208041492, 40.435835818271265 ], [ -79.961320476253377, 40.435668580440499 ], [ -79.962071127456454, 40.434628804243061 ], [ -79.961390817209221, 40.434333689537866 ], [ -79.96174720351749, 40.433845999591739 ], [ -79.962113684469145, 40.433967696897831 ], [ -79.962696634491124, 40.433334940094532 ], [ -79.963058044057348, 40.433299796084491 ], [ -79.966271452332563, 40.434676534959017 ], [ -79.966440907698484, 40.434904689850704 ], [ -79.967092610507692, 40.434820450699 ], [ -79.965798723353529, 40.435828982425576 ], [ -79.965498191215715, 40.435830871288168 ], [ -79.965332208313797, 40.435831914053622 ], [ -79.965097812184666, 40.435868866054797 ], [ -79.964877165967607, 40.435903650476263 ], [ -79.964691561725786, 40.435979599325549 ], [ -79.964518530378427, 40.436099527090043 ], [ -79.963123954825576, 40.437099790719614 ], [ -79.961531208041492, 40.435835818271265 ] ] ] } },
{ "type": "Feature", "properties": { "Ward": 19, "District": 6, "Muni_War_1": "Pittsburgh Ward 19 Dist 6", "Gainey_2021_Total": 42, "Gainey_2025_Total": 36, "OConnor_2025_Total": 74, "Peduto_2021_Total": 54 }, "geometry": { "type": "Polygon", "coordinates": [ [ [ -80.006298381936475, 40.432067444276655 ], [ -80.007415414893174, 40.430771152438361 ], [ -80.007336711038093, 40.429465900067996 ], [ -80.009638989584985, 40.430688270003998 ], [ -80.010698875764092, 40.431161143055633 ], [ -80.012943839866836, 40.43157653372954 ], [ -80.012792836087371, 40.432064430101697 ], [ -80.011796207184346, 40.435175912255396 ], [ -80.011472082640722, 40.436064005307685 ], [ -80.010900242973193, 40.435635538280188 ], [ -80.009217943866631, 40.434387083244516 ], [ -80.007575712990331, 40.433293217833544 ], [ -80.007429147815074, 40.433124500113323 ], [ -80.006722133118643, 40.432260578109904 ], [ -80.006298381936475, 40.432067444276655 ] ] ] } },
{ "type": "Feature", "properties": { "Ward": 19, "District": 28, "Muni_War_1": "Pittsburgh Ward 19 Dist 28", "Gainey_2021_Total": 54, "Gainey_2025_Total": 45, "OConnor_2025_Total": 197, "Peduto_2021_Total": 143 }, "geometry": { "type": "Polygon", "coordinates": [ [ [ -80.014910817786841, 40.434387726445273 ], [ -80.015213632276229, 40.432939132969615 ], [ -80.015579850973566, 40.431102629420685 ], [ -80.015694333803992, 40.430619486428107 ], [ -80.015737350742469, 40.43053609382973 ], [ -80.014022535338313, 40.430338453055541 ], [ -80.013937534983214, 40.43041554522727 ], [ -80.013920416421954, 40.430721962682647 ], [ -80.013892163344892, 40.43080360584181 ], [ -80.013835881540501, 40.430853105052734 ], [ -80.013705365785782, 40.430885609441184 ], [ -80.01370379855102, 40.430557763032617 ], [ -80.013654425595391, 40.430401607887028 ], [ -80.013720673441767, 40.430187097464191 ], [ -80.014327362962263, 40.429731555677364 ], [ -80.015195986186242, 40.42900784925331 ], [ -80.01582014927375, 40.428387820538447 ], [ -80.016419620863957, 40.427739909028759 ], [ -80.0170294090954, 40.427081369324206 ], [ -80.017678223942895, 40.426580981914718 ], [ -80.018365108608208, 40.426235913733386 ], [ -80.019364062041518, 40.425932881404371 ], [ -80.019889512386129, 40.425824908169204 ], [ -80.020641150056946, 40.42621283755215 ], [ -80.020647738123543, 40.426226730387064 ], [ -80.020303303025088, 40.427277088135178 ], [ -80.019250562628201, 40.430691110558051 ], [ -80.020164426894397, 40.430816493063134 ], [ -80.020154995097698, 40.430832177235509 ], [ -80.019861455218475, 40.431920090199249 ], [ -80.019498975232082, 40.433593042115135 ], [ -80.019173424746427, 40.434981644566115 ], [ -80.014910817786841, 40.434387726445273 ] ] ] } },
{ "type": "Feature", "properties": { "Ward": 14, "District": 19, "Muni_War_1": "Pittsburgh Ward 14 Dist 19", "Gainey_2021_Total": 147, "Gainey_2025_Total": 124, "OConnor_2025_Total": 187, "Peduto_2021_Total": 154 }, "geometry": { "type": "Polygon", "coordinates": [ [ [ -79.897110641562477, 40.427609366049253 ], [ -79.896629497489073, 40.427511433421678 ], [ -79.895096314556895, 40.42816611417873 ], [ -79.894251766222141, 40.42701594214153 ], [ -79.893827794778034, 40.426931322666562 ], [ -79.893762681276513, 40.42692221065731 ], [ -79.893730350979212, 40.42697989952277 ], [ -79.892878012300571, 40.428264528094573 ], [ -79.892312657492809, 40.428057496385101 ], [ -79.892292755223124, 40.428033694581544 ], [ -79.89232859074194, 40.427972813399386 ], [ -79.892270365253566, 40.427926117987504 ], [ -79.891457627877642, 40.427550181346703 ], [ -79.891143959215256, 40.427389004196215 ], [ -79.891056810926187, 40.427317694135198 ], [ -79.89101214790891, 40.427240680766282 ], [ -79.891009590911821, 40.427223252476075 ], [ -79.89100569232501, 40.427196681952644 ], [ -79.892084525647107, 40.426290903607871 ], [ -79.893396522840206, 40.42564124073553 ], [ -79.89419454231529, 40.425554352082614 ], [ -79.894694195599754, 40.425664337729593 ], [ -79.895174092584043, 40.425991298794351 ], [ -79.895246205502261, 40.426040430264891 ], [ -79.896121268850607, 40.4262564086726 ], [ -79.89629345526798, 40.426307521805889 ], [ -79.896481475829816, 40.426371870467293 ], [ -79.896712330824883, 40.42646052169809 ], [ -79.896749288397203, 40.426261287261724 ], [ -79.897416453185855, 40.425964791257677 ], [ -79.897455943679546, 40.425997708733661 ], [ -79.897836420822543, 40.426113753479179 ], [ -79.898049501254988, 40.426201910010107 ], [ -79.898359581105595, 40.42640172987101 ], [ -79.898805914886225, 40.426943788823436 ], [ -79.899410767152958, 40.42700876298295 ], [ -79.899606956594255, 40.42704156432648 ], [ -79.899777879274026, 40.427098037939146 ], [ -79.900025983912087, 40.427155282151247 ], [ -79.900428501541597, 40.427210169930795 ], [ -79.900870565478954, 40.427219157468656 ], [ -79.901351634652229, 40.427229152981162 ], [ -79.901508374287857, 40.427222176855395 ], [ -79.901466915633918, 40.427265999034063 ], [ -79.901195498420222, 40.427552888658006 ], [ -79.901238335596759, 40.427727106827597 ], [ -79.901074746288714, 40.427941798117523 ], [ -79.901124456607533, 40.428331605701175 ], [ -79.901087000490051, 40.428409635299204 ], [ -79.901000703679628, 40.4284810439013 ], [ -79.900920945321843, 40.428547040882833 ], [ -79.900882776290246, 40.42860027678902 ], [ -79.900821914320701, 40.428685164216361 ], [ -79.90075916952371, 40.428818681560401 ], [ -79.900704277919345, 40.428924127030328 ], [ -79.900584781685041, 40.429097849159959 ], [ -79.900526089596013, 40.429204830963656 ], [ -79.900490009923345, 40.42939757949641 ], [ -79.900404755595048, 40.429661213647634 ], [ -79.900333130870493, 40.429822541452474 ], [ -79.900277373520893, 40.429889104714547 ], [ -79.900170917787165, 40.429988222471522 ], [ -79.900120030624393, 40.430137890889085 ], [ -79.900102604292925, 40.430253486926652 ], [ -79.900155847526975, 40.430391158605552 ], [ -79.900164097453427, 40.430431004895425 ], [ -79.90015686247574, 40.430532468731634 ], [ -79.900134150383209, 40.430586223866264 ], [ -79.900054534486358, 40.430606372046391 ], [ -79.900030717044544, 40.430625480082242 ], [ -79.899963180031534, 40.430981742538286 ], [ -79.899958226550055, 40.431088149230419 ], [ -79.899976768884429, 40.431122470045914 ], [ -79.900005602558366, 40.43115126719443 ], [ -79.900007556922759, 40.43121256110414 ], [ -79.900011640048277, 40.431231152664317 ], [ -79.900123659725807, 40.431351730535212 ], [ -79.900111837012346, 40.431448850212476 ], [ -79.900096006366738, 40.431578904990111 ], [ -79.900046068013211, 40.431763828667478 ], [ -79.899980905656108, 40.431909037589477 ], [ -79.899860966890941, 40.431999687358328 ], [ -79.899708614407217, 40.432124764484143 ], [ -79.899678586774229, 40.432167988569354 ], [ -79.899644639719156, 40.432307283453873 ], [ -79.899647269302406, 40.432499229407298 ], [ -79.899593332052405, 40.432668227123493 ], [ -79.899533868091339, 40.432773329934214 ], [ -79.899545605493927, 40.432813112273699 ], [ -79.899523570144822, 40.432888185114109 ], [ -79.899511150716108, 40.432936415540837 ], [ -79.899425850726729, 40.433077128669495 ], [ -79.899336706380353, 40.433200722209584 ], [ -79.899229337141321, 40.433310894996637 ], [ -79.89917935345224, 40.433345879739399 ], [ -79.899158874888514, 40.433448895098103 ], [ -79.899175198597234, 40.433508378553533 ], [ -79.89919690091395, 40.433671016211235 ], [ -79.899159998666775, 40.43381496742127 ], [ -79.899077735099567, 40.433994694758603 ], [ -79.898951554026723, 40.434196358448361 ], [ -79.898910576340839, 40.434330272343566 ], [ -79.898914352304033, 40.434422135298476 ], [ -79.898952650773012, 40.434503654009653 ], [ -79.898933071244386, 40.434595904471898 ], [ -79.898825774671081, 40.434789845974358 ], [ -79.89884634627856, 40.434953160504435 ], [ -79.89884401971527, 40.435033431225442 ], [ -79.898827371497148, 40.435247559682068 ], [ -79.898794543190562, 40.43547523878857 ], [ -79.898706890274525, 40.435708429922563 ], [ -79.898652951435409, 40.435797571660387 ], [ -79.898600278067548, 40.435884621475694 ], [ -79.898517358188201, 40.435992776749281 ], [ -79.89851595406941, 40.436104173744205 ], [ -79.898545404365436, 40.436184160783377 ], [ -79.89861280896146, 40.43636722958086 ], [ -79.896427926671734, 40.436869663326512 ], [ -79.896323313066461, 40.436893718856275 ], [ -79.895140915991817, 40.437204055330348 ], [ -79.895211547189007, 40.436875959362922 ], [ -79.895567795000659, 40.434961898217857 ], [ -79.895570235358733, 40.43494973641419 ], [ -79.896642916690411, 40.430135490613978 ], [ -79.897011505102043, 40.428239023691987 ], [ -79.897110641562477, 40.427609366049253 ] ] ] } },
{ "type": "Feature", "properties": { "Ward": 17, "District": 1, "Muni_War_1": "Pittsburgh Ward 17 Dist 1", "Gainey_2021_Total": 8, "Gainey_2025_Total": 10, "OConnor_2025_Total": 20, "Peduto_2021_Total": 13 }, "geometry": { "type": "Polygon", "coordinates": [ [ [ -79.989247764739858, 40.432599955144404 ], [ -79.989247284186803, 40.43259890322274 ], [ -79.989048830027812, 40.43193738822189 ], [ -79.988679461526246, 40.430639887824753 ], [ -79.988573408684715, 40.428702490467856 ], [ -79.991021264194003, 40.428647742288867 ], [ -79.990983424006089, 40.427695602464844 ], [ -79.990990491372401, 40.427396643613996 ], [ -79.99097453528509, 40.427315494667873 ], [ -79.990934815685037, 40.426626386728707 ], [ -79.99193625284947, 40.42691947618075 ], [ -79.992783761549489, 40.427239205106289 ], [ -79.992985235683506, 40.427318549631153 ], [ -79.993085334713157, 40.427397781891464 ], [ -79.993188682865309, 40.427439710399383 ], [ -79.993374172774054, 40.427439454726319 ], [ -79.994015612100029, 40.427644029998838 ], [ -79.994196324005017, 40.427702623942736 ], [ -79.994342614424298, 40.427722649320934 ], [ -79.994406584078092, 40.427731405534061 ], [ -79.994624704440142, 40.427794012548155 ], [ -79.994598121855759, 40.427953533496982 ], [ -79.994909523408097, 40.428052255692457 ], [ -79.995087396280127, 40.42812275722526 ], [ -79.995228582661113, 40.428178717715141 ], [ -79.995467741525829, 40.428252498757558 ], [ -79.995774884934306, 40.428327690241638 ], [ -79.996176224158432, 40.428439030819639 ], [ -79.996525595921156, 40.428593019217232 ], [ -79.996927753525981, 40.428786124198382 ], [ -79.997465699335919, 40.429038791461721 ], [ -79.997901628360935, 40.42920802140717 ], [ -79.998023842397416, 40.429316190692219 ], [ -79.998217235005441, 40.429380288390064 ], [ -79.998493750084137, 40.429471935993341 ], [ -79.998746325763406, 40.429517588633175 ], [ -79.999118775910361, 40.429542931088612 ], [ -80.000243269620299, 40.430129508467004 ], [ -80.001115117271283, 40.430560964330184 ], [ -80.001266538116482, 40.43069711020626 ], [ -80.001284930316061, 40.430777241125945 ], [ -80.001322468195482, 40.430879137259609 ], [ -80.001443720180518, 40.43092776451207 ], [ -80.002155502306209, 40.431250759304 ], [ -80.003076819621228, 40.431710789973025 ], [ -80.003817428321952, 40.432155943476594 ], [ -80.003898255971166, 40.432204526128523 ], [ -80.003715786392192, 40.432456932490069 ], [ -80.002020008627028, 40.435089872277779 ], [ -80.000484041699906, 40.434414920550068 ], [ -79.997658147537365, 40.432879742307669 ], [ -79.995396519938083, 40.432684379011718 ], [ -79.993109288804121, 40.432606538940639 ], [ -79.989247764739858, 40.432599955144404 ] ] ] } },
{ "type": "Feature", "properties": { "Ward": 4, "District": 2, "Muni_War_1": "Pittsburgh Ward 4 Dist 2", "Gainey_2021_Total": 56, "Gainey_2025_Total": 58, "OConnor_2025_Total": 41, "Peduto_2021_Total": 23 }, "geometry": { "type": "Polygon", "coordinates": [ [ [ -79.955478152589336, 40.430704952680152 ], [ -79.954777565351634, 40.430185798531603 ], [ -79.959044250800076, 40.427231034421737 ], [ -79.959068354230837, 40.42721799199132 ], [ -79.960584646258383, 40.428426762809991 ], [ -79.962206696423763, 40.429442381395866 ], [ -79.963460548580628, 40.43022742181585 ], [ -79.964527548110325, 40.430791289011879 ], [ -79.963668684108697, 40.431862913346194 ], [ -79.962696634491124, 40.433334940094532 ], [ -79.962113684469145, 40.433967696897831 ], [ -79.96174720351749, 40.433845999591739 ], [ -79.961390817209221, 40.434333689537866 ], [ -79.962071127456454, 40.434628804243061 ], [ -79.961320476253377, 40.435668580440499 ], [ -79.961531208041492, 40.435835818271265 ], [ -79.96152721775421, 40.435836411741292 ], [ -79.956175619282618, 40.435949780064021 ], [ -79.956174355715291, 40.435773812141449 ], [ -79.95640780058072, 40.435124079082136 ], [ -79.955938200621716, 40.434967007634967 ], [ -79.956720422285869, 40.431607960467829 ], [ -79.955478152589336, 40.430704952680152 ] ] ] } },
{ "type": "Feature", "properties": { "Ward": 14, "District": 39, "Muni_War_1": "Pittsburgh Ward 14 Dist 39", "Gainey_2021_Total": 101, "Gainey_2025_Total": 73, "OConnor_2025_Total": 141, "Peduto_2021_Total": 86 }, "geometry": { "type": "Polygon", "coordinates": [ [ [ -79.927608502973968, 40.434119378607498 ], [ -79.927552635628004, 40.432606873376443 ], [ -79.927560545960816, 40.43260756030034 ], [ -79.93051955337998, 40.432270136649073 ], [ -79.930499354323572, 40.431561749055817 ], [ -79.930481751685534, 40.431461858370831 ], [ -79.932615346631394, 40.431480096526627 ], [ -79.932662503489851, 40.432019276445153 ], [ -79.933556057514465, 40.431954854976141 ], [ -79.934520000422154, 40.432025188494599 ], [ -79.935139348477492, 40.432148366439741 ], [ -79.935718457158444, 40.432338159121933 ], [ -79.936188397008081, 40.432585533945648 ], [ -79.936517614847659, 40.432848138795613 ], [ -79.936005811774464, 40.432902001987991 ], [ -79.935575326813733, 40.432970016042987 ], [ -79.935189471052624, 40.433063267198833 ], [ -79.934811918123401, 40.433202955460843 ], [ -79.934591548263526, 40.433319358090685 ], [ -79.934377931308418, 40.433462982861371 ], [ -79.934064698989573, 40.433760079486674 ], [ -79.933898613883301, 40.433993713760934 ], [ -79.933807382886656, 40.434141028456331 ], [ -79.933686929844143, 40.434258179465125 ], [ -79.933597920753982, 40.434344747267588 ], [ -79.933302194231118, 40.434478444562103 ], [ -79.930305559805248, 40.435433345217511 ], [ -79.927671949866109, 40.435752957947919 ], [ -79.927653776854683, 40.435759414585512 ], [ -79.92761466736215, 40.434286257105768 ], [ -79.927608502973968, 40.434119378607498 ] ] ] } },
{ "type": "Feature", "properties": { "Ward": 17, "District": 4, "Muni_War_1": "Pittsburgh Ward 17 Dist 4", "Gainey_2021_Total": 57, "Gainey_2025_Total": 64, "OConnor_2025_Total": 122, "Peduto_2021_Total": 88 }, "geometry": { "type": "Polygon", "coordinates": [ [ [ -79.975598616510467, 40.433564895359346 ], [ -79.975780435462511, 40.432230281099535 ], [ -79.97600842422699, 40.430406572490469 ], [ -79.976031468470481, 40.430299814418753 ], [ -79.97609369215202, 40.430252623199166 ], [ -79.976344453398454, 40.427588583282819 ], [ -79.982139338498271, 40.427929242366879 ], [ -79.982064204573149, 40.428834686330227 ], [ -79.981675483291127, 40.43351876589827 ], [ -79.978418647094557, 40.433919291715739 ], [ -79.975598616510467, 40.433564895359346 ] ] ] } },
{ "type": "Feature", "properties": { "Ward": 4, "District": 17, "Muni_War_1": "Pittsburgh Ward 4 Dist 17", "Gainey_2021_Total": 73, "Gainey_2025_Total": 72, "OConnor_2025_Total": 69, "Peduto_2021_Total": 41 }, "geometry": { "type": "Polygon", "coordinates": [ [ [ -79.949907233545474, 40.434424869957141 ], [ -79.950275313381837, 40.430877670360339 ], [ -79.949735744142785, 40.429496237207964 ], [ -79.949438438520303, 40.428973323244847 ], [ -79.949334540210941, 40.428707064668792 ], [ -79.949087201852294, 40.427742401780407 ], [ -79.953526300268194, 40.425729830722688 ], [ -79.953551322022108, 40.425642234828608 ], [ -79.953586345924776, 40.425687040046867 ], [ -79.956167052640126, 40.424489854935246 ], [ -79.957920806214005, 40.426221846728836 ], [ -79.958725077573007, 40.426944326337242 ], [ -79.959068354230837, 40.42721799199132 ], [ -79.959044250800076, 40.427231034421737 ], [ -79.954777565351634, 40.430185798531603 ], [ -79.955478152589336, 40.430704952680152 ], [ -79.955196191322599, 40.431876465432318 ], [ -79.953773382411882, 40.431785024594411 ], [ -79.953190766481683, 40.434383330471711 ], [ -79.951685584669391, 40.434233025871372 ], [ -79.949907233545474, 40.434424869957141 ] ] ] } },
{ "type": "Feature", "properties": { "Ward": 14, "District": 36, "Muni_War_1": "Pittsburgh Ward 14 Dist 36", "Gainey_2021_Total": 115, "Gainey_2025_Total": 94, "OConnor_2025_Total": 142, "Peduto_2021_Total": 100 }, "geometry": { "type": "Polygon", "coordinates": [ [ [ -79.923079409154028, 40.432809909070414 ], [ -79.923141971850924, 40.432353695553353 ], [ -79.923392991080433, 40.432337734144475 ], [ -79.923567494919638, 40.432275073125496 ], [ -79.923761108326786, 40.432150271227954 ], [ -79.923879169186222, 40.432036585545653 ], [ -79.92408197124378, 40.431727437995939 ], [ -79.924195848182961, 40.431577134971036 ], [ -79.924668494755707, 40.431385986796734 ], [ -79.927494114472736, 40.431022435246405 ], [ -79.927552635628004, 40.432606873376443 ], [ -79.927608502973968, 40.434119378607498 ], [ -79.922832976465671, 40.434753614076598 ], [ -79.923079409154028, 40.432809909070414 ] ] ] } },
{ "type": "Feature", "properties": { "Ward": 17, "District": 2, "Muni_War_1": "Pittsburgh Ward 17 Dist 2", "Gainey_2021_Total": 39, "Gainey_2025_Total": 63, "OConnor_2025_Total": 106, "Peduto_2021_Total": 61 }, "geometry": { "type": "Polygon", "coordinates": [ [ [ -79.982064204573149, 40.428834686330227 ], [ -79.98642219638991, 40.428749900088754 ], [ -79.986274072015888, 40.425759410274559 ], [ -79.986661407304723, 40.425825145625055 ], [ -79.987067756333587, 40.425908969636026 ], [ -79.987360339329413, 40.42598199214541 ], [ -79.987497645377616, 40.426016260988185 ], [ -79.987568266518139, 40.42568555983739 ], [ -79.987674297141368, 40.425183092246556 ], [ -79.987738470642356, 40.424789647939974 ], [ -79.987940928612232, 40.424854458904854 ], [ -79.987986229178574, 40.424887057155608 ], [ -79.988080352414102, 40.424928041811491 ], [ -79.988233435460074, 40.42493684255885 ], [ -79.988554632934438, 40.424932350916848 ], [ -79.988825014868397, 40.424930965594321 ], [ -79.989007300221218, 40.424933962604896 ], [ -79.989092066743567, 40.424926527135185 ], [ -79.989270823955636, 40.424900539643154 ], [ -79.98947685503461, 40.42487653935035 ], [ -79.98962067794011, 40.424871786553332 ], [ -79.989847748781244, 40.424895781094726 ], [ -79.990014609380097, 40.424920223712355 ], [ -79.990104745562377, 40.424933427043555 ], [ -79.990190676453096, 40.424910824399383 ], [ -79.990237570992221, 40.424943465654401 ], [ -79.990352575443666, 40.42505253026961 ], [ -79.990392866980713, 40.4251185599908 ], [ -79.990515016051248, 40.425318734219793 ], [ -79.990548328602443, 40.425353750412427 ], [ -79.990578462967676, 40.425385425609278 ], [ -79.990647468269827, 40.425450523614685 ], [ -79.990700521328236, 40.425496150350298 ], [ -79.990785168552577, 40.425568949224875 ], [ -79.99090114706776, 40.425634554901613 ], [ -79.991129274678471, 40.425763597910723 ], [ -79.991401621888627, 40.425917653177692 ], [ -79.991821467348458, 40.426149256592581 ], [ -79.992041007253604, 40.426264394549797 ], [ -79.992147127406938, 40.426314820410468 ], [ -79.992209354092921, 40.426336129365268 ], [ -79.99233964323895, 40.426380746476717 ], [ -79.992403915267857, 40.426390844717865 ], [ -79.992553346570475, 40.426414322068368 ], [ -79.992637627788255, 40.426427564144525 ], [ -79.992819444623294, 40.426418922241453 ], [ -79.992971579143799, 40.426422396584165 ], [ -79.993193266444507, 40.426432156179203 ], [ -79.993342582552344, 40.426442406225028 ], [ -79.993404490098655, 40.426446655364678 ], [ -79.993469250437542, 40.426468312642029 ], [ -79.993606952062535, 40.42652406162842 ], [ -79.993715790448945, 40.426589960866131 ], [ -79.993790297302851, 40.426661484308291 ], [ -79.993869059198147, 40.426759217261498 ], [ -79.99394861809256, 40.426875449580116 ], [ -79.994026229497806, 40.426988836855479 ], [ -79.994067592469577, 40.427033345043036 ], [ -79.994130376336116, 40.427084942378031 ], [ -79.994200056425029, 40.42714220649502 ], [ -79.994256477628383, 40.427188575224129 ], [ -79.994391359176859, 40.427261865082151 ], [ -79.994531348125008, 40.427336546522362 ], [ -79.994714828666815, 40.427412038635346 ], [ -79.994822776789576, 40.427456452848531 ], [ -79.994674182087607, 40.42780821401071 ], [ -79.994624704440142, 40.427794012548155 ], [ -79.994406584078092, 40.427731405534061 ], [ -79.994342614424298, 40.427722649320934 ], [ -79.994196324005017, 40.427702623942736 ], [ -79.994015612100029, 40.427644029998838 ], [ -79.993374172774054, 40.427439454726319 ], [ -79.993188682865309, 40.427439710399383 ], [ -79.993085334713157, 40.427397781891464 ], [ -79.992985235683506, 40.427318549631153 ], [ -79.992783761549489, 40.427239205106289 ], [ -79.99193625284947, 40.42691947618075 ], [ -79.990934815685037, 40.426626386728707 ], [ -79.99097453528509, 40.427315494667873 ], [ -79.990990491372401, 40.427396643613996 ], [ -79.990983424006089, 40.427695602464844 ], [ -79.991021264194003, 40.428647742288867 ], [ -79.988573408684715, 40.428702490467856 ], [ -79.988679461526246, 40.430639887824753 ], [ -79.989048830027812, 40.43193738822189 ], [ -79.989247284186803, 40.43259890322274 ], [ -79.989247764739858, 40.432599955144404 ], [ -79.988971247016067, 40.432599478724335 ], [ -79.982933683961193, 40.433364006555962 ], [ -79.981675483291127, 40.43351876589827 ], [ -79.982064204573149, 40.428834686330227 ] ] ] } },
{ "type": "Feature", "properties": { "Ward": 16, "District": 2, "Muni_War_1": "Pittsburgh Ward 16 Dist 2", "Gainey_2021_Total": 75, "Gainey_2025_Total": 101, "OConnor_2025_Total": 145, "Peduto_2021_Total": 87 }, "geometry": { "type": "Polygon", "coordinates": [ [ [ -79.964527548110325, 40.430791289011879 ], [ -79.963460548580628, 40.43022742181585 ], [ -79.962206696423763, 40.429442381395866 ], [ -79.960584646258383, 40.428426762809991 ], [ -79.962467375996553, 40.427210224051599 ], [ -79.962844122183597, 40.426944122470779 ], [ -79.963100178924478, 40.426397852982653 ], [ -79.964244643430277, 40.425223091044749 ], [ -79.966084298214739, 40.426468350490616 ], [ -79.967644197040926, 40.427241986021244 ], [ -79.96840064851537, 40.42744362855364 ], [ -79.969672949768309, 40.424709533301176 ], [ -79.969731712022337, 40.424596812969178 ], [ -79.973378148592104, 40.424934769436717 ], [ -79.972982671798022, 40.42880340586246 ], [ -79.971044917805358, 40.42866330737219 ], [ -79.970361675290562, 40.430998278311982 ], [ -79.970966319226235, 40.431128136899353 ], [ -79.97207905062119, 40.431305523106651 ], [ -79.97304521887574, 40.431430583358029 ], [ -79.974019197555933, 40.431599019126168 ], [ -79.974822469602515, 40.43195328267133 ], [ -79.975780435462511, 40.432230281099535 ], [ -79.975598616510467, 40.433564895359346 ], [ -79.972217736462127, 40.433139920974881 ], [ -79.971703780283747, 40.433017919189609 ], [ -79.966537372494017, 40.431791373755196 ], [ -79.964527548110325, 40.430791289011879 ] ] ] } },
{ "type": "Feature", "properties": { "Ward": 28, "District": 1, "Muni_War_1": "Pittsburgh Ward 28 Dist 1", "Gainey_2021_Total": 37, "Gainey_2025_Total": 32, "OConnor_2025_Total": 120, "Peduto_2021_Total": 77 }, "geometry": { "type": "Polygon", "coordinates": [ [ [ -80.06852364878867, 40.431404199738964 ], [ -80.068150875561869, 40.431273353585006 ], [ -80.066525948961996, 40.430566394137742 ], [ -80.065953776265147, 40.430439383825302 ], [ -80.065955088734242, 40.430437847610605 ], [ -80.066055627658869, 40.430114084327741 ], [ -80.066196619615297, 40.429660046259507 ], [ -80.066349824493912, 40.429152511844244 ], [ -80.066371456677345, 40.428937425390508 ], [ -80.066361016214657, 40.428578065987033 ], [ -80.066350946956348, 40.428071865136609 ], [ -80.06633996488759, 40.427859421706771 ], [ -80.066311236734947, 40.427655275485527 ], [ -80.06609553014151, 40.427386041819219 ], [ -80.067273937202017, 40.426832890522739 ], [ -80.067988919539744, 40.426113310527739 ], [ -80.068038241199645, 40.426061070536271 ], [ -80.067527162094279, 40.425446859494059 ], [ -80.067435769827327, 40.425337024411043 ], [ -80.067393178637772, 40.425233514877064 ], [ -80.067398821516576, 40.424504063565273 ], [ -80.066789126511779, 40.424001236485253 ], [ -80.0667706685133, 40.4235357493774 ], [ -80.066769818197997, 40.423514314194684 ], [ -80.066766910409441, 40.423440988782318 ], [ -80.06697524756693, 40.423163272976545 ], [ -80.066983019878421, 40.423153296382395 ], [ -80.067058493285359, 40.423056435888647 ], [ -80.067139999268093, 40.422931898503528 ], [ -80.067154087012909, 40.422910372710056 ], [ -80.067222452191757, 40.422703612385725 ], [ -80.067222872972621, 40.422702340883241 ], [ -80.067222427591105, 40.422647665161342 ], [ -80.067221990413785, 40.422594120805307 ], [ -80.06722187482859, 40.422579873581576 ], [ -80.067221551933045, 40.422540263862459 ], [ -80.067221356740063, 40.422516284006122 ], [ -80.067194135483462, 40.422368628283238 ], [ -80.067169019283938, 40.422232392486741 ], [ -80.067168934047359, 40.422231935638031 ], [ -80.067149492002571, 40.422126473398166 ], [ -80.067116229289567, 40.421946054161147 ], [ -80.067103771209432, 40.421878476139192 ], [ -80.06710097390858, 40.421863301621464 ], [ -80.067075618895117, 40.421725764285064 ], [ -80.067043121208386, 40.421549487334772 ], [ -80.067042903831464, 40.421548306109536 ], [ -80.067042734508703, 40.421547391487998 ], [ -80.067031316829429, 40.421485460154827 ], [ -80.067010320772042, 40.421371563293206 ], [ -80.066979680469686, 40.421205358974838 ], [ -80.066947655366008, 40.421031639180015 ], [ -80.066942688178685, 40.421004693767088 ], [ -80.066935161677279, 40.420958791582159 ], [ -80.066879834802378, 40.420621373393367 ], [ -80.066848568253263, 40.420470658165122 ], [ -80.066846216170347, 40.420459658493556 ], [ -80.066752327430351, 40.420020685705076 ], [ -80.066729602673547, 40.419914433360567 ], [ -80.06672799910551, 40.419906934890591 ], [ -80.066725316329695, 40.419895743650159 ], [ -80.066572828915369, 40.419259533296788 ], [ -80.066456615711886, 40.418821920547224 ], [ -80.066443641744314, 40.418773066300297 ], [ -80.066353360255363, 40.418445870370398 ], [ -80.066295295758891, 40.418238951792652 ], [ -80.066245972630981, 40.418061110163201 ], [ -80.06623647301376, 40.418026861903286 ], [ -80.066232185929834, 40.418011405521945 ], [ -80.066221100215245, 40.417971435009811 ], [ -80.066220871264875, 40.417970602663587 ], [ -80.066217129822135, 40.41795699750314 ], [ -80.066208655784564, 40.417926185433863 ], [ -80.066198241149763, 40.417888320382687 ], [ -80.066196456556341, 40.417881829138231 ], [ -80.066162453101683, 40.417758198318104 ], [ -80.066152909413162, 40.417721804989128 ], [ -80.066151846149921, 40.41771775063237 ], [ -80.066141286709978, 40.417677484875924 ], [ -80.066134089338306, 40.417650039996374 ], [ -80.06612159999618, 40.417602413834103 ], [ -80.066104165148985, 40.417513345387135 ], [ -80.066096682694138, 40.417475120635679 ], [ -80.066088301088598, 40.417432299497122 ], [ -80.066088485570987, 40.417368713816671 ], [ -80.066098623661347, 40.417310058296266 ], [ -80.066123962063926, 40.417250470077803 ], [ -80.066139679758905, 40.417213509887361 ], [ -80.066159707639954, 40.417166410119108 ], [ -80.066168165762662, 40.417146519807069 ], [ -80.066185341888868, 40.417120698835632 ], [ -80.066185366690007, 40.417120665905891 ], [ -80.066235903868048, 40.417054471498496 ], [ -80.066361092813025, 40.416890490043706 ], [ -80.066366687650472, 40.416883129204066 ], [ -80.066380184642242, 40.416865369363919 ], [ -80.066382899291895, 40.416861149161768 ], [ -80.066400280710781, 40.416834136649811 ], [ -80.066401540688489, 40.416832178050164 ], [ -80.06640907841971, 40.416821635904938 ], [ -80.066556179457933, 40.416666991392525 ], [ -80.066706005578908, 40.416563865912941 ], [ -80.066921470653725, 40.416429211079041 ], [ -80.066922080918744, 40.416428859198959 ], [ -80.067281757415927, 40.416221752480595 ], [ -80.067282160795273, 40.416221520064148 ], [ -80.067378863048731, 40.416182756679611 ], [ -80.067485206131252, 40.416140129522084 ], [ -80.067518472869992, 40.416130165706981 ], [ -80.06759973100273, 40.416107578657311 ], [ -80.06766459222915, 40.416089549367953 ], [ -80.067734253966279, 40.416073401200585 ], [ -80.067964446877212, 40.416020047092303 ], [ -80.068046008672567, 40.416003357237635 ], [ -80.068046167872879, 40.416003325214049 ], [ -80.068046460079458, 40.416003287818732 ], [ -80.068159709325869, 40.415988825064616 ], [ -80.06816018342127, 40.415988764198985 ], [ -80.068412137967059, 40.415962248166721 ], [ -80.068607303623324, 40.415949454362575 ], [ -80.068742204859007, 40.415936908684806 ], [ -80.068804219466642, 40.41593370797419 ], [ -80.069037363521787, 40.415921678992454 ], [ -80.069160546863429, 40.415912547352356 ], [ -80.069842885932871, 40.415861974858743 ], [ -80.069905763729096, 40.415859988653267 ], [ -80.070334867303899, 40.415841038461394 ], [ -80.070422226584995, 40.41583717822558 ], [ -80.070546229468192, 40.41583169891436 ], [ -80.070618285663727, 40.415828515321351 ], [ -80.070781751984512, 40.415821293395922 ], [ -80.070963039938874, 40.415813285229312 ], [ -80.071250735733713, 40.415815536777217 ], [ -80.071312763632861, 40.415816017337939 ], [ -80.071381774950623, 40.415816559327794 ], [ -80.071421609705553, 40.415816873211426 ], [ -80.071454767658992, 40.415817130272508 ], [ -80.07149996582082, 40.415814886787572 ], [ -80.071526277620265, 40.415813556187956 ], [ -80.071532745134121, 40.415811435212696 ], [ -80.071562371637796, 40.415801718152096 ], [ -80.071604228009633, 40.415787990415204 ], [ -80.071642615451879, 40.415774945897596 ], [ -80.071659197599814, 40.415769068466304 ], [ -80.0716964997236, 40.415754489884833 ], [ -80.071719826933204, 40.415745377770861 ], [ -80.071774737084084, 40.415722023618187 ], [ -80.071789981593255, 40.415712314487457 ], [ -80.071840792892104, 40.415680003030417 ], [ -80.071841472248423, 40.415679570455502 ], [ -80.07184990319395, 40.415672475752565 ], [ -80.071850100241363, 40.415672310530276 ], [ -80.071869063323518, 40.415655951856294 ], [ -80.071885510874083, 40.415640408609072 ], [ -80.071895369629843, 40.415630312223776 ], [ -80.071903062501491, 40.415622286404592 ], [ -80.071908356574781, 40.415616755654405 ], [ -80.071911272432985, 40.41561233126874 ], [ -80.071917439539931, 40.415602953231961 ], [ -80.071937687672346, 40.415572182199462 ], [ -80.071948845832551, 40.415555215531626 ], [ -80.07195422234318, 40.415547045278792 ], [ -80.071961571426073, 40.415535879512582 ], [ -80.071979289895154, 40.415508939509017 ], [ -80.071983732110596, 40.415502185335441 ], [ -80.072001057764993, 40.415475853225509 ], [ -80.072025577043917, 40.415431406199893 ], [ -80.072033970231587, 40.415416193305404 ], [ -80.072056981757484, 40.415374481090772 ], [ -80.072081712427803, 40.41532956853937 ], [ -80.072084369887577, 40.415324691684461 ], [ -80.07208669103008, 40.41532024861818 ], [ -80.072088740232687, 40.415316329037665 ], [ -80.0720987065842, 40.415297270090612 ], [ -80.072105476705858, 40.415284317750306 ], [ -80.072106833643616, 40.415281722899309 ], [ -80.072118941896903, 40.415258561424196 ], [ -80.072136498807623, 40.415224977779253 ], [ -80.072153205354198, 40.415193022941217 ], [ -80.072171675536453, 40.415157447953057 ], [ -80.072179187859234, 40.415142978881889 ], [ -80.07219193324579, 40.415118296477765 ], [ -80.072198164480128, 40.415106228840187 ], [ -80.072211866175337, 40.415079743420634 ], [ -80.072252535629076, 40.415002700417944 ], [ -80.072278206097593, 40.414956711262747 ], [ -80.072280506472822, 40.41495259023165 ], [ -80.072294661401358, 40.414927220916162 ], [ -80.072301984357011, 40.414914100690581 ], [ -80.072305235000982, 40.414908274964937 ], [ -80.072324434989227, 40.414873978070922 ], [ -80.072324622644203, 40.414873642765919 ], [ -80.072343039484394, 40.414846044511179 ], [ -80.072359100470536, 40.414821982814551 ], [ -80.072365729383833, 40.414812054022633 ], [ -80.072390853517817, 40.414774408273644 ], [ -80.072402290831718, 40.414757271978083 ], [ -80.072403839886647, 40.41475495163936 ], [ -80.072414038632559, 40.414739670879158 ], [ -80.072432970512097, 40.414712587479379 ], [ -80.072439116995028, 40.414704018835806 ], [ -80.072455535370963, 40.414681131022078 ], [ -80.072469629838281, 40.414661474622271 ], [ -80.072474701013931, 40.41465440237485 ], [ -80.072494048931645, 40.414627422310815 ], [ -80.072524135223148, 40.414585705578183 ], [ -80.07252518593873, 40.414584248412574 ], [ -80.072543602971351, 40.414560359135301 ], [ -80.072547801330586, 40.41455491344643 ], [ -80.072561219108294, 40.414537514789437 ], [ -80.07256605273389, 40.414531246414853 ], [ -80.072585082348027, 40.414506561027423 ], [ -80.072628333526765, 40.414450478622491 ], [ -80.072629884948199, 40.414448604179775 ], [ -80.072661644093301, 40.414410224048531 ], [ -80.072678932410113, 40.414389432225242 ], [ -80.072679609210709, 40.414388617713392 ], [ -80.072699166307828, 40.414365117196866 ], [ -80.072732130406649, 40.414325483082123 ], [ -80.072744484634001, 40.414310643631694 ], [ -80.072760096769912, 40.414293718843098 ], [ -80.072769426598242, 40.414283605983314 ], [ -80.07280758432465, 40.414242242178624 ], [ -80.072854827280281, 40.414191023565273 ], [ -80.072866680611838, 40.414178172556461 ], [ -80.072879856420514, 40.414166281440842 ], [ -80.072968332650703, 40.414086424503189 ], [ -80.072982570369263, 40.414073574179191 ], [ -80.073003219862059, 40.414054935433811 ], [ -80.073019463137442, 40.414041625851659 ], [ -80.073075552103916, 40.413995662586373 ], [ -80.073163440507258, 40.413924901117959 ], [ -80.073199040925303, 40.413896399450806 ], [ -80.073224283652991, 40.413876190800124 ], [ -80.073285895182707, 40.413826864090879 ], [ -80.073288030959418, 40.413825154462216 ], [ -80.073289071323728, 40.413824321823149 ], [ -80.073290414917054, 40.41382325876021 ], [ -80.07346089644345, 40.413688350043131 ], [ -80.073461885506134, 40.413687567984041 ], [ -80.073544302405793, 40.413626373047997 ], [ -80.07360011615441, 40.413584931276048 ], [ -80.073631608101891, 40.413561548163386 ], [ -80.073699978688211, 40.413511814980218 ], [ -80.073738152142383, 40.413484046962303 ], [ -80.073771204170498, 40.413460003594047 ], [ -80.073790024685763, 40.413446313218692 ], [ -80.073828361317311, 40.413418425669853 ], [ -80.073839049493841, 40.413410698909907 ], [ -80.073843197572145, 40.413407700134108 ], [ -80.073843460134214, 40.413407897555146 ], [ -80.073915680401484, 40.413462334845704 ], [ -80.074288883461563, 40.413731065417799 ], [ -80.074290672191779, 40.413732352852421 ], [ -80.074313853215941, 40.413717178248923 ], [ -80.074319657471221, 40.413721508314815 ], [ -80.075024190606598, 40.414246995973159 ], [ -80.075033851854542, 40.414240320407679 ], [ -80.075114322888581, 40.414184724788107 ], [ -80.07512711449067, 40.414194261030509 ], [ -80.075838191511565, 40.414724341934495 ], [ -80.075931253459714, 40.414655938132086 ], [ -80.076666419635529, 40.415231623823928 ], [ -80.076697430429817, 40.41521046308867 ], [ -80.076732456737318, 40.415186561992591 ], [ -80.076766805902622, 40.415163123175205 ], [ -80.076797000908186, 40.41518561413406 ], [ -80.077175353809452, 40.415463200496546 ], [ -80.077386991055079, 40.415292679192376 ], [ -80.07744468711077, 40.415343776351975 ], [ -80.078622898452835, 40.416431750501189 ], [ -80.078659508061548, 40.416462955860979 ], [ -80.077956288377337, 40.416746246227575 ], [ -80.077155697550424, 40.417089965210536 ], [ -80.076675082114804, 40.417378773600142 ], [ -80.076308145535336, 40.417647675285579 ], [ -80.07603202779363, 40.417947676883841 ], [ -80.075126523517412, 40.419475863265795 ], [ -80.074803122049005, 40.420124104114159 ], [ -80.074783254658598, 40.420407620748108 ], [ -80.0748055962449, 40.420482669494383 ], [ -80.074859113308591, 40.420602388230208 ], [ -80.075002666255358, 40.420703956137999 ], [ -80.075159488314085, 40.420758466612469 ], [ -80.075473339145859, 40.420834435855241 ], [ -80.075706248928071, 40.420819380434175 ], [ -80.076175993411653, 40.420707166421032 ], [ -80.076626104052423, 40.42056681428879 ], [ -80.076626500055625, 40.420566744150932 ], [ -80.07959398187721, 40.420038461293558 ], [ -80.081256819075918, 40.420216765114674 ], [ -80.082575959103977, 40.420085194935268 ], [ -80.084507447775934, 40.420521815997361 ], [ -80.085259469840068, 40.421122013229237 ], [ -80.085411592668876, 40.421243422426315 ], [ -80.085741793048626, 40.422792006794381 ], [ -80.085557397992815, 40.423764240409731 ], [ -80.08555458176312, 40.423779088405418 ], [ -80.085542499357942, 40.423842789726621 ], [ -80.081797828785525, 40.423746818530937 ], [ -80.081797668608985, 40.423746822664867 ], [ -80.080210814564524, 40.423789625507759 ], [ -80.080024290422102, 40.42379465606389 ], [ -80.07792312014125, 40.424363839317245 ], [ -80.073942469736224, 40.425442021559647 ], [ -80.073830928410189, 40.425421173294851 ], [ -80.073137872039723, 40.426031029232647 ], [ -80.070958221591752, 40.428235450870424 ], [ -80.070568455582418, 40.42862962678452 ], [ -80.069691009971152, 40.429863209156771 ], [ -80.068647336146611, 40.431335360117785 ], [ -80.068626668411355, 40.431373553191747 ], [ -80.068596288778011, 40.43142969698156 ], [ -80.06852364878867, 40.431404199738964 ] ] ] } },
{ "type": "Feature", "properties": { "Ward": 28, "District": 2, "Muni_War_1": "Pittsburgh Ward 28 Dist 2", "Gainey_2021_Total": 22, "Gainey_2025_Total": 26, "OConnor_2025_Total": 78, "Peduto_2021_Total": 40 }, "geometry": { "type": "Polygon", "coordinates": [ [ [ -80.057622666342752, 40.431329000044784 ], [ -80.057605589507972, 40.431305565547241 ], [ -80.053490889957288, 40.429495012762608 ], [ -80.053501515198349, 40.429086266316531 ], [ -80.053511678761865, 40.428703400070098 ], [ -80.053524336416729, 40.428498044346121 ], [ -80.053539546353079, 40.428359264383936 ], [ -80.053644493863132, 40.428084325650993 ], [ -80.053773288473579, 40.427938251126911 ], [ -80.054002047092666, 40.427718995087595 ], [ -80.05403575395178, 40.427695530224987 ], [ -80.054099016589618, 40.427651494950439 ], [ -80.054190403844231, 40.427605050093298 ], [ -80.054350984086511, 40.427535690092583 ], [ -80.054487405614111, 40.427476762142149 ], [ -80.054820575604936, 40.427342341094018 ], [ -80.054846923220694, 40.427331706516107 ], [ -80.055172350968419, 40.427200345168281 ], [ -80.055455907232556, 40.42708622285005 ], [ -80.055774047210775, 40.426958964622749 ], [ -80.055829038376672, 40.426937042886586 ], [ -80.056092643753459, 40.42683195763982 ], [ -80.056410783737633, 40.426704871479338 ], [ -80.056735527126378, 40.426586837217563 ], [ -80.05695102739864, 40.426518602154509 ], [ -80.057146342956827, 40.426464160699908 ], [ -80.057235326921642, 40.426439380174514 ], [ -80.057347092511151, 40.426432671550842 ], [ -80.057417306120556, 40.426428456661462 ], [ -80.057775724739784, 40.426403502325805 ], [ -80.058134991575002, 40.426402695599997 ], [ -80.058458777538831, 40.426401967882008 ], [ -80.059424423130253, 40.42639979346999 ], [ -80.059582221406103, 40.426398241760566 ], [ -80.061170538969833, 40.426382614171821 ], [ -80.061570017283131, 40.426371875252102 ], [ -80.06172325136437, 40.426367753386018 ], [ -80.062109393231268, 40.426381098306585 ], [ -80.062111030241141, 40.426381154734543 ], [ -80.062351092321634, 40.426382581707905 ], [ -80.062887190716495, 40.426385767651077 ], [ -80.063254075039765, 40.426388069978941 ], [ -80.063275375711669, 40.426388203841121 ], [ -80.063661933932792, 40.426380463220163 ], [ -80.063725643822949, 40.426374883745282 ], [ -80.063787318740893, 40.426363315273306 ], [ -80.063845023550854, 40.426344192963334 ], [ -80.063899890578767, 40.426319322967352 ], [ -80.063953448215756, 40.426291919715794 ], [ -80.063991493311164, 40.426261493814195 ], [ -80.064041978257578, 40.426221116954466 ], [ -80.064210934858153, 40.426085987937455 ], [ -80.064304373124898, 40.426005596573539 ], [ -80.064437306379119, 40.425893729306175 ], [ -80.064564950063883, 40.425786305676894 ], [ -80.064665339211714, 40.425714163018228 ], [ -80.064831638505069, 40.425595800656787 ], [ -80.064897814408795, 40.425548699106471 ], [ -80.064900905372653, 40.42554629483417 ], [ -80.065071883673866, 40.425413290628924 ], [ -80.065321359164656, 40.425255862615955 ], [ -80.06535013746614, 40.425237703014638 ], [ -80.065388385766838, 40.425209523898765 ], [ -80.06547889113665, 40.425142847037399 ], [ -80.065514412060679, 40.425116676591195 ], [ -80.065664919901025, 40.424948187187248 ], [ -80.065730690339961, 40.42485770592851 ], [ -80.065735060209178, 40.424851693119209 ], [ -80.065802421208986, 40.42476129524745 ], [ -80.065819296923948, 40.42473864798972 ], [ -80.065826061507551, 40.42472900970084 ], [ -80.065926105952613, 40.424586494494505 ], [ -80.066099385500436, 40.424345958867228 ], [ -80.066393790475075, 40.423937283741935 ], [ -80.066583040912334, 40.423674570332409 ], [ -80.066682075809311, 40.423554071905883 ], [ -80.066766910409441, 40.423440988782318 ], [ -80.066769818197997, 40.423514314194684 ], [ -80.0667706685133, 40.4235357493774 ], [ -80.066789126511779, 40.424001236485253 ], [ -80.067398821516576, 40.424504063565273 ], [ -80.067393178637772, 40.425233514877064 ], [ -80.067435769827327, 40.425337024411043 ], [ -80.067527162094279, 40.425446859494059 ], [ -80.068038241199645, 40.426061070536271 ], [ -80.067988919539744, 40.426113310527739 ], [ -80.067273937202017, 40.426832890522739 ], [ -80.06609553014151, 40.427386041819219 ], [ -80.066311236734947, 40.427655275485527 ], [ -80.06633996488759, 40.427859421706771 ], [ -80.066350946956348, 40.428071865136609 ], [ -80.066361016214657, 40.428578065987033 ], [ -80.066371456677345, 40.428937425390508 ], [ -80.066349824493912, 40.429152511844244 ], [ -80.066196619615297, 40.429660046259507 ], [ -80.066055627658869, 40.430114084327741 ], [ -80.065955088734242, 40.430437847610605 ], [ -80.065953776265147, 40.430439383825302 ], [ -80.065546921308211, 40.430349069279046 ], [ -80.065528946516309, 40.430324517861173 ], [ -80.064761986661992, 40.429276872436908 ], [ -80.064751125837475, 40.429262522497638 ], [ -80.064743212701487, 40.429252067546273 ], [ -80.064733139649192, 40.429238755874252 ], [ -80.064727415915783, 40.429231192186379 ], [ -80.064709434641898, 40.429207430866455 ], [ -80.064696709048505, 40.429190613783234 ], [ -80.064691455798652, 40.429183671297032 ], [ -80.064673478146204, 40.429159911701056 ], [ -80.064667738277009, 40.429152324009372 ], [ -80.064655498057547, 40.429136149448588 ], [ -80.064633338049589, 40.429106868243515 ], [ -80.064615358205387, 40.429083112286555 ], [ -80.064606746034528, 40.429071729891376 ], [ -80.064583575782166, 40.429041109459781 ], [ -80.06457420053637, 40.429028720730017 ], [ -80.064565595942113, 40.429017352594549 ], [ -80.064547615929428, 40.428993590324687 ], [ -80.064530987987936, 40.428971610871969 ], [ -80.064529639494566, 40.428969828881478 ], [ -80.064511659599845, 40.428946069306718 ], [ -80.064491513805507, 40.42891944952116 ], [ -80.064456658206311, 40.428875146068485 ], [ -80.064449314029545, 40.428865809427663 ], [ -80.064438151259836, 40.428851623166537 ], [ -80.064422106113369, 40.428831234723312 ], [ -80.064419639613973, 40.428828100355972 ], [ -80.064417902847879, 40.428825893710709 ], [ -80.064401132724257, 40.428804578348213 ], [ -80.064364408372626, 40.428757894291522 ], [ -80.064350229952382, 40.428745081039885 ], [ -80.064011449106246, 40.428490431404484 ], [ -80.063174499657634, 40.427861311868931 ], [ -80.063141293661218, 40.427913603589353 ], [ -80.062886791532421, 40.428210369118084 ], [ -80.062167186497817, 40.429049454749368 ], [ -80.06145982387369, 40.428802695043501 ], [ -80.059790355926808, 40.428220286102253 ], [ -80.059728738837393, 40.428325938274178 ], [ -80.059651855950051, 40.428457760352174 ], [ -80.058120406941981, 40.431083468923049 ], [ -80.057903007710749, 40.431456189184246 ], [ -80.057878375704021, 40.431445013687799 ], [ -80.057867747592582, 40.431440190867839 ], [ -80.057622666342752, 40.431329000044784 ] ] ] } },
{ "type": "Feature", "properties": { "Ward": 18, "District": 10, "Muni_War_1": "Pittsburgh Ward 18 Dist 10", "Gainey_2021_Total": 1, "Gainey_2025_Total": 2, "OConnor_2025_Total": 7, "Peduto_2021_Total": 6 }, "geometry": { "type": "Polygon", "coordinates": [ [ [ -79.994624704440142, 40.427794012548155 ], [ -79.994674182087607, 40.42780821401071 ], [ -79.994822776789576, 40.427456452848531 ], [ -79.994714828666815, 40.427412038635346 ], [ -79.994531348125008, 40.427336546522362 ], [ -79.994391359176859, 40.427261865082151 ], [ -79.994256477628383, 40.427188575224129 ], [ -79.994200056425029, 40.42714220649502 ], [ -79.994130376336116, 40.427084942378031 ], [ -79.994067592469577, 40.427033345043036 ], [ -79.994026229497806, 40.426988836855479 ], [ -79.99394861809256, 40.426875449580116 ], [ -79.993869059198147, 40.426759217261498 ], [ -79.993790297302851, 40.426661484308291 ], [ -79.993715790448945, 40.426589960866131 ], [ -79.993606952062535, 40.42652406162842 ], [ -79.993469250437542, 40.426468312642029 ], [ -79.993404490098655, 40.426446655364678 ], [ -79.993342582552344, 40.426442406225028 ], [ -79.993193266444507, 40.426432156179203 ], [ -79.992971579143799, 40.426422396584165 ], [ -79.992819444623294, 40.426418922241453 ], [ -79.992637627788255, 40.426427564144525 ], [ -79.992553346570475, 40.426414322068368 ], [ -79.992403915267857, 40.426390844717865 ], [ -79.99233964323895, 40.426380746476717 ], [ -79.992209354092921, 40.426336129365268 ], [ -79.992147127406938, 40.426314820410468 ], [ -79.992041007253604, 40.426264394549797 ], [ -79.991821467348458, 40.426149256592581 ], [ -79.991401621888627, 40.425917653177692 ], [ -79.991129274678471, 40.425763597910723 ], [ -79.99090114706776, 40.425634554901613 ], [ -79.990785168552577, 40.425568949224875 ], [ -79.990700521328236, 40.425496150350298 ], [ -79.990647468269827, 40.425450523614685 ], [ -79.990578462967676, 40.425385425609278 ], [ -79.990548328602443, 40.425353750412427 ], [ -79.990608560190267, 40.425347644583923 ], [ -79.990694674081567, 40.42536884420899 ], [ -79.990756768971792, 40.425389988015112 ], [ -79.990839795279555, 40.425445536708402 ], [ -79.990927828464478, 40.425499781048956 ], [ -79.991005810384138, 40.425545447523135 ], [ -79.991101663662036, 40.425591727616428 ], [ -79.991149066335993, 40.425605568104828 ], [ -79.991222099967061, 40.425626892255643 ], [ -79.991394149520303, 40.425677127156824 ], [ -79.991567630136529, 40.425727779075643 ], [ -79.99179545015906, 40.425790816579912 ], [ -79.991980251246119, 40.425807291352299 ], [ -79.992085550437181, 40.425816679180137 ], [ -79.992340770055947, 40.425830674193492 ], [ -79.99242002120063, 40.42579225757072 ], [ -79.992530301153565, 40.425738799306032 ], [ -79.992667167978212, 40.42565419761371 ], [ -79.99278143789482, 40.425551834832838 ], [ -79.99285420641165, 40.425435866231268 ], [ -79.99293135526122, 40.425312914495684 ], [ -79.993019333903405, 40.425172702378944 ], [ -79.99310613893735, 40.425034359776276 ], [ -79.993222076324557, 40.424849591222973 ], [ -79.99329577802726, 40.424732130340381 ], [ -79.996266011171429, 40.424667751716228 ], [ -79.996278490116083, 40.425325921839743 ], [ -79.997548358431573, 40.425991902869733 ], [ -79.997479146008715, 40.426042800476736 ], [ -79.997481516815043, 40.426098546850625 ], [ -79.997484810543199, 40.426175984712877 ], [ -79.997460286562671, 40.426277536177878 ], [ -79.997418959514519, 40.426448672462051 ], [ -79.997322492871405, 40.426870138050475 ], [ -79.997204255195214, 40.427428160030075 ], [ -79.998293967796229, 40.427632072768382 ], [ -79.999308986845477, 40.427829068461094 ], [ -80.000377124214623, 40.428097057964976 ], [ -80.002217304877519, 40.428554116050975 ], [ -80.002363855196634, 40.428643272616554 ], [ -80.002757563085211, 40.428870076631831 ], [ -80.003546977313306, 40.429324826448827 ], [ -80.004189468292523, 40.429694931292389 ], [ -80.00432875228023, 40.429703674784122 ], [ -80.004464252771143, 40.429827175213539 ], [ -80.004562936542044, 40.429917119828431 ], [ -80.004782850144082, 40.430032168318824 ], [ -80.005168304177843, 40.430200377985379 ], [ -80.004815937911303, 40.43062352060798 ], [ -80.004491375406758, 40.431143467997167 ], [ -80.00446951671789, 40.431251278811054 ], [ -80.003880748796618, 40.43212420714427 ], [ -80.003817428321952, 40.432155943476594 ], [ -80.003076819621228, 40.431710789973025 ], [ -80.002155502306209, 40.431250759304 ], [ -80.001443720180518, 40.43092776451207 ], [ -80.001322468195482, 40.430879137259609 ], [ -80.001284930316061, 40.430777241125945 ], [ -80.001266538116482, 40.43069711020626 ], [ -80.001115117271283, 40.430560964330184 ], [ -80.000243269620299, 40.430129508467004 ], [ -79.999118775910361, 40.429542931088612 ], [ -79.998746325763406, 40.429517588633175 ], [ -79.998493750084137, 40.429471935993341 ], [ -79.998217235005441, 40.429380288390064 ], [ -79.998023842397416, 40.429316190692219 ], [ -79.997901628360935, 40.42920802140717 ], [ -79.997465699335919, 40.429038791461721 ], [ -79.996927753525981, 40.428786124198382 ], [ -79.996525595921156, 40.428593019217232 ], [ -79.996176224158432, 40.428439030819639 ], [ -79.995774884934306, 40.428327690241638 ], [ -79.995467741525829, 40.428252498757558 ], [ -79.995228582661113, 40.428178717715141 ], [ -79.995087396280127, 40.42812275722526 ], [ -79.994909523408097, 40.428052255692457 ], [ -79.994598121855759, 40.427953533496982 ], [ -79.994624704440142, 40.427794012548155 ] ] ] } },
{ "type": "Feature", "properties": { "Ward": 19, "District": 8, "Muni_War_1": "Pittsburgh Ward 19 Dist 8", "Gainey_2021_Total": 22, "Gainey_2025_Total": 48, "OConnor_2025_Total": 58, "Peduto_2021_Total": 43 }, "geometry": { "type": "Polygon", "coordinates": [ [ [ -80.012943839866836, 40.43157653372954 ], [ -80.010698875764092, 40.431161143055633 ], [ -80.009638989584985, 40.430688270003998 ], [ -80.007336711038093, 40.429465900067996 ], [ -80.006373755714392, 40.428988623044525 ], [ -80.006663246300448, 40.428977243119661 ], [ -80.008239096368371, 40.428634621210527 ], [ -80.009321140587318, 40.429239190509072 ], [ -80.010374297386264, 40.429111069139275 ], [ -80.011516043472938, 40.428793117374731 ], [ -80.011930962062422, 40.42859637318989 ], [ -80.012255678151547, 40.428348061304 ], [ -80.012730942277344, 40.427893728886488 ], [ -80.013038349883615, 40.427323847469303 ], [ -80.013166006817841, 40.427045304809745 ], [ -80.013158857295991, 40.426631326717143 ], [ -80.01313413725515, 40.42609099673669 ], [ -80.013114093081981, 40.425652845458778 ], [ -80.013105002163442, 40.42545413140418 ], [ -80.013391153816187, 40.425461584974634 ], [ -80.014802349843308, 40.425498333825288 ], [ -80.015996303398609, 40.42546594218237 ], [ -80.016953277469256, 40.425417043710631 ], [ -80.017173070876467, 40.425662214190993 ], [ -80.017413651080204, 40.426020131296838 ], [ -80.017648735675934, 40.426361736235094 ], [ -80.018053836444764, 40.426143874087494 ], [ -80.018765271140211, 40.425809921246582 ], [ -80.019183262463386, 40.425671797027981 ], [ -80.02027159789867, 40.425376959388728 ], [ -80.021008596670029, 40.425126257213684 ], [ -80.020647738123543, 40.426226730387064 ], [ -80.020641150056946, 40.42621283755215 ], [ -80.019889512386129, 40.425824908169204 ], [ -80.019364062041518, 40.425932881404371 ], [ -80.018365108608208, 40.426235913733386 ], [ -80.017678223942895, 40.426580981914718 ], [ -80.0170294090954, 40.427081369324206 ], [ -80.016419620863957, 40.427739909028759 ], [ -80.01582014927375, 40.428387820538447 ], [ -80.015195986186242, 40.42900784925331 ], [ -80.014327362962263, 40.429731555677364 ], [ -80.013720673441767, 40.430187097464191 ], [ -80.013654425595391, 40.430401607887028 ], [ -80.01370379855102, 40.430557763032617 ], [ -80.013705365785782, 40.430885609441184 ], [ -80.013700848815034, 40.431714875160687 ], [ -80.012943839866836, 40.43157653372954 ] ] ] } },
{ "type": "Feature", "properties": { "Ward": 14, "District": 33, "Muni_War_1": "Pittsburgh Ward 14 Dist 33", "Gainey_2021_Total": 99, "Gainey_2025_Total": 101, "OConnor_2025_Total": 150, "Peduto_2021_Total": 90 }, "geometry": { "type": "Polygon", "coordinates": [ [ [ -79.918096722028366, 40.431662481181988 ], [ -79.917785389758265, 40.430199107523848 ], [ -79.918512343591743, 40.428440535598071 ], [ -79.918514213162766, 40.428441083365762 ], [ -79.921208195050895, 40.429161766603087 ], [ -79.923227988513887, 40.429702042278876 ], [ -79.923344073549686, 40.429731486223602 ], [ -79.923503281747529, 40.429664244602186 ], [ -79.923141971850924, 40.432353695553353 ], [ -79.923079409154028, 40.432809909070414 ], [ -79.918545552010883, 40.433524740055965 ], [ -79.918096722028366, 40.431662481181988 ] ] ] } },
{ "type": "Feature", "properties": { "Ward": 16, "District": 1, "Muni_War_1": "Pittsburgh Ward 16 Dist 1", "Gainey_2021_Total": 66, "Gainey_2025_Total": 90, "OConnor_2025_Total": 124, "Peduto_2021_Total": 89 }, "geometry": { "type": "Polygon", "coordinates": [ [ [ -79.973378148592104, 40.424934769436717 ], [ -79.97649473959811, 40.425110703223076 ], [ -79.976554573556982, 40.425544605756301 ], [ -79.976344453398454, 40.427588583282819 ], [ -79.97609369215202, 40.430252623199166 ], [ -79.976031468470481, 40.430299814418753 ], [ -79.97600842422699, 40.430406572490469 ], [ -79.975780435462511, 40.432230281099535 ], [ -79.974822469602515, 40.43195328267133 ], [ -79.974019197555933, 40.431599019126168 ], [ -79.97304521887574, 40.431430583358029 ], [ -79.97207905062119, 40.431305523106651 ], [ -79.970966319226235, 40.431128136899353 ], [ -79.970361675290562, 40.430998278311982 ], [ -79.971044917805358, 40.42866330737219 ], [ -79.972982671798022, 40.42880340586246 ], [ -79.973378148592104, 40.424934769436717 ] ] ] } },
{ "type": "Feature", "properties": { "Ward": 14, "District": 40, "Muni_War_1": "Pittsburgh Ward 14 Dist 40", "Gainey_2021_Total": 91, "Gainey_2025_Total": 81, "OConnor_2025_Total": 85, "Peduto_2021_Total": 45 }, "geometry": { "type": "Polygon", "coordinates": [ [ [ -79.927552635628004, 40.432606873376443 ], [ -79.927494114472736, 40.431022435246405 ], [ -79.927445345325992, 40.429288557030972 ], [ -79.927895010224631, 40.429360226263682 ], [ -79.928387432480022, 40.429504193590041 ], [ -79.928788943130087, 40.429698013578474 ], [ -79.929090727656984, 40.429891309569541 ], [ -79.929395417417396, 40.430160661253765 ], [ -79.929685922076672, 40.430477388625569 ], [ -79.929871651382214, 40.430720752863216 ], [ -79.930126165421399, 40.430854872994757 ], [ -79.930539707349226, 40.430842608237818 ], [ -79.93127722210869, 40.430753348153594 ], [ -79.931825986411724, 40.430643663111468 ], [ -79.9326095737229, 40.430410871678475 ], [ -79.932528705402703, 40.430659263092153 ], [ -79.932559157697639, 40.430947763471352 ], [ -79.932615346631394, 40.431480096526627 ], [ -79.930481751685534, 40.431461858370831 ], [ -79.930499354323572, 40.431561749055817 ], [ -79.93051955337998, 40.432270136649073 ], [ -79.927560545960816, 40.43260756030034 ], [ -79.927552635628004, 40.432606873376443 ] ] ] } },
{ "type": "Feature", "properties": { "Ward": 14, "District": 37, "Muni_War_1": "Pittsburgh Ward 14 Dist 37", "Gainey_2021_Total": 80, "Gainey_2025_Total": 54, "OConnor_2025_Total": 129, "Peduto_2021_Total": 82 }, "geometry": { "type": "Polygon", "coordinates": [ [ [ -79.923503281747529, 40.429664244602186 ], [ -79.927922937041032, 40.427616434624881 ], [ -79.928158476903491, 40.427518036996851 ], [ -79.928865187305448, 40.427997760624507 ], [ -79.92960589985843, 40.428466093141829 ], [ -79.93029525043319, 40.428739282143447 ], [ -79.93070681581726, 40.428891967808418 ], [ -79.931677628922785, 40.428900034886063 ], [ -79.933074478607068, 40.428858155488342 ], [ -79.933972407747788, 40.428742566461942 ], [ -79.935209984604114, 40.428587419554511 ], [ -79.936390928917319, 40.428481385850219 ], [ -79.937533589835809, 40.428524199616319 ], [ -79.937892406334697, 40.428573153742271 ], [ -79.937530851294582, 40.429243232413235 ], [ -79.937344918385875, 40.429193200596551 ], [ -79.937152908747265, 40.429141533135571 ], [ -79.937017298949286, 40.429122646019813 ], [ -79.936831427678626, 40.429129306393158 ], [ -79.93651906792158, 40.429169072558935 ], [ -79.936291310713386, 40.429239814114389 ], [ -79.936169600579532, 40.429302376880685 ], [ -79.936092254244016, 40.429396512363816 ], [ -79.936067608265589, 40.429488694872468 ], [ -79.93603015990972, 40.429628768160264 ], [ -79.935980547622307, 40.429705560568472 ], [ -79.935909576231637, 40.429753602345357 ], [ -79.935815320539589, 40.429791120143783 ], [ -79.935658677294228, 40.429807925225376 ], [ -79.935497238543704, 40.429769963523199 ], [ -79.93534741665151, 40.429734733111005 ], [ -79.935121567217848, 40.429699326025393 ], [ -79.934948193743452, 40.429727060539037 ], [ -79.934663980333241, 40.429819792611262 ], [ -79.934214811078149, 40.429974807641202 ], [ -79.933452640430815, 40.430177226486158 ], [ -79.9326095737229, 40.430410871678475 ], [ -79.931825986411724, 40.430643663111468 ], [ -79.93127722210869, 40.430753348153594 ], [ -79.930539707349226, 40.430842608237818 ], [ -79.930126165421399, 40.430854872994757 ], [ -79.929871651382214, 40.430720752863216 ], [ -79.929685922076672, 40.430477388625569 ], [ -79.929395417417396, 40.430160661253765 ], [ -79.929090727656984, 40.429891309569541 ], [ -79.928788943130087, 40.429698013578474 ], [ -79.928387432480022, 40.429504193590041 ], [ -79.927895010224631, 40.429360226263682 ], [ -79.927445345325992, 40.429288557030972 ], [ -79.927494114472736, 40.431022435246405 ], [ -79.924668494755707, 40.431385986796734 ], [ -79.924195848182961, 40.431577134971036 ], [ -79.92408197124378, 40.431727437995939 ], [ -79.923879169186222, 40.432036585545653 ], [ -79.923761108326786, 40.432150271227954 ], [ -79.923567494919638, 40.432275073125496 ], [ -79.923392991080433, 40.432337734144475 ], [ -79.923141971850924, 40.432353695553353 ], [ -79.923503281747529, 40.429664244602186 ] ] ] } },
{ "type": "Feature", "properties": { "Ward": 20, "District": 2, "Muni_War_1": "Pittsburgh Ward 20 Dist 2", "Gainey_2021_Total": 10, "Gainey_2025_Total": 7, "OConnor_2025_Total": 37, "Peduto_2021_Total": 19 }, "geometry": { "type": "Polygon", "coordinates": [ [ [ -80.021228644454041, 40.424767483457195 ], [ -80.021342180251054, 40.424506919055915 ], [ -80.021354427985429, 40.42417847034514 ], [ -80.021317824019377, 40.423857137825905 ], [ -80.021279050381935, 40.423680863898269 ], [ -80.021013976564944, 40.42353687435272 ], [ -80.020730923368319, 40.423564233353822 ], [ -80.020534077217974, 40.423640310205592 ], [ -80.020243822508121, 40.4237776935244 ], [ -80.019893647129209, 40.423890655593006 ], [ -80.019429052547068, 40.42409523500811 ], [ -80.019107254253811, 40.424222121661167 ], [ -80.018618713204617, 40.424344157585502 ], [ -80.018450609580015, 40.424337572124792 ], [ -80.018287396999824, 40.424323205822482 ], [ -80.016180758305467, 40.422167055299418 ], [ -80.016340323258206, 40.422052913324229 ], [ -80.016540649558976, 40.421914351951791 ], [ -80.01672357895751, 40.421871064346789 ], [ -80.016916589774198, 40.421832118193905 ], [ -80.01719234021094, 40.42183846888453 ], [ -80.017434409207524, 40.421979434735455 ], [ -80.017945987067506, 40.422309686814287 ], [ -80.018232852049636, 40.422348128097042 ], [ -80.018368836056482, 40.422301760566356 ], [ -80.018618558164533, 40.422216610407979 ], [ -80.018796804836157, 40.421146235483803 ], [ -80.019324881710318, 40.420676615810883 ], [ -80.01945246576372, 40.420674103187999 ], [ -80.020761480821932, 40.420648318017093 ], [ -80.022086431003856, 40.420626914435388 ], [ -80.023070043762118, 40.420612054763119 ], [ -80.022602592389859, 40.423393421168939 ], [ -80.023527312417485, 40.423429939638403 ], [ -80.024372243147255, 40.42346330089029 ], [ -80.025035396182005, 40.423457355261569 ], [ -80.02533880929083, 40.423451648360292 ], [ -80.026181308796296, 40.423583245739486 ], [ -80.02927288487497, 40.423638755435164 ], [ -80.030320084509654, 40.423658199762862 ], [ -80.030599289833859, 40.423666871128745 ], [ -80.030791694254205, 40.424623809463611 ], [ -80.030938813874272, 40.425362044970605 ], [ -80.030987955027882, 40.426124869409399 ], [ -80.030919879097439, 40.42668861306894 ], [ -80.030751120842055, 40.427329940601751 ], [ -80.030483721486277, 40.427896758991096 ], [ -80.030108978674647, 40.428463807725493 ], [ -80.029697011708805, 40.428926385476039 ], [ -80.029119667308805, 40.429426464085466 ], [ -80.028540571303949, 40.429795578565837 ], [ -80.028155726830036, 40.430010617845454 ], [ -80.027423228270806, 40.429574127760624 ], [ -80.026822804420561, 40.4291113506969 ], [ -80.026372548410663, 40.428594732555915 ], [ -80.025572331034027, 40.427566093317687 ], [ -80.024890856907561, 40.426830051821653 ], [ -80.024201735872808, 40.426333048336339 ], [ -80.023606929504837, 40.426022194875287 ], [ -80.022808416457892, 40.425717065852645 ], [ -80.021557597567821, 40.425371050523573 ], [ -80.021008596670029, 40.425126257213684 ], [ -80.021228644454041, 40.424767483457195 ] ] ] } },
{ "type": "Feature", "properties": { "Ward": 14, "District": 24, "Muni_War_1": "Pittsburgh Ward 14 Dist 24", "Gainey_2021_Total": 109, "Gainey_2025_Total": 74, "OConnor_2025_Total": 155, "Peduto_2021_Total": 101 }, "geometry": { "type": "Polygon", "coordinates": [ [ [ -79.915991878189701, 40.427896670174803 ], [ -79.91611512339766, 40.427916326212447 ], [ -79.916896664105963, 40.426015630736245 ], [ -79.917098744452971, 40.425049940619566 ], [ -79.917224478896813, 40.425033401644427 ], [ -79.918866221159917, 40.424817432068885 ], [ -79.919103386176261, 40.42479153997467 ], [ -79.919955646088582, 40.42492604189853 ], [ -79.919571130324073, 40.425863269717929 ], [ -79.919498880122404, 40.426126646561734 ], [ -79.919432322097421, 40.426284072427855 ], [ -79.918552141558038, 40.428344257727964 ], [ -79.918512343591743, 40.428440535598071 ], [ -79.917785389758265, 40.430199107523848 ], [ -79.918096722028366, 40.431662481181988 ], [ -79.915179786747316, 40.431646130107822 ], [ -79.915197038828467, 40.430476171000215 ], [ -79.915263788932492, 40.430078835434436 ], [ -79.915991878189701, 40.427896670174803 ] ] ] } },
{ "type": "Feature", "properties": { "Ward": 19, "District": 9, "Muni_War_1": "Pittsburgh Ward 19 Dist 9", "Gainey_2021_Total": 23, "Gainey_2025_Total": 28, "OConnor_2025_Total": 61, "Peduto_2021_Total": 40 }, "geometry": { "type": "Polygon", "coordinates": [ [ [ -80.006373755714392, 40.428988623044525 ], [ -80.006394782873514, 40.428524521385306 ], [ -80.007692767440517, 40.428207869569704 ], [ -80.007903695611972, 40.42811475652617 ], [ -80.008233915784842, 40.427553867949619 ], [ -80.008917609515422, 40.42751639130303 ], [ -80.008964621113293, 40.426961915646054 ], [ -80.00900265782073, 40.426760156696211 ], [ -80.009081855510274, 40.426502718215581 ], [ -80.009184660618644, 40.426191183869008 ], [ -80.009336762591786, 40.42580537407467 ], [ -80.009544878184229, 40.425353385013018 ], [ -80.009646137986365, 40.425156371995214 ], [ -80.010313797991159, 40.42539920334292 ], [ -80.010762991414964, 40.425539669276283 ], [ -80.011270454554165, 40.425726973261227 ], [ -80.011546975782366, 40.425427835145911 ], [ -80.013105002163442, 40.42545413140418 ], [ -80.013114093081981, 40.425652845458778 ], [ -80.01313413725515, 40.42609099673669 ], [ -80.013158857295991, 40.426631326717143 ], [ -80.013166006817841, 40.427045304809745 ], [ -80.013038349883615, 40.427323847469303 ], [ -80.012730942277344, 40.427893728886488 ], [ -80.012255678151547, 40.428348061304 ], [ -80.011930962062422, 40.42859637318989 ], [ -80.011516043472938, 40.428793117374731 ], [ -80.010374297386264, 40.429111069139275 ], [ -80.009321140587318, 40.429239190509072 ], [ -80.008239096368371, 40.428634621210527 ], [ -80.006663246300448, 40.428977243119661 ], [ -80.006373755714392, 40.428988623044525 ] ] ] } },
{ "type": "Feature", "properties": { "Ward": 19, "District": 10, "Muni_War_1": "Pittsburgh Ward 19 Dist 10", "Gainey_2021_Total": 28, "Gainey_2025_Total": 44, "OConnor_2025_Total": 84, "Peduto_2021_Total": 50 }, "geometry": { "type": "Polygon", "coordinates": [ [ [ -80.005747161456526, 40.426979122821685 ], [ -80.005610685277972, 40.427010024656347 ], [ -80.005170286000777, 40.427016304775456 ], [ -80.004954934037016, 40.422440519172277 ], [ -80.005907330737116, 40.42254291784328 ], [ -80.006004946904099, 40.423084957424585 ], [ -80.009054599103024, 40.423426738928946 ], [ -80.009538902923268, 40.42353667017359 ], [ -80.009117578629684, 40.42425961689591 ], [ -80.009916129192092, 40.424501169165879 ], [ -80.010059309962784, 40.424532119034474 ], [ -80.010091017249223, 40.424557309112146 ], [ -80.010228869927815, 40.424599482630711 ], [ -80.009646137986365, 40.425156371995214 ], [ -80.009544878184229, 40.425353385013018 ], [ -80.009336762591786, 40.42580537407467 ], [ -80.009184660618644, 40.426191183869008 ], [ -80.009081855510274, 40.426502718215581 ], [ -80.00900265782073, 40.426760156696211 ], [ -80.008964621113293, 40.426961915646054 ], [ -80.008917609515422, 40.42751639130303 ], [ -80.008233915784842, 40.427553867949619 ], [ -80.007903695611972, 40.42811475652617 ], [ -80.007692767440517, 40.428207869569704 ], [ -80.006394782873514, 40.428524521385306 ], [ -80.006230303280248, 40.426869726677481 ], [ -80.005747161456526, 40.426979122821685 ] ] ] } },
{ "type": "Feature", "properties": { "Ward": 15, "District": 8, "Muni_War_1": "Pittsburgh Ward 15 Dist 8", "Gainey_2021_Total": 78, "Gainey_2025_Total": 86, "OConnor_2025_Total": 142, "Peduto_2021_Total": 58 }, "geometry": { "type": "Polygon", "coordinates": [ [ [ -79.939733829573214, 40.429296605672711 ], [ -79.93978789825286, 40.426186998806187 ], [ -79.939813048626021, 40.423280812739449 ], [ -79.940480042997493, 40.423282841540995 ], [ -79.942805617551386, 40.423285489345474 ], [ -79.943213748135548, 40.4253409069821 ], [ -79.943457122876808, 40.425311745195373 ], [ -79.943857204892865, 40.42531642034406 ], [ -79.943901923112563, 40.425316942301116 ], [ -79.944601587532873, 40.425397614506146 ], [ -79.944212821605007, 40.426576403423788 ], [ -79.945218228283949, 40.427817918859674 ], [ -79.945089021710643, 40.427831560700831 ], [ -79.944396922442039, 40.428348327919849 ], [ -79.943765170727417, 40.428763692812133 ], [ -79.94340053714302, 40.429000838548077 ], [ -79.943014965778133, 40.429229541181435 ], [ -79.942553649968175, 40.429320516642022 ], [ -79.942046822541954, 40.429416095900343 ], [ -79.941666480372817, 40.429534017800805 ], [ -79.941277982196908, 40.429654466888017 ], [ -79.940567117604402, 40.429589690106539 ], [ -79.940279932133919, 40.429537860210907 ], [ -79.939733829573214, 40.429296605672711 ] ] ] } },
{ "type": "Feature", "properties": { "Ward": 17, "District": 3, "Muni_War_1": "Pittsburgh Ward 17 Dist 3", "Gainey_2021_Total": 55, "Gainey_2025_Total": 53, "OConnor_2025_Total": 99, "Peduto_2021_Total": 56 }, "geometry": { "type": "Polygon", "coordinates": [ [ [ -79.982139338498271, 40.427929242366879 ], [ -79.982383923033893, 40.425458660967855 ], [ -79.986274072015888, 40.425759410274559 ], [ -79.98642219638991, 40.428749900088754 ], [ -79.982064204573149, 40.428834686330227 ], [ -79.982139338498271, 40.427929242366879 ] ] ] } },
{ "type": "Feature", "properties": { "Ward": 14, "District": 32, "Muni_War_1": "Pittsburgh Ward 14 Dist 32", "Gainey_2021_Total": 96, "Gainey_2025_Total": 105, "OConnor_2025_Total": 106, "Peduto_2021_Total": 64 }, "geometry": { "type": "Polygon", "coordinates": [ [ [ -79.921208195050895, 40.429161766603087 ], [ -79.922948230313168, 40.427523558354068 ], [ -79.923124992617105, 40.427099091451709 ], [ -79.923886178791761, 40.425325722053245 ], [ -79.925342601531227, 40.425406940175591 ], [ -79.925731625213629, 40.425423469578966 ], [ -79.926458579064985, 40.425821824995673 ], [ -79.926685723929822, 40.426152537242345 ], [ -79.926733810034719, 40.426362288284935 ], [ -79.927096603798418, 40.426764546323447 ], [ -79.927668654579918, 40.427170468917886 ], [ -79.928158476903491, 40.427518036996851 ], [ -79.927922937041032, 40.427616434624881 ], [ -79.923503281747529, 40.429664244602186 ], [ -79.923344073549686, 40.429731486223602 ], [ -79.923227988513887, 40.429702042278876 ], [ -79.921208195050895, 40.429161766603087 ] ] ] } },
{ "type": "Feature", "properties": { "Ward": 15, "District": 5, "Muni_War_1": "Pittsburgh Ward 15 Dist 5", "Gainey_2021_Total": 57, "Gainey_2025_Total": 73, "OConnor_2025_Total": 76, "Peduto_2021_Total": 75 }, "geometry": { "type": "Polygon", "coordinates": [ [ [ -79.937892406334697, 40.428573153742271 ], [ -79.937533589835809, 40.428524199616319 ], [ -79.936390928917319, 40.428481385850219 ], [ -79.935209984604114, 40.428587419554511 ], [ -79.933972407747788, 40.428742566461942 ], [ -79.933074478607068, 40.428858155488342 ], [ -79.931677628922785, 40.428900034886063 ], [ -79.93070681581726, 40.428891967808418 ], [ -79.93029525043319, 40.428739282143447 ], [ -79.92960589985843, 40.428466093141829 ], [ -79.928865187305448, 40.427997760624507 ], [ -79.928158476903491, 40.427518036996851 ], [ -79.927668654579918, 40.427170468917886 ], [ -79.927096603798418, 40.426764546323447 ], [ -79.92758929862147, 40.426319951290068 ], [ -79.928563319918609, 40.426647008974967 ], [ -79.929445417797538, 40.427005884227768 ], [ -79.930322727797687, 40.427319242413603 ], [ -79.931065781429012, 40.42743107291691 ], [ -79.9320789983731, 40.427435048480682 ], [ -79.932425429858625, 40.427425673688191 ], [ -79.935749766300432, 40.425867632759548 ], [ -79.935588617269616, 40.425066064107533 ], [ -79.935300970748244, 40.424419418097557 ], [ -79.935708140129407, 40.42433843565469 ], [ -79.936324227099774, 40.424172761846883 ], [ -79.936334763142511, 40.424169928328475 ], [ -79.936898371322755, 40.42408204245865 ], [ -79.937318194119342, 40.424225158404923 ], [ -79.937780550737514, 40.424619147883448 ], [ -79.938152296063109, 40.425209810088226 ], [ -79.938279098383063, 40.425523292745538 ], [ -79.938417611505599, 40.425851548368485 ], [ -79.93863344921607, 40.426067511766135 ], [ -79.938829646397892, 40.426176222159683 ], [ -79.939172391563815, 40.42625116209291 ], [ -79.93978789825286, 40.426186998806187 ], [ -79.939733829573214, 40.429296605672711 ], [ -79.939733595893799, 40.42931003751265 ], [ -79.937892406334697, 40.428573153742271 ] ] ] } },
{ "type": "Feature", "properties": { "Ward": 20, "District": 15, "Muni_War_1": "Pittsburgh Ward 20 Dist 15", "Gainey_2021_Total": 32, "Gainey_2025_Total": 42, "OConnor_2025_Total": 72, "Peduto_2021_Total": 70 }, "geometry": { "type": "Polygon", "coordinates": [ [ [ -80.030599289833859, 40.423666871128745 ], [ -80.030320084509654, 40.423658199762862 ], [ -80.02927288487497, 40.423638755435164 ], [ -80.026181308796296, 40.423583245739486 ], [ -80.026355862789913, 40.422291956055382 ], [ -80.026691855379269, 40.420464621356217 ], [ -80.027114458463004, 40.417290442666442 ], [ -80.028550236317741, 40.417131844340616 ], [ -80.028961198141317, 40.417116950146443 ], [ -80.029327004822562, 40.417034402973094 ], [ -80.029571162345889, 40.41683935920733 ], [ -80.029699489248102, 40.416583515940808 ], [ -80.029722070277558, 40.416414538752434 ], [ -80.029734778923981, 40.416223762925917 ], [ -80.029747100341623, 40.416038797374682 ], [ -80.029819075670829, 40.415936120284236 ], [ -80.029944474573895, 40.415899406940596 ], [ -80.030153185447872, 40.415949434557739 ], [ -80.030245266571882, 40.416016522520607 ], [ -80.030411064467273, 40.416336154354113 ], [ -80.030579110412233, 40.416553452549692 ], [ -80.031695697475527, 40.417050296741166 ], [ -80.032494862255234, 40.417296744049359 ], [ -80.033199656748906, 40.41738149062656 ], [ -80.033566672924152, 40.417406815830162 ], [ -80.034176890347965, 40.417449105767801 ], [ -80.034513633146105, 40.417433779219969 ], [ -80.034999346074457, 40.417396210649081 ], [ -80.035031678952052, 40.41732193211601 ], [ -80.035120604486636, 40.417388393152216 ], [ -80.036199182657469, 40.417345170266877 ], [ -80.037296461328452, 40.417208066899526 ], [ -80.038135434643706, 40.417008385654022 ], [ -80.03869371891804, 40.416759116075944 ], [ -80.039372464298225, 40.416354285497761 ], [ -80.039932991919329, 40.415815761108298 ], [ -80.040463084790815, 40.415290327255583 ], [ -80.041073490228797, 40.414672144452183 ], [ -80.041413580212421, 40.414306196547791 ], [ -80.041831729358975, 40.414025855898792 ], [ -80.042737502393123, 40.413449536882823 ], [ -80.04372183814526, 40.414050346933493 ], [ -80.041651686481472, 40.417376423607728 ], [ -80.040395160303774, 40.419415213961692 ], [ -80.035569388933538, 40.427164752801467 ], [ -80.03266486853326, 40.426771874175344 ], [ -80.032549086733326, 40.423727404785808 ], [ -80.030599289833859, 40.423666871128745 ] ] ] } },
{ "type": "Feature", "properties": { "Ward": 16, "District": 3, "Muni_War_1": "Pittsburgh Ward 16 Dist 3", "Gainey_2021_Total": 73, "Gainey_2025_Total": 85, "OConnor_2025_Total": 137, "Peduto_2021_Total": 61 }, "geometry": { "type": "Polygon", "coordinates": [ [ [ -79.959068354230837, 40.42721799199132 ], [ -79.958725077573007, 40.426944326337242 ], [ -79.957920806214005, 40.426221846728836 ], [ -79.956167052640126, 40.424489854935246 ], [ -79.954982073025292, 40.422893912849609 ], [ -79.954430279556888, 40.4221507194721 ], [ -79.95378722700778, 40.420355148974394 ], [ -79.953422978627316, 40.419179727921282 ], [ -79.953399027084743, 40.418446036839725 ], [ -79.958700329949949, 40.416566006006363 ], [ -79.959094147564443, 40.417183674177124 ], [ -79.959281956566599, 40.417171245835114 ], [ -79.958422466420032, 40.417781002308509 ], [ -79.959482779734671, 40.418639395299863 ], [ -79.960228533846205, 40.418059617156686 ], [ -79.961770130774369, 40.419252386132968 ], [ -79.960999150153057, 40.420251539459983 ], [ -79.962004647979001, 40.420915066351839 ], [ -79.962587699156003, 40.42042738490062 ], [ -79.962779514401845, 40.420292507771535 ], [ -79.962981176179028, 40.420190599236101 ], [ -79.963131327613908, 40.420112844917256 ], [ -79.963240153899548, 40.420012404459023 ], [ -79.963337239874761, 40.419766741874952 ], [ -79.963409430626896, 40.419635777958028 ], [ -79.963527225113722, 40.419498739438872 ], [ -79.963715464736751, 40.419292117806698 ], [ -79.964022606436458, 40.418998117835869 ], [ -79.96421100084612, 40.418805354105665 ], [ -79.964276630606349, 40.418679884539017 ], [ -79.964374537442865, 40.418492707951842 ], [ -79.964438147971251, 40.418392036606363 ], [ -79.964562770962232, 40.418248494141167 ], [ -79.964846904786853, 40.418041941978949 ], [ -79.965083696977757, 40.41791228291379 ], [ -79.965186579595112, 40.417592405926165 ], [ -79.965135245947067, 40.4174245682145 ], [ -79.96535435479116, 40.41738974845422 ], [ -79.965495450174487, 40.417590134776411 ], [ -79.965582279664076, 40.417663380797293 ], [ -79.965738223428076, 40.417707841560315 ], [ -79.966010510061366, 40.417736808591499 ], [ -79.966419056389554, 40.417780271025237 ], [ -79.966694952357201, 40.417809620343618 ], [ -79.966819489241047, 40.417868582825342 ], [ -79.966876283196413, 40.417929703748698 ], [ -79.966908324582789, 40.418030171516214 ], [ -79.966732384306042, 40.418169897902224 ], [ -79.966640223931677, 40.418185136224238 ], [ -79.966411170534997, 40.418216499738463 ], [ -79.966052113796479, 40.418240784059741 ], [ -79.965539264424905, 40.418345554281935 ], [ -79.965168587670973, 40.418504717785432 ], [ -79.964788993804689, 40.418792385955918 ], [ -79.96455126578438, 40.419121139224409 ], [ -79.964414332960999, 40.419463166624375 ], [ -79.964292922408433, 40.419860514445709 ], [ -79.964276347506882, 40.419914760257065 ], [ -79.963924824389224, 40.420978444877342 ], [ -79.963956647129052, 40.421127055728697 ], [ -79.964615017370406, 40.421578401965135 ], [ -79.965280598841844, 40.422062067493499 ], [ -79.966283990326062, 40.422582628159049 ], [ -79.966816732295285, 40.422842780748553 ], [ -79.967010500093423, 40.42291723401609 ], [ -79.967342871206284, 40.42291814874757 ], [ -79.967538970128231, 40.422995216683503 ], [ -79.967664850134767, 40.423163130480631 ], [ -79.967826899359409, 40.42331104136926 ], [ -79.968178784759047, 40.423496306103466 ], [ -79.968647391329213, 40.42371961002474 ], [ -79.968331477918071, 40.42443051418379 ], [ -79.969731712022337, 40.424596812969178 ], [ -79.969672949768309, 40.424709533301176 ], [ -79.96840064851537, 40.42744362855364 ], [ -79.967644197040926, 40.427241986021244 ], [ -79.966084298214739, 40.426468350490616 ], [ -79.964244643430277, 40.425223091044749 ], [ -79.963100178924478, 40.426397852982653 ], [ -79.962844122183597, 40.426944122470779 ], [ -79.962467375996553, 40.427210224051599 ], [ -79.960584646258383, 40.428426762809991 ], [ -79.959068354230837, 40.42721799199132 ] ] ] } },
{ "type": "Feature", "properties": { "Ward": 14, "District": 29, "Muni_War_1": "Pittsburgh Ward 14 Dist 29", "Gainey_2021_Total": 95, "Gainey_2025_Total": 86, "OConnor_2025_Total": 219, "Peduto_2021_Total": 156 }, "geometry": { "type": "Polygon", "coordinates": [ [ [ -79.918512343591743, 40.428440535598071 ], [ -79.918552141558038, 40.428344257727964 ], [ -79.919432322097421, 40.426284072427855 ], [ -79.919498880122404, 40.426126646561734 ], [ -79.919571130324073, 40.425863269717929 ], [ -79.919955646088582, 40.42492604189853 ], [ -79.919103386176261, 40.42479153997467 ], [ -79.918866221159917, 40.424817432068885 ], [ -79.917224478896813, 40.425033401644427 ], [ -79.917159887310575, 40.424912942952894 ], [ -79.917763559170666, 40.422467371814264 ], [ -79.918374805554421, 40.422652677002844 ], [ -79.918715856422693, 40.422753170651241 ], [ -79.919514371806258, 40.423046826093035 ], [ -79.919961393979619, 40.423428939087408 ], [ -79.920200332360452, 40.424267166031548 ], [ -79.922162021915241, 40.424517067131504 ], [ -79.92391854651035, 40.424587855827085 ], [ -79.92390427056435, 40.424939334870189 ], [ -79.925853548619898, 40.424996003784372 ], [ -79.925731625213629, 40.425423469578966 ], [ -79.925342601531227, 40.425406940175591 ], [ -79.923886178791761, 40.425325722053245 ], [ -79.923124992617105, 40.427099091451709 ], [ -79.922948230313168, 40.427523558354068 ], [ -79.921208195050895, 40.429161766603087 ], [ -79.918514213162766, 40.428441083365762 ], [ -79.918512343591743, 40.428440535598071 ] ] ] } },
{ "type": "Feature", "properties": { "Ward": 17, "District": 5, "Muni_War_1": "Pittsburgh Ward 17 Dist 5", "Gainey_2021_Total": 44, "Gainey_2025_Total": 53, "OConnor_2025_Total": 89, "Peduto_2021_Total": 61 }, "geometry": { "type": "Polygon", "coordinates": [ [ [ -79.976344453398454, 40.427588583282819 ], [ -79.976554573556982, 40.425544605756301 ], [ -79.97649473959811, 40.425110703223076 ], [ -79.976613523237233, 40.425071694282998 ], [ -79.97665309106246, 40.424923341132079 ], [ -79.977114752160318, 40.424946960594667 ], [ -79.977697816582321, 40.424952805349662 ], [ -79.979046717285371, 40.424924455380236 ], [ -79.979875062769239, 40.424897228391075 ], [ -79.980098824246113, 40.424891156240754 ], [ -79.980717263713927, 40.424938043257988 ], [ -79.980865836829167, 40.425016948908947 ], [ -79.980917488287204, 40.425152816425488 ], [ -79.98104282117508, 40.425149380893025 ], [ -79.98114660513022, 40.425173315631397 ], [ -79.982383923033893, 40.425458660967855 ], [ -79.982139338498271, 40.427929242366879 ], [ -79.976344453398454, 40.427588583282819 ] ] ] } },
{ "type": "Feature", "properties": { "Ward": 14, "District": 25, "Muni_War_1": "Pittsburgh Ward 14 Dist 25", "Gainey_2021_Total": 106, "Gainey_2025_Total": 86, "OConnor_2025_Total": 335, "Peduto_2021_Total": 238 }, "geometry": { "type": "Polygon", "coordinates": [ [ [ -79.917539521714119, 40.422011236879044 ], [ -79.91753109489305, 40.422241540829049 ], [ -79.917763559170666, 40.422467371814264 ], [ -79.917159887310575, 40.424912942952894 ], [ -79.917224478896813, 40.425033401644427 ], [ -79.917098744452971, 40.425049940619566 ], [ -79.916896664105963, 40.426015630736245 ], [ -79.91611512339766, 40.427916326212447 ], [ -79.915991878189701, 40.427896670174803 ], [ -79.915556485620641, 40.427877116692891 ], [ -79.914853162813486, 40.428017891333489 ], [ -79.914726791807652, 40.428348815387196 ], [ -79.91441609286089, 40.428562117771392 ], [ -79.914256539658766, 40.428572742288459 ], [ -79.913733497428026, 40.428509259982896 ], [ -79.912464066171893, 40.428083826810251 ], [ -79.910520082887132, 40.427225265145815 ], [ -79.908026144001795, 40.426391950819898 ], [ -79.907793206610549, 40.426319610497963 ], [ -79.907644555431673, 40.426362030765453 ], [ -79.907464351869564, 40.426485182217696 ], [ -79.907105960710723, 40.427230156395204 ], [ -79.90691873479625, 40.427625446774357 ], [ -79.906691025046968, 40.427751972837108 ], [ -79.906516865599784, 40.427797439669348 ], [ -79.906298123490103, 40.427796974751203 ], [ -79.906009101540675, 40.427761782981079 ], [ -79.905882059835363, 40.427721591651157 ], [ -79.905766132968182, 40.427509152349337 ], [ -79.906195525018134, 40.426427608651217 ], [ -79.906209851710415, 40.42629966173515 ], [ -79.906108837777808, 40.426061463658534 ], [ -79.906105834461513, 40.426057008207977 ], [ -79.906170520876927, 40.426054234424299 ], [ -79.906260528176134, 40.426043685679232 ], [ -79.906353224549946, 40.426003008815968 ], [ -79.906407068437545, 40.425996734736152 ], [ -79.906504847548419, 40.425985340773941 ], [ -79.906605193246961, 40.425955333028647 ], [ -79.906710158256843, 40.425914435870347 ], [ -79.906776075650669, 40.425876088187884 ], [ -79.906848577206688, 40.425826365827874 ], [ -79.906906233645202, 40.425770913638779 ], [ -79.906963267477877, 40.425678618919228 ], [ -79.906988265066829, 40.425618625293268 ], [ -79.906984262567619, 40.425557101111465 ], [ -79.906957526207563, 40.425325623777077 ], [ -79.906948910903552, 40.425158367254262 ], [ -79.906953458074767, 40.425001404135422 ], [ -79.906980214442797, 40.42489517712756 ], [ -79.907017066253147, 40.424797040518271 ], [ -79.907095540695366, 40.424655471109276 ], [ -79.907160021490824, 40.424571493572515 ], [ -79.907225732268074, 40.424503281480497 ], [ -79.907237314968228, 40.424472459430405 ], [ -79.907233887282814, 40.424339433255128 ], [ -79.907231383354301, 40.424242270135018 ], [ -79.907238529890236, 40.424142153974252 ], [ -79.907267452731006, 40.424052945981366 ], [ -79.907326644203252, 40.423979899921839 ], [ -79.907392845346266, 40.423963142825684 ], [ -79.907507669617345, 40.423950783740359 ], [ -79.907617711297789, 40.423952681667025 ], [ -79.907739849836162, 40.424013682332486 ], [ -79.907855706914972, 40.424103875419831 ], [ -79.90789297917874, 40.424159339708183 ], [ -79.907938593956217, 40.424161293885419 ], [ -79.907997432737488, 40.42415187722915 ], [ -79.908070178154219, 40.42413098417876 ], [ -79.90821340520526, 40.424089848306892 ], [ -79.908373770353705, 40.42403611517075 ], [ -79.908501810729717, 40.423977835531183 ], [ -79.908605087287896, 40.42393082694781 ], [ -79.908688130645317, 40.423853285142663 ], [ -79.908798952286048, 40.423657760269911 ], [ -79.909138889370425, 40.423279078931472 ], [ -79.909235075775669, 40.423160580326311 ], [ -79.909605713655736, 40.422764018177148 ], [ -79.909810075018882, 40.422452429025569 ], [ -79.910075929214798, 40.422135065608053 ], [ -79.910280042369124, 40.421928038466952 ], [ -79.910431245675099, 40.421671003608232 ], [ -79.910769818069483, 40.42128081330187 ], [ -79.913461193856122, 40.422872121490087 ], [ -79.914026617929352, 40.422748343940661 ], [ -79.91424868025841, 40.422684720160142 ], [ -79.914386710171897, 40.42267561297939 ], [ -79.914594492393164, 40.422684848326504 ], [ -79.914783748063527, 40.422707081243445 ], [ -79.914896567927414, 40.42270968677974 ], [ -79.914992108078749, 40.422703826325119 ], [ -79.915094347313314, 40.422666784863701 ], [ -79.915211448935182, 40.422600713782771 ], [ -79.915350680224805, 40.422504454344867 ], [ -79.915517802392287, 40.422403601843811 ], [ -79.915732421791361, 40.42236002190576 ], [ -79.916313324661999, 40.422170908740476 ], [ -79.916621764014238, 40.422115207022465 ], [ -79.916941189158422, 40.422071816785071 ], [ -79.917309480462464, 40.422029374619129 ], [ -79.917539521714119, 40.422011236879044 ] ] ] } },
{ "type": "Feature", "properties": { "Ward": 15, "District": 9, "Muni_War_1": "Pittsburgh Ward 15 Dist 9", "Gainey_2021_Total": 27, "Gainey_2025_Total": 30, "OConnor_2025_Total": 28, "Peduto_2021_Total": 6 }, "geometry": { "type": "Polygon", "coordinates": [ [ [ -79.944601587532873, 40.425397614506146 ], [ -79.945528455234609, 40.425186763766014 ], [ -79.946006216255185, 40.425138524682239 ], [ -79.947613856415401, 40.425259524457452 ], [ -79.949188134492033, 40.425611125335493 ], [ -79.949784560596001, 40.425606666019199 ], [ -79.950530722398071, 40.425311668964326 ], [ -79.950958101027922, 40.425110140078345 ], [ -79.951012681118812, 40.424607981569658 ], [ -79.951389900594748, 40.424681251165829 ], [ -79.952035518561445, 40.424916621874594 ], [ -79.952949379358841, 40.424872169502024 ], [ -79.953551322022108, 40.425642234828608 ], [ -79.953526300268194, 40.425729830722688 ], [ -79.949087201852294, 40.427742401780407 ], [ -79.94907932022366, 40.427711661003514 ], [ -79.946951834907878, 40.427479952058988 ], [ -79.945566529209813, 40.427781142227992 ], [ -79.945218228283949, 40.427817918859674 ], [ -79.944212821605007, 40.426576403423788 ], [ -79.944601587532873, 40.425397614506146 ] ] ] } },
{ "type": "Feature", "properties": { "Ward": 19, "District": 13, "Muni_War_1": "Pittsburgh Ward 19 Dist 13", "Gainey_2021_Total": 21, "Gainey_2025_Total": 20, "OConnor_2025_Total": 47, "Peduto_2021_Total": 19 }, "geometry": { "type": "Polygon", "coordinates": [ [ [ -80.013105002163442, 40.42545413140418 ], [ -80.011546975782366, 40.425427835145911 ], [ -80.011270454554165, 40.425726973261227 ], [ -80.010762991414964, 40.425539669276283 ], [ -80.010313797991159, 40.42539920334292 ], [ -80.009646137986365, 40.425156371995214 ], [ -80.010228869927815, 40.424599482630711 ], [ -80.010091017249223, 40.424557309112146 ], [ -80.010059309962784, 40.424532119034474 ], [ -80.010018481204554, 40.424499682290197 ], [ -80.01060856397936, 40.42350561941722 ], [ -80.010862148122442, 40.422991205502896 ], [ -80.011298952295363, 40.421806293462268 ], [ -80.012578007249573, 40.4218195215362 ], [ -80.013241380206694, 40.41985229936887 ], [ -80.016096061446916, 40.42029995614805 ], [ -80.016097775314918, 40.420299815323176 ], [ -80.016109920858057, 40.420359130225577 ], [ -80.016281481917915, 40.420767929656257 ], [ -80.016519500534969, 40.421094744247689 ], [ -80.016918391283028, 40.421540058441536 ], [ -80.01719234021094, 40.42183846888453 ], [ -80.016916589774198, 40.421832118193905 ], [ -80.01672357895751, 40.421871064346789 ], [ -80.016540649558976, 40.421914351951791 ], [ -80.016340323258206, 40.422052913324229 ], [ -80.016180758305467, 40.422167055299418 ], [ -80.018287396999824, 40.424323205822482 ], [ -80.018450609580015, 40.424337572124792 ], [ -80.018618713204617, 40.424344157585502 ], [ -80.019107254253811, 40.424222121661167 ], [ -80.019429052547068, 40.42409523500811 ], [ -80.019893647129209, 40.423890655593006 ], [ -80.020243822508121, 40.4237776935244 ], [ -80.020534077217974, 40.423640310205592 ], [ -80.020730923368319, 40.423564233353822 ], [ -80.021013976564944, 40.42353687435272 ], [ -80.021279050381935, 40.423680863898269 ], [ -80.021317824019377, 40.423857137825905 ], [ -80.021354427985429, 40.42417847034514 ], [ -80.021342180251054, 40.424506919055915 ], [ -80.021228644454041, 40.424767483457195 ], [ -80.021008596670029, 40.425126257213684 ], [ -80.02027159789867, 40.425376959388728 ], [ -80.019183262463386, 40.425671797027981 ], [ -80.018765271140211, 40.425809921246582 ], [ -80.018053836444764, 40.426143874087494 ], [ -80.017648735675934, 40.426361736235094 ], [ -80.017413651080204, 40.426020131296838 ], [ -80.017173070876467, 40.425662214190993 ], [ -80.016953277469256, 40.425417043710631 ], [ -80.015996303398609, 40.42546594218237 ], [ -80.014802349843308, 40.425498333825288 ], [ -80.013391153816187, 40.425461584974634 ], [ -80.013105002163442, 40.42545413140418 ] ] ] } },
{ "type": "Feature", "properties": { "Ward": 15, "District": 4, "Muni_War_1": "Pittsburgh Ward 15 Dist 4", "Gainey_2021_Total": 85, "Gainey_2025_Total": 92, "OConnor_2025_Total": 137, "Peduto_2021_Total": 95 }, "geometry": { "type": "Polygon", "coordinates": [ [ [ -79.928563319918609, 40.426647008974967 ], [ -79.929049813392794, 40.425161516539738 ], [ -79.9314001244108, 40.425927530286422 ], [ -79.932714615215204, 40.423938998141296 ], [ -79.933366081932661, 40.424210539169472 ], [ -79.933494264513783, 40.42382764602808 ], [ -79.936327646982761, 40.424019642671794 ], [ -79.936324227099774, 40.424172761846883 ], [ -79.935708140129407, 40.42433843565469 ], [ -79.935300970748244, 40.424419418097557 ], [ -79.935588617269616, 40.425066064107533 ], [ -79.935749766300432, 40.425867632759548 ], [ -79.932425429858625, 40.427425673688191 ], [ -79.9320789983731, 40.427435048480682 ], [ -79.931065781429012, 40.42743107291691 ], [ -79.930322727797687, 40.427319242413603 ], [ -79.929445417797538, 40.427005884227768 ], [ -79.928563319918609, 40.426647008974967 ] ] ] } },
{ "type": "Feature", "properties": { "Ward": 17, "District": 8, "Muni_War_1": "Pittsburgh Ward 17 Dist 8", "Gainey_2021_Total": 39, "Gainey_2025_Total": 25, "OConnor_2025_Total": 78, "Peduto_2021_Total": 38 }, "geometry": { "type": "Polygon", "coordinates": [ [ [ -79.986274072015888, 40.425759410274559 ], [ -79.982383923033893, 40.425458660967855 ], [ -79.98114660513022, 40.425173315631397 ], [ -79.98104282117508, 40.425149380893025 ], [ -79.980917488287204, 40.425152816425488 ], [ -79.980865836829167, 40.425016948908947 ], [ -79.980717263713927, 40.424938043257988 ], [ -79.980098824246113, 40.424891156240754 ], [ -79.979875062769239, 40.424897228391075 ], [ -79.979046717285371, 40.424924455380236 ], [ -79.977697816582321, 40.424952805349662 ], [ -79.977114752160318, 40.424946960594667 ], [ -79.97665309106246, 40.424923341132079 ], [ -79.976682945130577, 40.424464737688112 ], [ -79.976716477278728, 40.424108566827627 ], [ -79.976735992670811, 40.423624745230228 ], [ -79.9767589532252, 40.423563707022936 ], [ -79.977073440304011, 40.423638043769159 ], [ -79.97757940504458, 40.423746380538034 ], [ -79.977694560738215, 40.423746784362294 ], [ -79.977704292246457, 40.423461662002033 ], [ -79.978369743993383, 40.423614314106075 ], [ -79.979065662498101, 40.423767796184073 ], [ -79.979081262621563, 40.423543280385921 ], [ -79.979091015990832, 40.423402907605727 ], [ -79.979442821677935, 40.423364324433827 ], [ -79.979936091507724, 40.423384653163339 ], [ -79.980340917844842, 40.42341218172372 ], [ -79.980544923111381, 40.423426053470521 ], [ -79.98065862906607, 40.423308589878452 ], [ -79.980736241852199, 40.423148306198875 ], [ -79.980835306041172, 40.423142531264403 ], [ -79.981028831078305, 40.423177537309051 ], [ -79.981595262284614, 40.423279993469741 ], [ -79.982199161433925, 40.423346989600901 ], [ -79.982803037788955, 40.423418921652825 ], [ -79.983516480116123, 40.423524022494853 ], [ -79.98411306507785, 40.423607516362999 ], [ -79.983993295024689, 40.4240323578926 ], [ -79.984158576059329, 40.424046150509405 ], [ -79.984380220642137, 40.424039461409642 ], [ -79.984721639198028, 40.424092303141471 ], [ -79.985124049385448, 40.424168464198409 ], [ -79.9857913247032, 40.424261299651775 ], [ -79.985981563000962, 40.424263245709206 ], [ -79.986121232236229, 40.424140019276628 ], [ -79.986241199423503, 40.424034173610551 ], [ -79.986420876220279, 40.423994397358804 ], [ -79.986662826110262, 40.42373314489469 ], [ -79.986977896328469, 40.423443304657283 ], [ -79.987320092272682, 40.423197585760001 ], [ -79.98769372758143, 40.422980031827471 ], [ -79.98803014297512, 40.422909501412988 ], [ -79.988306355128216, 40.422881531854756 ], [ -79.988671444855925, 40.422844561207548 ], [ -79.988600273115793, 40.42314882058924 ], [ -79.988538841085102, 40.423319942069199 ], [ -79.988357108359821, 40.423472948018137 ], [ -79.988203085144079, 40.423640934483338 ], [ -79.988048723961754, 40.423784822440275 ], [ -79.988000412613559, 40.423939783475653 ], [ -79.987802639881551, 40.42425982132864 ], [ -79.987754237030614, 40.42462574649727 ], [ -79.987738470642356, 40.424789647939974 ], [ -79.987674297141368, 40.425183092246556 ], [ -79.987568266518139, 40.42568555983739 ], [ -79.987497645377616, 40.426016260988185 ], [ -79.987360339329413, 40.42598199214541 ], [ -79.987067756333587, 40.425908969636026 ], [ -79.986661407304723, 40.425825145625055 ], [ -79.986274072015888, 40.425759410274559 ] ] ] } },
{ "type": "Feature", "properties": { "Ward": 18, "District": 7, "Muni_War_1": "Pittsburgh Ward 18 Dist 7", "Gainey_2021_Total": 46, "Gainey_2025_Total": 41, "OConnor_2025_Total": 42, "Peduto_2021_Total": 24 }, "geometry": { "type": "Polygon", "coordinates": [ [ [ -79.997491265998548, 40.424628767913688 ], [ -79.997419027281452, 40.422405708437012 ], [ -80.000761858207994, 40.42242206228989 ], [ -80.001104194704581, 40.424942905407775 ], [ -80.001191968175689, 40.424940405948711 ], [ -80.001121682165461, 40.425063210867428 ], [ -80.001180770856493, 40.425609265508079 ], [ -79.997526834902288, 40.425723311138576 ], [ -79.997491265998548, 40.424628767913688 ] ] ] } },
{ "type": "Feature", "properties": { "Ward": 15, "District": 2, "Muni_War_1": "Pittsburgh Ward 15 Dist 2", "Gainey_2021_Total": 83, "Gainey_2025_Total": 82, "OConnor_2025_Total": 148, "Peduto_2021_Total": 81 }, "geometry": { "type": "Polygon", "coordinates": [ [ [ -79.925731625213629, 40.425423469578966 ], [ -79.925853548619898, 40.424996003784372 ], [ -79.926284895573303, 40.423542103160585 ], [ -79.926262526747308, 40.423085256907719 ], [ -79.92769975008278, 40.423040570770262 ], [ -79.927964067621531, 40.42308142411725 ], [ -79.929613007644107, 40.423437317173878 ], [ -79.929956734259278, 40.422763900089301 ], [ -79.931703276324413, 40.423510356522215 ], [ -79.932714615215204, 40.423938998141296 ], [ -79.9314001244108, 40.425927530286422 ], [ -79.929049813392794, 40.425161516539738 ], [ -79.928563319918609, 40.426647008974967 ], [ -79.92758929862147, 40.426319951290068 ], [ -79.927096603798418, 40.426764546323447 ], [ -79.926733810034719, 40.426362288284935 ], [ -79.926685723929822, 40.426152537242345 ], [ -79.926458579064985, 40.425821824995673 ], [ -79.925731625213629, 40.425423469578966 ] ] ] } },
{ "type": "Feature", "properties": { "Ward": 14, "District": 27, "Muni_War_1": "Pittsburgh Ward 14 Dist 27", "Gainey_2021_Total": 83, "Gainey_2025_Total": 81, "OConnor_2025_Total": 167, "Peduto_2021_Total": 127 }, "geometry": { "type": "Polygon", "coordinates": [ [ [ -79.899043583526222, 40.418869160757104 ], [ -79.900009768142127, 40.418978258001054 ], [ -79.900544642820904, 40.419029981189475 ], [ -79.901393501757411, 40.419371390509099 ], [ -79.900044783791429, 40.421058492941917 ], [ -79.904224820926416, 40.422997000239178 ], [ -79.904735966614737, 40.42423673148307 ], [ -79.905211950775637, 40.424907058827891 ], [ -79.905687692318779, 40.425488724569895 ], [ -79.906000655193026, 40.42590100010576 ], [ -79.906105834461513, 40.426057008207977 ], [ -79.906108837777808, 40.426061463658534 ], [ -79.905909032170399, 40.426083962529617 ], [ -79.905673427150447, 40.426226998096475 ], [ -79.905483017143837, 40.426298095172555 ], [ -79.905315938214045, 40.426320865272665 ], [ -79.905179489657968, 40.42634733923164 ], [ -79.905119555353707, 40.426345003330376 ], [ -79.905003081132548, 40.426222387252828 ], [ -79.904930820098713, 40.426172248331504 ], [ -79.904743990617632, 40.426115398812208 ], [ -79.90447664431008, 40.426091097652908 ], [ -79.904144757869688, 40.426098259056602 ], [ -79.903863734270786, 40.426145563030239 ], [ -79.903580782611712, 40.426239983773968 ], [ -79.903313788236701, 40.426320977305281 ], [ -79.903090538964065, 40.42641502009095 ], [ -79.902906504850634, 40.426513065705642 ], [ -79.902619250557251, 40.426682140783683 ], [ -79.902441633723484, 40.426827451155049 ], [ -79.902301172544696, 40.426965117164144 ], [ -79.902206071844702, 40.427041328359294 ], [ -79.902071905720561, 40.427124771326092 ], [ -79.90186592390161, 40.427193041704285 ], [ -79.901707034259459, 40.427208189493058 ], [ -79.901466915633918, 40.427265999034063 ], [ -79.901508374287857, 40.427222176855395 ], [ -79.901351634652229, 40.427229152981162 ], [ -79.900870565478954, 40.427219157468656 ], [ -79.900428501541597, 40.427210169930795 ], [ -79.900025983912087, 40.427155282151247 ], [ -79.899777879274026, 40.427098037939146 ], [ -79.899606956594255, 40.42704156432648 ], [ -79.899410767152958, 40.42700876298295 ], [ -79.898805914886225, 40.426943788823436 ], [ -79.898359581105595, 40.42640172987101 ], [ -79.898049501254988, 40.426201910010107 ], [ -79.897836420822543, 40.426113753479179 ], [ -79.897455943679546, 40.425997708733661 ], [ -79.897416453185855, 40.425964791257677 ], [ -79.897491198413618, 40.425931572915964 ], [ -79.898929401316863, 40.418861032146786 ], [ -79.899043583526222, 40.418869160757104 ] ] ] } },
{ "type": "Feature", "properties": { "Ward": 15, "District": 7, "Muni_War_1": "Pittsburgh Ward 15 Dist 7", "Gainey_2021_Total": 97, "Gainey_2025_Total": 113, "OConnor_2025_Total": 166, "Peduto_2021_Total": 109 }, "geometry": { "type": "Polygon", "coordinates": [ [ [ -79.936324227099774, 40.424172761846883 ], [ -79.936327646982761, 40.424019642671794 ], [ -79.937761967641165, 40.419534744423672 ], [ -79.937851152265083, 40.419521248655613 ], [ -79.938009563386828, 40.419116067063023 ], [ -79.941039183930698, 40.418870640977104 ], [ -79.941286158295668, 40.420349831241722 ], [ -79.940454121705699, 40.420436744771798 ], [ -79.940480042997493, 40.423282841540995 ], [ -79.939813048626021, 40.423280812739449 ], [ -79.93978789825286, 40.426186998806187 ], [ -79.939172391563815, 40.42625116209291 ], [ -79.938829646397892, 40.426176222159683 ], [ -79.93863344921607, 40.426067511766135 ], [ -79.938417611505599, 40.425851548368485 ], [ -79.938279098383063, 40.425523292745538 ], [ -79.938152296063109, 40.425209810088226 ], [ -79.937780550737514, 40.424619147883448 ], [ -79.937318194119342, 40.424225158404923 ], [ -79.936898371322755, 40.42408204245865 ], [ -79.936334763142511, 40.424169928328475 ], [ -79.936324227099774, 40.424172761846883 ] ] ] } },
{ "type": "Feature", "properties": { "Ward": 18, "District": 6, "Muni_War_1": "Pittsburgh Ward 18 Dist 6", "Gainey_2021_Total": 26, "Gainey_2025_Total": 42, "OConnor_2025_Total": 32, "Peduto_2021_Total": 24 }, "geometry": { "type": "Polygon", "coordinates": [ [ [ -79.997419027281452, 40.422405708437012 ], [ -79.997394174815227, 40.421648115833449 ], [ -79.997286422114385, 40.418363163356105 ], [ -79.997764231397369, 40.418356090585647 ], [ -79.997784656343967, 40.418740118732757 ], [ -79.998360465177342, 40.418728998844799 ], [ -79.998348702850549, 40.418349007456953 ], [ -79.998826814501967, 40.418344077513773 ], [ -79.998836559039304, 40.418706166200757 ], [ -79.998897168409385, 40.42064071686417 ], [ -80.000506356691474, 40.420618866795095 ], [ -80.000508684702965, 40.420688670514672 ], [ -80.002451181675539, 40.420652529602307 ], [ -80.002486199656886, 40.42102889183662 ], [ -80.002358854004029, 40.421032104461965 ], [ -80.002467495311606, 40.421773567391213 ], [ -80.002008558479886, 40.421775134598249 ], [ -80.002265637975725, 40.423866359313543 ], [ -80.001442753370867, 40.423836661770736 ], [ -80.001552895733937, 40.424930127512482 ], [ -80.001191968175689, 40.424940405948711 ], [ -80.001104194704581, 40.424942905407775 ], [ -80.000761858207994, 40.42242206228989 ], [ -79.997419027281452, 40.422405708437012 ] ] ] } },
{ "type": "Feature", "properties": { "Ward": 15, "District": 17, "Muni_War_1": "Pittsburgh Ward 15 Dist 17", "Gainey_2021_Total": 3, "Gainey_2025_Total": 6, "OConnor_2025_Total": 1, "Peduto_2021_Total": 0 }, "geometry": { "type": "Polygon", "coordinates": [ [ [ -79.953551322022108, 40.425642234828608 ], [ -79.952949379358841, 40.424872169502024 ], [ -79.952035518561445, 40.424916621874594 ], [ -79.951389900594748, 40.424681251165829 ], [ -79.951012681118812, 40.424607981569658 ], [ -79.950845635695629, 40.424226900557876 ], [ -79.950273403266849, 40.423367550009111 ], [ -79.948977637353408, 40.421918039606197 ], [ -79.9478989138657, 40.420332927770531 ], [ -79.946168865809568, 40.418382637031272 ], [ -79.944360618688478, 40.416731130057777 ], [ -79.943601765498443, 40.415306977930335 ], [ -79.943925234076858, 40.415191645046356 ], [ -79.946275992686012, 40.414490788711994 ], [ -79.953150789246408, 40.412581579710242 ], [ -79.953271716530054, 40.414546899259612 ], [ -79.953344627391303, 40.416780097429665 ], [ -79.953399027084743, 40.418446036839725 ], [ -79.953422978627316, 40.419179727921282 ], [ -79.95378722700778, 40.420355148974394 ], [ -79.954430279556888, 40.4221507194721 ], [ -79.954982073025292, 40.422893912849609 ], [ -79.956167052640126, 40.424489854935246 ], [ -79.953586345924776, 40.425687040046867 ], [ -79.953551322022108, 40.425642234828608 ] ] ] } },
{ "type": "Feature", "properties": { "Ward": 15, "District": 11, "Muni_War_1": "Pittsburgh Ward 15 Dist 11", "Gainey_2021_Total": 57, "Gainey_2025_Total": 53, "OConnor_2025_Total": 125, "Peduto_2021_Total": 64 }, "geometry": { "type": "Polygon", "coordinates": [ [ [ -79.944601587532873, 40.425397614506146 ], [ -79.943901923112563, 40.425316942301116 ], [ -79.943857204892865, 40.42531642034406 ], [ -79.945040110620042, 40.424050079095167 ], [ -79.945670783907914, 40.423694777414987 ], [ -79.944266992890562, 40.420411923207539 ], [ -79.941749809720221, 40.419194887248523 ], [ -79.941730621321057, 40.41901824329819 ], [ -79.941568778675503, 40.418432155785425 ], [ -79.94145508025089, 40.417835030781859 ], [ -79.941559983805803, 40.416930684872838 ], [ -79.941074620944377, 40.41577127359151 ], [ -79.942256927271202, 40.41548368202443 ], [ -79.942396873404988, 40.415736575540713 ], [ -79.943601765498443, 40.415306977930335 ], [ -79.944360618688478, 40.416731130057777 ], [ -79.946168865809568, 40.418382637031272 ], [ -79.9478989138657, 40.420332927770531 ], [ -79.948977637353408, 40.421918039606197 ], [ -79.950273403266849, 40.423367550009111 ], [ -79.950845635695629, 40.424226900557876 ], [ -79.951012681118812, 40.424607981569658 ], [ -79.950958101027922, 40.425110140078345 ], [ -79.950530722398071, 40.425311668964326 ], [ -79.949784560596001, 40.425606666019199 ], [ -79.949188134492033, 40.425611125335493 ], [ -79.947613856415401, 40.425259524457452 ], [ -79.946006216255185, 40.425138524682239 ], [ -79.945528455234609, 40.425186763766014 ], [ -79.944601587532873, 40.425397614506146 ] ] ] } },
{ "type": "Feature", "properties": { "Ward": 19, "District": 11, "Muni_War_1": "Pittsburgh Ward 19 Dist 11", "Gainey_2021_Total": 15, "Gainey_2025_Total": 23, "OConnor_2025_Total": 52, "Peduto_2021_Total": 23 }, "geometry": { "type": "Polygon", "coordinates": [ [ [ -80.004954934037016, 40.422440519172277 ], [ -80.004780487424725, 40.420795098073789 ], [ -80.006059789959522, 40.420601420249497 ], [ -80.007192031338462, 40.420254170160895 ], [ -80.00800596460013, 40.419977318914711 ], [ -80.008775075783049, 40.419743553688164 ], [ -80.00958927670689, 40.419220238598776 ], [ -80.011309247743966, 40.419781673375091 ], [ -80.010815256641649, 40.420516379516002 ], [ -80.010575328334795, 40.421010929529245 ], [ -80.010334388547008, 40.421783123718058 ], [ -80.011298952295363, 40.421806293462268 ], [ -80.010862148122442, 40.422991205502896 ], [ -80.01060856397936, 40.42350561941722 ], [ -80.010018481204554, 40.424499682290197 ], [ -80.010059309962784, 40.424532119034474 ], [ -80.009916129192092, 40.424501169165879 ], [ -80.009117578629684, 40.42425961689591 ], [ -80.009538902923268, 40.42353667017359 ], [ -80.009054599103024, 40.423426738928946 ], [ -80.006004946904099, 40.423084957424585 ], [ -80.005907330737116, 40.42254291784328 ], [ -80.004954934037016, 40.422440519172277 ] ] ] } },
{ "type": "Feature", "properties": { "Ward": 16, "District": 5, "Muni_War_1": "Pittsburgh Ward 16 Dist 5", "Gainey_2021_Total": 52, "Gainey_2025_Total": 63, "OConnor_2025_Total": 80, "Peduto_2021_Total": 53 }, "geometry": { "type": "Polygon", "coordinates": [ [ [ -79.973378148592104, 40.424934769436717 ], [ -79.969731712022337, 40.424596812969178 ], [ -79.968331477918071, 40.42443051418379 ], [ -79.968647391329213, 40.42371961002474 ], [ -79.968178784759047, 40.423496306103466 ], [ -79.967826899359409, 40.42331104136926 ], [ -79.967664850134767, 40.423163130480631 ], [ -79.967538970128231, 40.422995216683503 ], [ -79.967342871206284, 40.42291814874757 ], [ -79.967010500093423, 40.42291723401609 ], [ -79.966816732295285, 40.422842780748553 ], [ -79.966283990326062, 40.422582628159049 ], [ -79.965280598841844, 40.422062067493499 ], [ -79.964615017370406, 40.421578401965135 ], [ -79.963956647129052, 40.421127055728697 ], [ -79.963924824389224, 40.420978444877342 ], [ -79.964276347506882, 40.419914760257065 ], [ -79.964292922408433, 40.419860514445709 ], [ -79.964324491014139, 40.419940378107555 ], [ -79.96439378284434, 40.420348034042227 ], [ -79.964447635242024, 40.420679250348059 ], [ -79.964517920329669, 40.420809274782819 ], [ -79.964586747796147, 40.420867507657462 ], [ -79.964687625401695, 40.420918819958281 ], [ -79.96482583087878, 40.420989120448681 ], [ -79.964984550753712, 40.421069854156329 ], [ -79.965199761668146, 40.421141067764466 ], [ -79.965439094719727, 40.421171209693256 ], [ -79.96553957139507, 40.421163640625061 ], [ -79.965693216482805, 40.421096852581492 ], [ -79.965753953872394, 40.421031758936195 ], [ -79.965817229231334, 40.420890967474037 ], [ -79.96587197471176, 40.420769154337322 ], [ -79.965928381068835, 40.420638303271119 ], [ -79.966106491357195, 40.420225120448691 ], [ -79.966498756513317, 40.419315118678846 ], [ -79.966750019646867, 40.419349253989516 ], [ -79.967014902914826, 40.419398743133165 ], [ -79.967133196498438, 40.419420844233926 ], [ -79.967235049900907, 40.419527437585863 ], [ -79.967382925649048, 40.419640612139602 ], [ -79.967835410510432, 40.419970204582619 ], [ -79.96809469248484, 40.420152273387153 ], [ -79.968435199502295, 40.420396237697368 ], [ -79.968787306614132, 40.420599158704043 ], [ -79.969030283306239, 40.420749890909789 ], [ -79.969218369276803, 40.4208838280435 ], [ -79.969498529173862, 40.421093309965592 ], [ -79.970169732650987, 40.421595178154035 ], [ -79.970529444299743, 40.421864134288825 ], [ -79.970777803814926, 40.422089482583488 ], [ -79.970821615905564, 40.422070041803543 ], [ -79.970885894662146, 40.422062743236033 ], [ -79.970932184534874, 40.4220574877085 ], [ -79.970989761720347, 40.422061423906776 ], [ -79.971148990081019, 40.42209598860569 ], [ -79.971296882882044, 40.422128092741197 ], [ -79.971422437042378, 40.42216309012754 ], [ -79.971674387630486, 40.422155150683004 ], [ -79.972182426049329, 40.422145319218316 ], [ -79.972687479594867, 40.422144428281932 ], [ -79.972838494876058, 40.422154353885581 ], [ -79.973460077720546, 40.422195207157387 ], [ -79.973954830680782, 40.422227721532003 ], [ -79.973847098458478, 40.423196944238633 ], [ -79.975423182874891, 40.423279313460789 ], [ -79.975522036699473, 40.423284479279687 ], [ -79.9767589532252, 40.423563707022936 ], [ -79.976735992670811, 40.423624745230228 ], [ -79.976716477278728, 40.424108566827627 ], [ -79.976682945130577, 40.424464737688112 ], [ -79.97665309106246, 40.424923341132079 ], [ -79.976613523237233, 40.425071694282998 ], [ -79.97649473959811, 40.425110703223076 ], [ -79.973378148592104, 40.424934769436717 ] ] ] } },
{ "type": "Feature", "properties": { "Ward": 15, "District": 10, "Muni_War_1": "Pittsburgh Ward 15 Dist 10", "Gainey_2021_Total": 74, "Gainey_2025_Total": 90, "OConnor_2025_Total": 140, "Peduto_2021_Total": 79 }, "geometry": { "type": "Polygon", "coordinates": [ [ [ -79.940480042997493, 40.423282841540995 ], [ -79.940454121705699, 40.420436744771798 ], [ -79.941286158295668, 40.420349831241722 ], [ -79.941039183930698, 40.418870640977104 ], [ -79.941749838488789, 40.419195156062322 ], [ -79.941749809720221, 40.419194887248523 ], [ -79.944266992890562, 40.420411923207539 ], [ -79.945670783907914, 40.423694777414987 ], [ -79.945040110620042, 40.424050079095167 ], [ -79.943857204892865, 40.42531642034406 ], [ -79.943457122876808, 40.425311745195373 ], [ -79.943213748135548, 40.4253409069821 ], [ -79.942805617551386, 40.423285489345474 ], [ -79.940480042997493, 40.423282841540995 ] ] ] } },
{ "type": "Feature", "properties": { "Ward": 19, "District": 12, "Muni_War_1": "Pittsburgh Ward 19 Dist 12", "Gainey_2021_Total": 28, "Gainey_2025_Total": 31, "OConnor_2025_Total": 117, "Peduto_2021_Total": 57 }, "geometry": { "type": "Polygon", "coordinates": [ [ [ -80.01719234021094, 40.42183846888453 ], [ -80.016918391283028, 40.421540058441536 ], [ -80.016519500534969, 40.421094744247689 ], [ -80.016281481917915, 40.420767929656257 ], [ -80.016109920858057, 40.420359130225577 ], [ -80.016097775314918, 40.420299815323176 ], [ -80.016055144930078, 40.420091624094233 ], [ -80.016060008042558, 40.419663521654869 ], [ -80.016169215900447, 40.419026227653198 ], [ -80.016141292454137, 40.418601493479258 ], [ -80.016028157852986, 40.418124568551278 ], [ -80.01586124956745, 40.417628584161235 ], [ -80.015675942658049, 40.416963503439383 ], [ -80.016759990937757, 40.416870707805636 ], [ -80.017544603703271, 40.416804644701031 ], [ -80.018260847104074, 40.416937231304722 ], [ -80.019510202864268, 40.41707144076765 ], [ -80.020052810118756, 40.417075023985149 ], [ -80.021013017045746, 40.41703727169714 ], [ -80.022059946747788, 40.417054441926915 ], [ -80.023124495223826, 40.416917337198655 ], [ -80.023164826744207, 40.416912142706558 ], [ -80.023456124719686, 40.416911592923825 ], [ -80.024076395891356, 40.416910418842406 ], [ -80.024684056488127, 40.416978797019446 ], [ -80.0250054470077, 40.417031228501763 ], [ -80.025176261698263, 40.417059094580971 ], [ -80.025089144721903, 40.416829099638704 ], [ -80.025060449940511, 40.416647684974585 ], [ -80.025034202363699, 40.416335338980993 ], [ -80.027729086502561, 40.416228600993044 ], [ -80.02781591341089, 40.417186462878519 ], [ -80.028065989617474, 40.417149392212529 ], [ -80.028550236317741, 40.417131844340616 ], [ -80.027114458463004, 40.417290442666442 ], [ -80.026691855379269, 40.420464621356217 ], [ -80.026355862789913, 40.422291956055382 ], [ -80.026181308796296, 40.423583245739486 ], [ -80.02533880929083, 40.423451648360292 ], [ -80.025035396182005, 40.423457355261569 ], [ -80.024372243147255, 40.42346330089029 ], [ -80.023527312417485, 40.423429939638403 ], [ -80.022602592389859, 40.423393421168939 ], [ -80.023070043762118, 40.420612054763119 ], [ -80.022086431003856, 40.420626914435388 ], [ -80.020761480821932, 40.420648318017093 ], [ -80.01945246576372, 40.420674103187999 ], [ -80.019324881710318, 40.420676615810883 ], [ -80.018796804836157, 40.421146235483803 ], [ -80.018618558164533, 40.422216610407979 ], [ -80.018368836056482, 40.422301760566356 ], [ -80.018232852049636, 40.422348128097042 ], [ -80.017945987067506, 40.422309686814287 ], [ -80.017434409207524, 40.421979434735455 ], [ -80.01719234021094, 40.42183846888453 ] ] ] } },
{ "type": "Feature", "properties": { "Ward": 17, "District": 7, "Muni_War_1": "Pittsburgh Ward 17 Dist 7", "Gainey_2021_Total": 32, "Gainey_2025_Total": 31, "OConnor_2025_Total": 46, "Peduto_2021_Total": 36 }, "geometry": { "type": "Polygon", "coordinates": [ [ [ -79.977704292246457, 40.423461662002033 ], [ -79.9777242944444, 40.423183255807508 ], [ -79.97776827822139, 40.423064009922456 ], [ -79.977834296442254, 40.422943903082547 ], [ -79.977939240897584, 40.4227996632561 ], [ -79.978081908581501, 40.422612610421886 ], [ -79.978225916758547, 40.42243304935505 ], [ -79.978340063386142, 40.422294308060494 ], [ -79.978465512037246, 40.422184317236635 ], [ -79.979119474400463, 40.421809084048668 ], [ -79.979552501480043, 40.421555761195052 ], [ -79.979912786707402, 40.421343538836155 ], [ -79.980170597195226, 40.421212311381026 ], [ -79.980473132694669, 40.421103870564004 ], [ -79.980756284767224, 40.421013812676733 ], [ -79.980914791336119, 40.420978678782397 ], [ -79.981098384363563, 40.420952587867376 ], [ -79.981299799997359, 40.421018547382317 ], [ -79.982252865686092, 40.421364583990105 ], [ -79.983135697029937, 40.421682436170805 ], [ -79.983519898433244, 40.421818971939096 ], [ -79.98386569844169, 40.421941859275371 ], [ -79.984151266770581, 40.421731019584136 ], [ -79.984486874713625, 40.421484157196403 ], [ -79.984653946024395, 40.421365787862534 ], [ -79.984885361636188, 40.421228973939115 ], [ -79.985078046090536, 40.421144604018664 ], [ -79.98524703221868, 40.421070610077642 ], [ -79.985307156066625, 40.421297703384042 ], [ -79.985333861191137, 40.421398567988675 ], [ -79.985373260997306, 40.42142401760055 ], [ -79.985330774348341, 40.421524293138987 ], [ -79.985339334948932, 40.421604336362691 ], [ -79.985359402333643, 40.42179197684046 ], [ -79.988015525165153, 40.421617278163218 ], [ -79.98818927057404, 40.421604096168622 ], [ -79.988253814651273, 40.422285817024026 ], [ -79.988309556748717, 40.422874569086659 ], [ -79.988306355128216, 40.422881531854756 ], [ -79.98803014297512, 40.422909501412988 ], [ -79.98769372758143, 40.422980031827471 ], [ -79.987320092272682, 40.423197585760001 ], [ -79.986977896328469, 40.423443304657283 ], [ -79.986662826110262, 40.42373314489469 ], [ -79.986420876220279, 40.423994397358804 ], [ -79.986241199423503, 40.424034173610551 ], [ -79.986121232236229, 40.424140019276628 ], [ -79.985981563000962, 40.424263245709206 ], [ -79.9857913247032, 40.424261299651775 ], [ -79.985124049385448, 40.424168464198409 ], [ -79.984721639198028, 40.424092303141471 ], [ -79.984380220642137, 40.424039461409642 ], [ -79.984158576059329, 40.424046150509405 ], [ -79.983993295024689, 40.4240323578926 ], [ -79.98411306507785, 40.423607516362999 ], [ -79.983516480116123, 40.423524022494853 ], [ -79.982803037788955, 40.423418921652825 ], [ -79.982199161433925, 40.423346989600901 ], [ -79.981595262284614, 40.423279993469741 ], [ -79.981028831078305, 40.423177537309051 ], [ -79.980835306041172, 40.423142531264403 ], [ -79.980736241852199, 40.423148306198875 ], [ -79.98065862906607, 40.423308589878452 ], [ -79.980544923111381, 40.423426053470521 ], [ -79.980340917844842, 40.42341218172372 ], [ -79.979936091507724, 40.423384653163339 ], [ -79.979442821677935, 40.423364324433827 ], [ -79.979091015990832, 40.423402907605727 ], [ -79.979081262621563, 40.423543280385921 ], [ -79.979065662498101, 40.423767796184073 ], [ -79.978369743993383, 40.423614314106075 ], [ -79.977704292246457, 40.423461662002033 ] ] ] } },
{ "type": "Feature", "properties": { "Ward": 16, "District": 4, "Muni_War_1": "Pittsburgh Ward 16 Dist 4", "Gainey_2021_Total": 24, "Gainey_2025_Total": 28, "OConnor_2025_Total": 55, "Peduto_2021_Total": 30 }, "geometry": { "type": "Polygon", "coordinates": [ [ [ -79.972687479594867, 40.422144428281932 ], [ -79.972426250068565, 40.420910457021989 ], [ -79.972354921855811, 40.4206264299265 ], [ -79.972855006675942, 40.417434550818939 ], [ -79.974519673695823, 40.41725139535356 ], [ -79.975012631830694, 40.417197342295829 ], [ -79.975343018256524, 40.417161703299563 ], [ -79.975698924433885, 40.417128159882942 ], [ -79.976024818544516, 40.417164956735114 ], [ -79.976342581875173, 40.417467827651656 ], [ -79.976522105761305, 40.417634093820247 ], [ -79.976582122704087, 40.417682282590519 ], [ -79.976677932317813, 40.417727889575524 ], [ -79.976775300140233, 40.417754060646701 ], [ -79.97698372750753, 40.41778057800223 ], [ -79.977366523792867, 40.417820475856963 ], [ -79.977759415301534, 40.417861424583315 ], [ -79.978306620885405, 40.41791845441967 ], [ -79.978565949876995, 40.417937233184716 ], [ -79.978807752916879, 40.417953291033406 ], [ -79.978915525021378, 40.417965687857887 ], [ -79.979130021319762, 40.418004284861588 ], [ -79.979252464585329, 40.418021068422014 ], [ -79.979370257720689, 40.418032063365978 ], [ -79.97939798668736, 40.418034538064781 ], [ -79.979387485682778, 40.418117629608524 ], [ -79.9793804574403, 40.418335097559108 ], [ -79.979378616514396, 40.418392046053157 ], [ -79.979406455785167, 40.418487014468809 ], [ -79.979405324983148, 40.418648765507101 ], [ -79.979402374084245, 40.419070854031133 ], [ -79.979397277290943, 40.419800041829625 ], [ -79.97936664877642, 40.420009523034096 ], [ -79.979340716304648, 40.42009934280081 ], [ -79.979220881049585, 40.420196731221544 ], [ -79.979071817551883, 40.420245474845728 ], [ -79.976916301529002, 40.420950302583748 ], [ -79.976836017951925, 40.420953481634072 ], [ -79.976764868929777, 40.420988575595963 ], [ -79.97659872825345, 40.422037355311865 ], [ -79.976893771375259, 40.422063931527163 ], [ -79.976804094160713, 40.423009681603936 ], [ -79.976779497045399, 40.423269089268388 ], [ -79.976682768441734, 40.4234000942959 ], [ -79.976810752924862, 40.423447743239279 ], [ -79.9767589532252, 40.423563707022936 ], [ -79.975522036699473, 40.423284479279687 ], [ -79.975423182874891, 40.423279313460789 ], [ -79.973847098458478, 40.423196944238633 ], [ -79.973954830680782, 40.422227721532003 ], [ -79.973460077720546, 40.422195207157387 ], [ -79.972838494876058, 40.422154353885581 ], [ -79.972687479594867, 40.422144428281932 ] ] ] } },
{ "type": "Feature", "properties": { "Ward": 15, "District": 6, "Muni_War_1": "Pittsburgh Ward 15 Dist 6", "Gainey_2021_Total": 101, "Gainey_2025_Total": 96, "OConnor_2025_Total": 125, "Peduto_2021_Total": 65 }, "geometry": { "type": "Polygon", "coordinates": [ [ [ -79.932714615215204, 40.423938998141296 ], [ -79.931703276324413, 40.423510356522215 ], [ -79.93251111206672, 40.422340470863574 ], [ -79.932415238472586, 40.422000596377131 ], [ -79.933797367312721, 40.421800117685983 ], [ -79.93322979864962, 40.420220486182814 ], [ -79.937761967641165, 40.419534744423672 ], [ -79.936327646982761, 40.424019642671794 ], [ -79.933494264513783, 40.42382764602808 ], [ -79.933366081932661, 40.424210539169472 ], [ -79.932714615215204, 40.423938998141296 ] ] ] } },
{ "type": "Feature", "properties": { "Ward": 15, "District": 3, "Muni_War_1": "Pittsburgh Ward 15 Dist 3", "Gainey_2021_Total": 72, "Gainey_2025_Total": 113, "OConnor_2025_Total": 106, "Peduto_2021_Total": 62 }, "geometry": { "type": "Polygon", "coordinates": [ [ [ -79.929956734259278, 40.422763900089301 ], [ -79.929966534180494, 40.422744701519079 ], [ -79.929762390305271, 40.421777641013975 ], [ -79.930243121742606, 40.421700351585258 ], [ -79.929740827865089, 40.419789372184411 ], [ -79.929215118989376, 40.419752868671594 ], [ -79.929152224683861, 40.418941709032104 ], [ -79.932673727277063, 40.418896193327491 ], [ -79.933315362244784, 40.418506663213634 ], [ -79.934677661340501, 40.417307572598226 ], [ -79.933800082045281, 40.415984065517293 ], [ -79.935867763283611, 40.41546356550856 ], [ -79.93621916956711, 40.415379028247301 ], [ -79.93697075116944, 40.415614361733404 ], [ -79.937220897994706, 40.415763268620161 ], [ -79.937487285443851, 40.416026905538772 ], [ -79.937707424904346, 40.416127577838218 ], [ -79.938063191407664, 40.416284972350638 ], [ -79.938256537370123, 40.416372631811868 ], [ -79.937142000212148, 40.417732369575923 ], [ -79.935669418954021, 40.418844236555465 ], [ -79.934435631997815, 40.419351565438511 ], [ -79.933904710486999, 40.419598544810583 ], [ -79.933618588681057, 40.419741540915858 ], [ -79.933284195927016, 40.419780865231644 ], [ -79.933106551594008, 40.419797982228381 ], [ -79.93322979864962, 40.420220486182814 ], [ -79.933797367312721, 40.421800117685983 ], [ -79.932415238472586, 40.422000596377131 ], [ -79.93251111206672, 40.422340470863574 ], [ -79.931703276324413, 40.423510356522215 ], [ -79.929956734259278, 40.422763900089301 ] ] ] } },
{ "type": "Feature", "properties": { "Ward": 15, "District": 1, "Muni_War_1": "Pittsburgh Ward 15 Dist 1", "Gainey_2021_Total": 45, "Gainey_2025_Total": 55, "OConnor_2025_Total": 130, "Peduto_2021_Total": 63 }, "geometry": { "type": "Polygon", "coordinates": [ [ [ -79.926262526747308, 40.423085256907719 ], [ -79.926098144665332, 40.419610418354289 ], [ -79.925965832629416, 40.418192408855518 ], [ -79.925937069177508, 40.418139575327842 ], [ -79.92547726852176, 40.417547634305578 ], [ -79.925236978740216, 40.417268291445275 ], [ -79.925115752455028, 40.417003112856577 ], [ -79.924969893288093, 40.416714852042659 ], [ -79.924600262733122, 40.416294693926581 ], [ -79.924073883674254, 40.415832231742556 ], [ -79.923238045580732, 40.415507131994978 ], [ -79.921968116432907, 40.415151269956077 ], [ -79.921599034786411, 40.415644140267659 ], [ -79.921261711767528, 40.416188256125665 ], [ -79.920423578031063, 40.416942274844331 ], [ -79.919677712372931, 40.417329034383265 ], [ -79.918318859066716, 40.41721124530374 ], [ -79.918118351841485, 40.416833408682166 ], [ -79.91861586903687, 40.416275693126892 ], [ -79.918399460208164, 40.415661055576521 ], [ -79.917819295558616, 40.415565338264102 ], [ -79.916800010947057, 40.415394286281334 ], [ -79.916680290819684, 40.415361805424084 ], [ -79.916653080968302, 40.415338447430337 ], [ -79.916621049202476, 40.415328262195466 ], [ -79.916551845154842, 40.415306257555272 ], [ -79.916473996142699, 40.415281503421156 ], [ -79.9164209711616, 40.415264642784251 ], [ -79.916296257790037, 40.415214210906321 ], [ -79.916255179278778, 40.415211925527522 ], [ -79.916074334488499, 40.415156786811821 ], [ -79.915857371599088, 40.415090635428164 ], [ -79.915772583956553, 40.415034092472361 ], [ -79.915473336967992, 40.414791331252644 ], [ -79.914680929814438, 40.414094957001446 ], [ -79.91431046014057, 40.41376938161811 ], [ -79.914971917537528, 40.413441026935622 ], [ -79.915403304670008, 40.413226877686029 ], [ -79.917270169394996, 40.411908186863748 ], [ -79.918755359286223, 40.410596590569078 ], [ -79.919600206511646, 40.409766898675329 ], [ -79.920308931514569, 40.409076120815733 ], [ -79.921100626789098, 40.408311510456791 ], [ -79.925486172561094, 40.41144692344465 ], [ -79.929438543201414, 40.409744089629157 ], [ -79.929819121940227, 40.410273029044419 ], [ -79.932293116079848, 40.413711223105132 ], [ -79.933800082045281, 40.415984065517293 ], [ -79.934677661340501, 40.417307572598226 ], [ -79.933315362244784, 40.418506663213634 ], [ -79.932673727277063, 40.418896193327491 ], [ -79.929152224683861, 40.418941709032104 ], [ -79.929215118989376, 40.419752868671594 ], [ -79.929740827865089, 40.419789372184411 ], [ -79.930243121742606, 40.421700351585258 ], [ -79.929762390305271, 40.421777641013975 ], [ -79.929966534180494, 40.422744701519079 ], [ -79.929956734259278, 40.422763900089301 ], [ -79.929613007644107, 40.423437317173878 ], [ -79.927964067621531, 40.42308142411725 ], [ -79.92769975008278, 40.423040570770262 ], [ -79.926262526747308, 40.423085256907719 ] ] ] } },
{ "type": "Feature", "properties": { "Ward": 19, "District": 14, "Muni_War_1": "Pittsburgh Ward 19 Dist 14", "Gainey_2021_Total": 29, "Gainey_2025_Total": 24, "OConnor_2025_Total": 78, "Peduto_2021_Total": 33 }, "geometry": { "type": "Polygon", "coordinates": [ [ [ -80.010815256641649, 40.420516379516002 ], [ -80.011309247743966, 40.419781673375091 ], [ -80.00958927670689, 40.419220238598776 ], [ -80.010444333206635, 40.41855574559019 ], [ -80.011185062355267, 40.417951898144686 ], [ -80.01130009994084, 40.417619021929809 ], [ -80.011021911243006, 40.415823133079734 ], [ -80.010862835153603, 40.415231377715692 ], [ -80.010793110909432, 40.41504282464372 ], [ -80.009670711574273, 40.413954057413335 ], [ -80.010068046240335, 40.413036886634991 ], [ -80.01007845488104, 40.413012859930824 ], [ -80.010204267550691, 40.412722805413395 ], [ -80.010480759453415, 40.412384023504714 ], [ -80.010844064151726, 40.411969231138386 ], [ -80.010200343944433, 40.411532960149188 ], [ -80.010690622359888, 40.411034763114529 ], [ -80.011664690943235, 40.410632096712696 ], [ -80.012453689277422, 40.410473373264452 ], [ -80.013374607092345, 40.410227414679177 ], [ -80.014467817710795, 40.409917468189079 ], [ -80.015275074319149, 40.409617212380624 ], [ -80.015780895783905, 40.409375859061512 ], [ -80.015874073608714, 40.409436158291577 ], [ -80.016862115059965, 40.408505815724851 ], [ -80.017187881783073, 40.408325862705638 ], [ -80.017406209275705, 40.408141427907054 ], [ -80.017779788890721, 40.408448586872723 ], [ -80.01805833833636, 40.408555668294433 ], [ -80.018074454376517, 40.408561864360983 ], [ -80.018269468206483, 40.408636831986968 ], [ -80.018854280746908, 40.408853337537607 ], [ -80.019243355112991, 40.408997376085026 ], [ -80.019732880237228, 40.409205251259209 ], [ -80.019354854087908, 40.409536017471183 ], [ -80.019221629009849, 40.409691628502827 ], [ -80.018702772486606, 40.40955130930012 ], [ -80.018430422639327, 40.4095308290104 ], [ -80.018170272864182, 40.409539372096589 ], [ -80.01775118374421, 40.409615218197686 ], [ -80.01752779225238, 40.40968868141853 ], [ -80.017234032640033, 40.409891816580775 ], [ -80.016728291179774, 40.410410489913687 ], [ -80.016325098331393, 40.410769240130854 ], [ -80.015863598097127, 40.411141500047584 ], [ -80.015184551632842, 40.411369554446544 ], [ -80.014310943357216, 40.411483924218999 ], [ -80.012817763415427, 40.411648572801546 ], [ -80.011831763470738, 40.411799110462034 ], [ -80.011556711629339, 40.41197449351808 ], [ -80.015231790836282, 40.412628440046745 ], [ -80.015049110367059, 40.412938534261095 ], [ -80.014298512856911, 40.414657774089214 ], [ -80.014560405554406, 40.414852701160797 ], [ -80.014810097359955, 40.415077974544822 ], [ -80.015067858970951, 40.415390660865647 ], [ -80.015337113422504, 40.415991399915001 ], [ -80.015675942658049, 40.416963503439383 ], [ -80.01586124956745, 40.417628584161235 ], [ -80.016028157852986, 40.418124568551278 ], [ -80.016141292454137, 40.418601493479258 ], [ -80.016169215900447, 40.419026227653198 ], [ -80.016060008042558, 40.419663521654869 ], [ -80.016055144930078, 40.420091624094233 ], [ -80.016097775314918, 40.420299815323176 ], [ -80.016096061446916, 40.42029995614805 ], [ -80.013241380206694, 40.41985229936887 ], [ -80.012578007249573, 40.4218195215362 ], [ -80.011298952295363, 40.421806293462268 ], [ -80.010334388547008, 40.421783123718058 ], [ -80.010575328334795, 40.421010929529245 ], [ -80.010815256641649, 40.420516379516002 ] ] ] } },
{ "type": "Feature", "properties": { "Ward": 14, "District": 31, "Muni_War_1": "Pittsburgh Ward 14 Dist 31", "Gainey_2021_Total": 140, "Gainey_2025_Total": 89, "OConnor_2025_Total": 416, "Peduto_2021_Total": 266 }, "geometry": { "type": "Polygon", "coordinates": [ [ [ -79.910769818069483, 40.42128081330187 ], [ -79.910778271057481, 40.421271070948649 ], [ -79.911132097850626, 40.420747277647322 ], [ -79.911607146881821, 40.420150319944717 ], [ -79.911851456943182, 40.419909586838649 ], [ -79.912559793023476, 40.419681057786541 ], [ -79.912681378575044, 40.419547112765109 ], [ -79.913076701587627, 40.41945405480417 ], [ -79.913517649854327, 40.419371051338025 ], [ -79.913945157024429, 40.419222414356732 ], [ -79.91414044735707, 40.419088343780743 ], [ -79.91429344175036, 40.418814929075587 ], [ -79.914449807653355, 40.418607973276622 ], [ -79.914596459694323, 40.418524242526573 ], [ -79.914889704748106, 40.418343401052816 ], [ -79.915141771159526, 40.418224227042465 ], [ -79.915291555445975, 40.418127928202061 ], [ -79.915451126245998, 40.417741833046264 ], [ -79.915570930807874, 40.4175462820834 ], [ -79.911453566468381, 40.414841165526234 ], [ -79.912862906393158, 40.414386236434538 ], [ -79.91344882010074, 40.41419709832018 ], [ -79.914310370800848, 40.413769425632523 ], [ -79.91431046014057, 40.41376938161811 ], [ -79.914680929814438, 40.414094957001446 ], [ -79.915473336967992, 40.414791331252644 ], [ -79.915772583956553, 40.415034092472361 ], [ -79.915857371599088, 40.415090635428164 ], [ -79.916074334488499, 40.415156786811821 ], [ -79.916255179278778, 40.415211925527522 ], [ -79.916296257790037, 40.415214210906321 ], [ -79.9164209711616, 40.415264642784251 ], [ -79.916473996142699, 40.415281503421156 ], [ -79.916551845154842, 40.415306257555272 ], [ -79.916621049202476, 40.415328262195466 ], [ -79.916653080968302, 40.415338447430337 ], [ -79.916680290819684, 40.415361805424084 ], [ -79.916800010947057, 40.415394286281334 ], [ -79.917819295558616, 40.415565338264102 ], [ -79.918399460208164, 40.415661055576521 ], [ -79.91861586903687, 40.416275693126892 ], [ -79.918118351841485, 40.416833408682166 ], [ -79.918318859066716, 40.41721124530374 ], [ -79.919677712372931, 40.417329034383265 ], [ -79.920423578031063, 40.416942274844331 ], [ -79.921261711767528, 40.416188256125665 ], [ -79.921599034786411, 40.415644140267659 ], [ -79.921968116432907, 40.415151269956077 ], [ -79.923238045580732, 40.415507131994978 ], [ -79.924073883674254, 40.415832231742556 ], [ -79.924600262733122, 40.416294693926581 ], [ -79.924969893288093, 40.416714852042659 ], [ -79.925115752455028, 40.417003112856577 ], [ -79.925236978740216, 40.417268291445275 ], [ -79.92547726852176, 40.417547634305578 ], [ -79.925937069177508, 40.418139575327842 ], [ -79.925965832629416, 40.418192408855518 ], [ -79.926098144665332, 40.419610418354289 ], [ -79.926262526747308, 40.423085256907719 ], [ -79.925052910779527, 40.423205256746648 ], [ -79.925013148678815, 40.422836511679115 ], [ -79.925018992646415, 40.422508872907144 ], [ -79.925051645350123, 40.421855679777615 ], [ -79.924059485789087, 40.421863716762111 ], [ -79.923949274898533, 40.42181964669669 ], [ -79.923941197043803, 40.42163857201529 ], [ -79.922872649554378, 40.421676873808451 ], [ -79.922792387044055, 40.421679749994446 ], [ -79.922738697759698, 40.421617352501961 ], [ -79.922724917175515, 40.421315585603601 ], [ -79.922657603513414, 40.421273583106895 ], [ -79.922708845475299, 40.421233148090167 ], [ -79.922737840766075, 40.420778140713793 ], [ -79.922742657873414, 40.420663145010877 ], [ -79.922741787385519, 40.420571495844406 ], [ -79.922737095339158, 40.420499169998685 ], [ -79.922733020871888, 40.420436360066979 ], [ -79.922705885525261, 40.420304338108686 ], [ -79.922645269153293, 40.420383589273044 ], [ -79.922547877303543, 40.420510921912268 ], [ -79.922420531638366, 40.420619469898504 ], [ -79.922329307779108, 40.420673442570887 ], [ -79.922224610093124, 40.420716215844458 ], [ -79.92214493727424, 40.420748764853549 ], [ -79.921988474827032, 40.420786076327865 ], [ -79.921910807937593, 40.420798847747825 ], [ -79.921788542597355, 40.420802883166822 ], [ -79.921636822746137, 40.420804585777482 ], [ -79.921250398491196, 40.420791371575369 ], [ -79.921247912214895, 40.420791286777821 ], [ -79.920699180835328, 40.420775037579794 ], [ -79.920352983480058, 40.420774740517246 ], [ -79.920282063729388, 40.42077601789623 ], [ -79.919766326753361, 40.420882152698155 ], [ -79.919189456510907, 40.421083588483889 ], [ -79.918579666283165, 40.42129651448036 ], [ -79.918230318115008, 40.421439507211772 ], [ -79.918055408029588, 40.421531795888782 ], [ -79.917877222213193, 40.421658990196633 ], [ -79.917737203286876, 40.421776910776927 ], [ -79.917626231946784, 40.421875768950471 ], [ -79.917569182449711, 40.42195282613622 ], [ -79.917539521714119, 40.422011236879044 ], [ -79.917309480462464, 40.422029374619129 ], [ -79.916941189158422, 40.422071816785071 ], [ -79.916621764014238, 40.422115207022465 ], [ -79.916313324661999, 40.422170908740476 ], [ -79.915732421791361, 40.42236002190576 ], [ -79.915517802392287, 40.422403601843811 ], [ -79.915350680224805, 40.422504454344867 ], [ -79.915211448935182, 40.422600713782771 ], [ -79.915094347313314, 40.422666784863701 ], [ -79.914992108078749, 40.422703826325119 ], [ -79.914896567927414, 40.42270968677974 ], [ -79.914783748063527, 40.422707081243445 ], [ -79.914594492393164, 40.422684848326504 ], [ -79.914386710171897, 40.42267561297939 ], [ -79.91424868025841, 40.422684720160142 ], [ -79.914026617929352, 40.422748343940661 ], [ -79.913461193856122, 40.422872121490087 ], [ -79.910769818069483, 40.42128081330187 ] ] ] } },
{ "type": "Feature", "properties": { "Ward": 16, "District": 6, "Muni_War_1": "Pittsburgh Ward 16 Dist 6", "Gainey_2021_Total": 27, "Gainey_2025_Total": 40, "OConnor_2025_Total": 62, "Peduto_2021_Total": 33 }, "geometry": { "type": "Polygon", "coordinates": [ [ [ -79.964292922408433, 40.419860514445709 ], [ -79.964414332960999, 40.419463166624375 ], [ -79.96455126578438, 40.419121139224409 ], [ -79.964788993804689, 40.418792385955918 ], [ -79.965168587670973, 40.418504717785432 ], [ -79.965539264424905, 40.418345554281935 ], [ -79.966052113796479, 40.418240784059741 ], [ -79.966411170534997, 40.418216499738463 ], [ -79.966640223931677, 40.418185136224238 ], [ -79.966732384306042, 40.418169897902224 ], [ -79.966908324582789, 40.418030171516214 ], [ -79.966876283196413, 40.417929703748698 ], [ -79.966819489241047, 40.417868582825342 ], [ -79.966694952357201, 40.417809620343618 ], [ -79.966419056389554, 40.417780271025237 ], [ -79.966010510061366, 40.417736808591499 ], [ -79.965738223428076, 40.417707841560315 ], [ -79.965582279664076, 40.417663380797293 ], [ -79.965495450174487, 40.417590134776411 ], [ -79.96535435479116, 40.41738974845422 ], [ -79.965675798827405, 40.417338665022157 ], [ -79.966440762275354, 40.417207572950872 ], [ -79.96729203560885, 40.41720247762867 ], [ -79.968600313643023, 40.417380566514062 ], [ -79.970376050903923, 40.417632693102483 ], [ -79.97141848193111, 40.417592584955088 ], [ -79.972855006675942, 40.417434550818939 ], [ -79.972354921855811, 40.4206264299265 ], [ -79.972426250068565, 40.420910457021989 ], [ -79.972687479594867, 40.422144428281932 ], [ -79.972182426049329, 40.422145319218316 ], [ -79.971674387630486, 40.422155150683004 ], [ -79.971422437042378, 40.42216309012754 ], [ -79.971296882882044, 40.422128092741197 ], [ -79.971148990081019, 40.42209598860569 ], [ -79.970989761720347, 40.422061423906776 ], [ -79.970932184534874, 40.4220574877085 ], [ -79.970885894662146, 40.422062743236033 ], [ -79.970821615905564, 40.422070041803543 ], [ -79.970777803814926, 40.422089482583488 ], [ -79.970529444299743, 40.421864134288825 ], [ -79.970169732650987, 40.421595178154035 ], [ -79.969498529173862, 40.421093309965592 ], [ -79.969218369276803, 40.4208838280435 ], [ -79.969030283306239, 40.420749890909789 ], [ -79.968787306614132, 40.420599158704043 ], [ -79.968435199502295, 40.420396237697368 ], [ -79.96809469248484, 40.420152273387153 ], [ -79.967835410510432, 40.419970204582619 ], [ -79.967382925649048, 40.419640612139602 ], [ -79.967235049900907, 40.419527437585863 ], [ -79.967133196498438, 40.419420844233926 ], [ -79.967014902914826, 40.419398743133165 ], [ -79.966750019646867, 40.419349253989516 ], [ -79.966498756513317, 40.419315118678846 ], [ -79.966106491357195, 40.420225120448691 ], [ -79.965928381068835, 40.420638303271119 ], [ -79.96587197471176, 40.420769154337322 ], [ -79.965817229231334, 40.420890967474037 ], [ -79.965753953872394, 40.421031758936195 ], [ -79.965693216482805, 40.421096852581492 ], [ -79.96553957139507, 40.421163640625061 ], [ -79.965439094719727, 40.421171209693256 ], [ -79.965199761668146, 40.421141067764466 ], [ -79.964984550753712, 40.421069854156329 ], [ -79.96482583087878, 40.420989120448681 ], [ -79.964687625401695, 40.420918819958281 ], [ -79.964586747796147, 40.420867507657462 ], [ -79.964517920329669, 40.420809274782819 ], [ -79.964447635242024, 40.420679250348059 ], [ -79.96439378284434, 40.420348034042227 ], [ -79.964324491014139, 40.419940378107555 ], [ -79.964292922408433, 40.419860514445709 ] ] ] } },
{ "type": "Feature", "properties": { "Ward": 18, "District": 3, "Muni_War_1": "Pittsburgh Ward 18 Dist 3", "Gainey_2021_Total": 66, "Gainey_2025_Total": 74, "OConnor_2025_Total": 18, "Peduto_2021_Total": 32 }, "geometry": { "type": "Polygon", "coordinates": [ [ [ -79.998836559039304, 40.418706166200757 ], [ -80.002453699559283, 40.418629095560867 ], [ -80.003996614406176, 40.418302014478051 ], [ -80.003895190740096, 40.415843493978997 ], [ -80.005849399586623, 40.415799168374988 ], [ -80.006059789959522, 40.420601420249497 ], [ -80.004780487424725, 40.420795098073789 ], [ -80.002486199656886, 40.42102889183662 ], [ -80.002451181675539, 40.420652529602307 ], [ -80.000508684702965, 40.420688670514672 ], [ -80.000506356691474, 40.420618866795095 ], [ -79.998897168409385, 40.42064071686417 ], [ -79.998836559039304, 40.418706166200757 ] ] ] } },
{ "type": "Feature", "properties": { "Ward": 18, "District": 2, "Muni_War_1": "Pittsburgh Ward 18 Dist 2", "Gainey_2021_Total": 79, "Gainey_2025_Total": 79, "OConnor_2025_Total": 17, "Peduto_2021_Total": 40 }, "geometry": { "type": "Polygon", "coordinates": [ [ [ -80.003895190740096, 40.415843493978997 ], [ -80.00383212334124, 40.41419718276947 ], [ -80.003903825093843, 40.414058317694789 ], [ -80.005816610972573, 40.414039084142004 ], [ -80.005671592491495, 40.412288058572216 ], [ -80.008408651013426, 40.411599229091856 ], [ -80.00865217620327, 40.412019663351629 ], [ -80.008887708981661, 40.412308442019395 ], [ -80.0095366420543, 40.41273946970805 ], [ -80.010068046240335, 40.413036886634991 ], [ -80.009670711574273, 40.413954057413335 ], [ -80.010793110909432, 40.41504282464372 ], [ -80.010862835153603, 40.415231377715692 ], [ -80.011021911243006, 40.415823133079734 ], [ -80.01130009994084, 40.417619021929809 ], [ -80.011185062355267, 40.417951898144686 ], [ -80.010444333206635, 40.41855574559019 ], [ -80.00958927670689, 40.419220238598776 ], [ -80.008775075783049, 40.419743553688164 ], [ -80.00800596460013, 40.419977318914711 ], [ -80.007192031338462, 40.420254170160895 ], [ -80.006059789959522, 40.420601420249497 ], [ -80.005849399586623, 40.415799168374988 ], [ -80.003895190740096, 40.415843493978997 ] ] ] } },
{ "type": "Feature", "properties": { "Ward": 16, "District": 8, "Muni_War_1": "Pittsburgh Ward 16 Dist 8", "Gainey_2021_Total": 8, "Gainey_2025_Total": 9, "OConnor_2025_Total": 7, "Peduto_2021_Total": 4 }, "geometry": { "type": "Polygon", "coordinates": [ [ [ -79.953399027084743, 40.418446036839725 ], [ -79.953344627391303, 40.416780097429665 ], [ -79.953271716530054, 40.414546899259612 ], [ -79.953150789246408, 40.412581579710242 ], [ -79.952955351211031, 40.410659348684987 ], [ -79.954666535236001, 40.410569702091735 ], [ -79.955390818668249, 40.410532302396447 ], [ -79.955668145337356, 40.410521474770555 ], [ -79.955858050603211, 40.410479154872746 ], [ -79.955877281920309, 40.410477779530154 ], [ -79.955937646588126, 40.410471674609681 ], [ -79.955976776637584, 40.410467997662877 ], [ -79.956076973530628, 40.410511102471702 ], [ -79.956190795348959, 40.410564110611183 ], [ -79.956271545448544, 40.410596078934297 ], [ -79.956366115576003, 40.410631084919672 ], [ -79.956660304951612, 40.410632072079807 ], [ -79.956728193731891, 40.410631379592736 ], [ -79.956782076626652, 40.410630830330518 ], [ -79.957264129407292, 40.410556483783836 ], [ -79.957811495159177, 40.410337098385853 ], [ -79.957894986905984, 40.410273197159654 ], [ -79.958162219860085, 40.41006866500539 ], [ -79.95829211228984, 40.409969248625508 ], [ -79.958523386920973, 40.409911548209209 ], [ -79.959055991720746, 40.409778754393741 ], [ -79.959397810363967, 40.409756807126904 ], [ -79.959438238629446, 40.409754211337734 ], [ -79.959490746162842, 40.409751702480996 ], [ -79.959574855708155, 40.409825607506036 ], [ -79.959693377995563, 40.409906115188221 ], [ -79.959868571649835, 40.40991873780353 ], [ -79.960142158295199, 40.409915359900246 ], [ -79.960549354702152, 40.409822935958815 ], [ -79.960820658915765, 40.409806521226216 ], [ -79.961232526117016, 40.409782352997404 ], [ -79.961539938805814, 40.409731364309856 ], [ -79.962001591029264, 40.409676406730156 ], [ -79.962152921630249, 40.409678312020532 ], [ -79.962543418124014, 40.409679366585941 ], [ -79.96259193081687, 40.409679497629753 ], [ -79.962592084048012, 40.409679498297976 ], [ -79.962814234124778, 40.409672172454137 ], [ -79.962830229531932, 40.40967164440324 ], [ -79.963533441031444, 40.409493735326237 ], [ -79.963539427194462, 40.409504384264672 ], [ -79.963749673175329, 40.410109373599745 ], [ -79.963687744001192, 40.410160742845228 ], [ -79.964061205836273, 40.410814396595569 ], [ -79.962839772680468, 40.410754868185876 ], [ -79.961910411375626, 40.410984850842269 ], [ -79.961482772008083, 40.410840169719954 ], [ -79.960451292133342, 40.411021877281883 ], [ -79.957741580357478, 40.412432777239985 ], [ -79.958319166791895, 40.41301293640192 ], [ -79.958388923927387, 40.412442993992371 ], [ -79.958777756625281, 40.412581688322774 ], [ -79.960263071733507, 40.412791633589684 ], [ -79.960371251766659, 40.413772410620027 ], [ -79.960389220607297, 40.414248127207962 ], [ -79.960390719150624, 40.414607596684334 ], [ -79.960608877655403, 40.414747344642699 ], [ -79.960772609073103, 40.414747195775909 ], [ -79.961113190331673, 40.414772917523521 ], [ -79.961303570572255, 40.41480226771526 ], [ -79.961595070076058, 40.414882952127066 ], [ -79.961909722161224, 40.415044083763178 ], [ -79.962356297854996, 40.415148209468484 ], [ -79.962720318657119, 40.415112274017744 ], [ -79.963310419442408, 40.415089517044422 ], [ -79.965312557408367, 40.41512416101704 ], [ -79.965675798827405, 40.417338665022157 ], [ -79.96535435479116, 40.41738974845422 ], [ -79.965135245947067, 40.4174245682145 ], [ -79.965186579595112, 40.417592405926165 ], [ -79.965083696977757, 40.41791228291379 ], [ -79.964846904786853, 40.418041941978949 ], [ -79.964562770962232, 40.418248494141167 ], [ -79.964438147971251, 40.418392036606363 ], [ -79.964374537442865, 40.418492707951842 ], [ -79.964276630606349, 40.418679884539017 ], [ -79.96421100084612, 40.418805354105665 ], [ -79.964022606436458, 40.418998117835869 ], [ -79.963715464736751, 40.419292117806698 ], [ -79.963527225113722, 40.419498739438872 ], [ -79.963409430626896, 40.419635777958028 ], [ -79.963337239874761, 40.419766741874952 ], [ -79.963240153899548, 40.420012404459023 ], [ -79.963131327613908, 40.420112844917256 ], [ -79.962981176179028, 40.420190599236101 ], [ -79.962779514401845, 40.420292507771535 ], [ -79.962587699156003, 40.42042738490062 ], [ -79.962004647979001, 40.420915066351839 ], [ -79.960999150153057, 40.420251539459983 ], [ -79.961770130774369, 40.419252386132968 ], [ -79.960228533846205, 40.418059617156686 ], [ -79.959482779734671, 40.418639395299863 ], [ -79.958422466420032, 40.417781002308509 ], [ -79.959281956566599, 40.417171245835114 ], [ -79.959094147564443, 40.417183674177124 ], [ -79.958700329949949, 40.416566006006363 ], [ -79.953399027084743, 40.418446036839725 ] ] ] } },
{ "type": "Feature", "properties": { "Ward": 15, "District": 12, "Muni_War_1": "Pittsburgh Ward 15 Dist 12", "Gainey_2021_Total": 41, "Gainey_2025_Total": 53, "OConnor_2025_Total": 113, "Peduto_2021_Total": 65 }, "geometry": { "type": "Polygon", "coordinates": [ [ [ -79.933800082045281, 40.415984065517293 ], [ -79.932293116079848, 40.413711223105132 ], [ -79.933390756531082, 40.413189192740305 ], [ -79.934203894399801, 40.412920028666456 ], [ -79.934763262980411, 40.412738664697585 ], [ -79.935700321175233, 40.412320129773818 ], [ -79.936367206308162, 40.411850923904467 ], [ -79.938016776112207, 40.412191667543269 ], [ -79.939389269263657, 40.413458700591008 ], [ -79.939490917952298, 40.413339215088634 ], [ -79.939764783121205, 40.412886185737456 ], [ -79.939876599231255, 40.412701216649083 ], [ -79.940435801366093, 40.412442887531881 ], [ -79.941018762897841, 40.413483665233962 ], [ -79.941675270499942, 40.414465553126384 ], [ -79.941983261256453, 40.414989143528317 ], [ -79.942256927271202, 40.41548368202443 ], [ -79.941074620944377, 40.41577127359151 ], [ -79.941559983805803, 40.416930684872838 ], [ -79.94145508025089, 40.417835030781859 ], [ -79.941568778675503, 40.418432155785425 ], [ -79.941730621321057, 40.41901824329819 ], [ -79.941749809720221, 40.419194887248523 ], [ -79.941749838488789, 40.419195156062322 ], [ -79.941039183930698, 40.418870640977104 ], [ -79.938009563386828, 40.419116067063023 ], [ -79.937851152265083, 40.419521248655613 ], [ -79.937761967641165, 40.419534744423672 ], [ -79.93322979864962, 40.420220486182814 ], [ -79.933106551594008, 40.419797982228381 ], [ -79.933284195927016, 40.419780865231644 ], [ -79.933618588681057, 40.419741540915858 ], [ -79.933904710486999, 40.419598544810583 ], [ -79.934435631997815, 40.419351565438511 ], [ -79.935669418954021, 40.418844236555465 ], [ -79.937142000212148, 40.417732369575923 ], [ -79.938256537370123, 40.416372631811868 ], [ -79.938063191407664, 40.416284972350638 ], [ -79.937707424904346, 40.416127577838218 ], [ -79.937487285443851, 40.416026905538772 ], [ -79.937220897994706, 40.415763268620161 ], [ -79.93697075116944, 40.415614361733404 ], [ -79.93621916956711, 40.415379028247301 ], [ -79.935867763283611, 40.41546356550856 ], [ -79.933800082045281, 40.415984065517293 ] ] ] } },
{ "type": "Feature", "properties": { "Ward": 18, "District": 4, "Muni_War_1": "Pittsburgh Ward 18 Dist 4", "Gainey_2021_Total": 68, "Gainey_2025_Total": 82, "OConnor_2025_Total": 23, "Peduto_2021_Total": 25 }, "geometry": { "type": "Polygon", "coordinates": [ [ [ -79.997286422114385, 40.418363163356105 ], [ -79.99728189283897, 40.418260321123192 ], [ -79.997163884544605, 40.415580341835565 ], [ -79.998141089026475, 40.415568022160151 ], [ -79.998136464404297, 40.413825137062155 ], [ -79.9981390461367, 40.413605545105213 ], [ -80.00122204845583, 40.413600219880195 ], [ -80.001321161044103, 40.415884763837042 ], [ -80.003895190740096, 40.415843493978997 ], [ -80.003996614406176, 40.418302014478051 ], [ -80.002453699559283, 40.418629095560867 ], [ -79.998836559039304, 40.418706166200757 ], [ -79.998826814501967, 40.418344077513773 ], [ -79.998348702850549, 40.418349007456953 ], [ -79.998360465177342, 40.418728998844799 ], [ -79.997784656343967, 40.418740118732757 ], [ -79.997764231397369, 40.418356090585647 ], [ -79.997286422114385, 40.418363163356105 ] ] ] } },
{ "type": "Feature", "properties": { "Ward": 20, "District": 1, "Muni_War_1": "Pittsburgh Ward 20 Dist 1", "Gainey_2021_Total": 24, "Gainey_2025_Total": 24, "OConnor_2025_Total": 112, "Peduto_2021_Total": 78 }, "geometry": { "type": "Polygon", "coordinates": [ [ [ -80.028550236317741, 40.417131844340616 ], [ -80.028065989617474, 40.417149392212529 ], [ -80.02781591341089, 40.417186462878519 ], [ -80.027729086502561, 40.416228600993044 ], [ -80.028194682181436, 40.416222496892352 ], [ -80.028543085414228, 40.414241749003942 ], [ -80.029438090355967, 40.41421593974318 ], [ -80.030058173051899, 40.414200611694731 ], [ -80.030198574875655, 40.414289057352541 ], [ -80.030585281394551, 40.4130950114237 ], [ -80.030429490877381, 40.413109242936876 ], [ -80.030314975618808, 40.413060553724428 ], [ -80.029796577060921, 40.412991427759664 ], [ -80.029535145596412, 40.412952423774698 ], [ -80.029326045568268, 40.412959401410497 ], [ -80.029328636884344, 40.41287654300563 ], [ -80.029401311303971, 40.412822736466126 ], [ -80.029491878592736, 40.412711823292206 ], [ -80.029697991403779, 40.41241776571006 ], [ -80.029850783544475, 40.412238658122021 ], [ -80.030023186617626, 40.412091921449203 ], [ -80.030147323621989, 40.412054456959929 ], [ -80.030274342810344, 40.411837472307276 ], [ -80.030550749759243, 40.411365284654806 ], [ -80.030808382755282, 40.410751121427175 ], [ -80.030902329147168, 40.410399147021423 ], [ -80.030904897411958, 40.410389527024407 ], [ -80.030955362479133, 40.410200450219186 ], [ -80.031094105814603, 40.409735191967286 ], [ -80.031008768516699, 40.409495407386991 ], [ -80.030993228324448, 40.409393693582238 ], [ -80.03059334771514, 40.409294061995247 ], [ -80.030215154051191, 40.409163293088973 ], [ -80.02980098517402, 40.409008819771458 ], [ -80.030180630899011, 40.408432512883046 ], [ -80.030141780322978, 40.408418029534701 ], [ -80.030009357505335, 40.408342801112845 ], [ -80.029826089171323, 40.408314240613095 ], [ -80.02947269507122, 40.408192223942294 ], [ -80.02881572383113, 40.407916471513722 ], [ -80.028419995740492, 40.407749466645399 ], [ -80.028111489901008, 40.407642111612986 ], [ -80.027803260835483, 40.407628971024195 ], [ -80.027795386499335, 40.407160635348092 ], [ -80.031753618748581, 40.405176291443617 ], [ -80.031726905144211, 40.404292380407561 ], [ -80.032347644018259, 40.404190038566135 ], [ -80.032683434756166, 40.404134675684624 ], [ -80.033025548596299, 40.404078267912347 ], [ -80.033310632699752, 40.404031263117481 ], [ -80.033412667664749, 40.404021351312942 ], [ -80.033444665741371, 40.404359536859452 ], [ -80.033504089295334, 40.404987562629415 ], [ -80.033540129017524, 40.405368444456144 ], [ -80.03356539492296, 40.405595040462941 ], [ -80.033579455343457, 40.405712978671403 ], [ -80.033706211965068, 40.406026648346426 ], [ -80.033936741426899, 40.406545311112119 ], [ -80.034057314221727, 40.406766454774406 ], [ -80.034280867247077, 40.407069813280124 ], [ -80.034444387452098, 40.407256249769034 ], [ -80.034573340224028, 40.407298578101972 ], [ -80.034737569487035, 40.407282029648258 ], [ -80.034944169532849, 40.407216667427427 ], [ -80.035325258236455, 40.407078027741029 ], [ -80.035600797688872, 40.406975742832728 ], [ -80.035730057685825, 40.406928932917552 ], [ -80.03579082341912, 40.406920007879499 ], [ -80.035870652451095, 40.406930527002551 ], [ -80.036036649133791, 40.407005929325024 ], [ -80.036121685379058, 40.407064057482927 ], [ -80.036245207055529, 40.407184663877821 ], [ -80.037231134112261, 40.408331405968909 ], [ -80.037293882951616, 40.40839699622358 ], [ -80.037602182833098, 40.408519136460136 ], [ -80.037995019958771, 40.408654957064755 ], [ -80.038842652041311, 40.409167612712999 ], [ -80.039120266327004, 40.409439543471926 ], [ -80.039407002473439, 40.409800692197614 ], [ -80.039548020446944, 40.409973379611984 ], [ -80.039723020839389, 40.410061237913112 ], [ -80.040038183852218, 40.410219463492716 ], [ -80.040347969926131, 40.41050415349806 ], [ -80.040982136302063, 40.41121390833419 ], [ -80.041462747075627, 40.411969760019915 ], [ -80.041876284858802, 40.412562021911988 ], [ -80.042159358312531, 40.41296742936526 ], [ -80.042737502393123, 40.413449536882823 ], [ -80.041831729358975, 40.414025855898792 ], [ -80.041413580212421, 40.414306196547791 ], [ -80.041073490228797, 40.414672144452183 ], [ -80.040463084790815, 40.415290327255583 ], [ -80.039932991919329, 40.415815761108298 ], [ -80.039372464298225, 40.416354285497761 ], [ -80.03869371891804, 40.416759116075944 ], [ -80.038135434643706, 40.417008385654022 ], [ -80.037296461328452, 40.417208066899526 ], [ -80.036199182657469, 40.417345170266877 ], [ -80.035120604486636, 40.417388393152216 ], [ -80.035031678952052, 40.41732193211601 ], [ -80.034999346074457, 40.417396210649081 ], [ -80.034513633146105, 40.417433779219969 ], [ -80.034176890347965, 40.417449105767801 ], [ -80.033566672924152, 40.417406815830162 ], [ -80.033199656748906, 40.41738149062656 ], [ -80.032494862255234, 40.417296744049359 ], [ -80.031695697475527, 40.417050296741166 ], [ -80.030579110412233, 40.416553452549692 ], [ -80.030411064467273, 40.416336154354113 ], [ -80.030245266571882, 40.416016522520607 ], [ -80.030153185447872, 40.415949434557739 ], [ -80.029944474573895, 40.415899406940596 ], [ -80.029819075670829, 40.415936120284236 ], [ -80.029747100341623, 40.416038797374682 ], [ -80.029734778923981, 40.416223762925917 ], [ -80.029722070277558, 40.416414538752434 ], [ -80.029699489248102, 40.416583515940808 ], [ -80.029571162345889, 40.41683935920733 ], [ -80.029327004822562, 40.417034402973094 ], [ -80.028961198141317, 40.417116950146443 ], [ -80.028550236317741, 40.417131844340616 ] ] ] } },
{ "type": "Feature", "properties": { "Ward": 19, "District": 16, "Muni_War_1": "Pittsburgh Ward 19 Dist 16", "Gainey_2021_Total": 64, "Gainey_2025_Total": 61, "OConnor_2025_Total": 80, "Peduto_2021_Total": 51 }, "geometry": { "type": "Polygon", "coordinates": [ [ [ -80.023124495223826, 40.416917337198655 ], [ -80.022968120647093, 40.413045298819988 ], [ -80.020202538548645, 40.413129204462685 ], [ -80.020071225663415, 40.410720612968809 ], [ -80.020462041316549, 40.410707633366101 ], [ -80.024672737975024, 40.41056770152386 ], [ -80.024817408814528, 40.411848620073478 ], [ -80.024905546500364, 40.413768640755258 ], [ -80.025034202363699, 40.416335338980993 ], [ -80.025060449940511, 40.416647684974585 ], [ -80.025089144721903, 40.416829099638704 ], [ -80.025176261698263, 40.417059094580971 ], [ -80.0250054470077, 40.417031228501763 ], [ -80.024684056488127, 40.416978797019446 ], [ -80.024076395891356, 40.416910418842406 ], [ -80.023456124719686, 40.416911592923825 ], [ -80.023164826744207, 40.416912142706558 ], [ -80.023124495223826, 40.416917337198655 ] ] ] } },
{ "type": "Feature", "properties": { "Ward": 19, "District": 15, "Muni_War_1": "Pittsburgh Ward 19 Dist 15", "Gainey_2021_Total": 63, "Gainey_2025_Total": 66, "OConnor_2025_Total": 92, "Peduto_2021_Total": 61 }, "geometry": { "type": "Polygon", "coordinates": [ [ [ -80.015675942658049, 40.416963503439383 ], [ -80.015337113422504, 40.415991399915001 ], [ -80.015067858970951, 40.415390660865647 ], [ -80.014810097359955, 40.415077974544822 ], [ -80.014560405554406, 40.414852701160797 ], [ -80.014298512856911, 40.414657774089214 ], [ -80.015049110367059, 40.412938534261095 ], [ -80.015231790836282, 40.412628440046745 ], [ -80.011556711629339, 40.41197449351808 ], [ -80.011831763470738, 40.411799110462034 ], [ -80.012817763415427, 40.411648572801546 ], [ -80.014310943357216, 40.411483924218999 ], [ -80.015184551632842, 40.411369554446544 ], [ -80.015863598097127, 40.411141500047584 ], [ -80.016325098331393, 40.410769240130854 ], [ -80.016728291179774, 40.410410489913687 ], [ -80.017234032640033, 40.409891816580775 ], [ -80.01752779225238, 40.40968868141853 ], [ -80.01775118374421, 40.409615218197686 ], [ -80.018170272864182, 40.409539372096589 ], [ -80.018430422639327, 40.4095308290104 ], [ -80.018702772486606, 40.40955130930012 ], [ -80.019221629009849, 40.409691628502827 ], [ -80.019359426935409, 40.409757045585785 ], [ -80.019501341439124, 40.409832369787665 ], [ -80.019609902782548, 40.409901270007843 ], [ -80.019773647113823, 40.41003921730735 ], [ -80.019956304970535, 40.410215829142231 ], [ -80.020252567755165, 40.41050836946237 ], [ -80.020461385334386, 40.410705650789652 ], [ -80.020462041316549, 40.410707633366101 ], [ -80.020071225663415, 40.410720612968809 ], [ -80.020202538548645, 40.413129204462685 ], [ -80.022968120647093, 40.413045298819988 ], [ -80.023124495223826, 40.416917337198655 ], [ -80.022059946747788, 40.417054441926915 ], [ -80.021013017045746, 40.41703727169714 ], [ -80.020052810118756, 40.417075023985149 ], [ -80.019510202864268, 40.41707144076765 ], [ -80.018260847104074, 40.416937231304722 ], [ -80.017544603703271, 40.416804644701031 ], [ -80.016759990937757, 40.416870707805636 ], [ -80.015675942658049, 40.416963503439383 ] ] ] } },
{ "type": "Feature", "properties": { "Ward": 16, "District": 10, "Muni_War_1": "Pittsburgh Ward 16 Dist 10", "Gainey_2021_Total": 10, "Gainey_2025_Total": 27, "OConnor_2025_Total": 54, "Peduto_2021_Total": 28 }, "geometry": { "type": "Polygon", "coordinates": [ [ [ -79.965675798827405, 40.417338665022157 ], [ -79.965312557408367, 40.41512416101704 ], [ -79.963310419442408, 40.415089517044422 ], [ -79.962720318657119, 40.415112274017744 ], [ -79.962356297854996, 40.415148209468484 ], [ -79.961909722161224, 40.415044083763178 ], [ -79.961595070076058, 40.414882952127066 ], [ -79.961303570572255, 40.41480226771526 ], [ -79.961113190331673, 40.414772917523521 ], [ -79.960772609073103, 40.414747195775909 ], [ -79.960608877655403, 40.414747344642699 ], [ -79.960390719150624, 40.414607596684334 ], [ -79.960389220607297, 40.414248127207962 ], [ -79.960371251766659, 40.413772410620027 ], [ -79.960263071733507, 40.412791633589684 ], [ -79.958777756625281, 40.412581688322774 ], [ -79.958388923927387, 40.412442993992371 ], [ -79.958319166791895, 40.41301293640192 ], [ -79.957741580357478, 40.412432777239985 ], [ -79.960451292133342, 40.411021877281883 ], [ -79.961482772008083, 40.410840169719954 ], [ -79.961910411375626, 40.410984850842269 ], [ -79.962839772680468, 40.410754868185876 ], [ -79.964061205836273, 40.410814396595569 ], [ -79.964689942525411, 40.410675798117126 ], [ -79.965252352566921, 40.410669399673488 ], [ -79.965488905159219, 40.410826644640061 ], [ -79.965590469159267, 40.41103184566937 ], [ -79.965879392771427, 40.411275121602742 ], [ -79.966110616691708, 40.411475530327323 ], [ -79.966546585379248, 40.411711754691382 ], [ -79.967251143119199, 40.412026817946355 ], [ -79.967670353456, 40.412123174578923 ], [ -79.967669183009093, 40.411734123154595 ], [ -79.968356446005984, 40.411905329298648 ], [ -79.969777871756449, 40.411874659060153 ], [ -79.970765002597062, 40.412115067931531 ], [ -79.971476765560155, 40.412333294237413 ], [ -79.972032948644269, 40.412457891932171 ], [ -79.972049196715162, 40.412733203574177 ], [ -79.972030834313415, 40.413565221098899 ], [ -79.971596942378696, 40.415964096664723 ], [ -79.974674944091021, 40.416280702063531 ], [ -79.974645204522417, 40.416441137235019 ], [ -79.974519673695823, 40.41725139535356 ], [ -79.972855006675942, 40.417434550818939 ], [ -79.97141848193111, 40.417592584955088 ], [ -79.970376050903923, 40.417632693102483 ], [ -79.968600313643023, 40.417380566514062 ], [ -79.96729203560885, 40.41720247762867 ], [ -79.966440762275354, 40.417207572950872 ], [ -79.965675798827405, 40.417338665022157 ] ] ] } },
{ "type": "Feature", "properties": { "Ward": 19, "District": 17, "Muni_War_1": "Pittsburgh Ward 19 Dist 17", "Gainey_2021_Total": 48, "Gainey_2025_Total": 62, "OConnor_2025_Total": 90, "Peduto_2021_Total": 68 }, "geometry": { "type": "Polygon", "coordinates": [ [ [ -80.024672737975024, 40.41056770152386 ], [ -80.030781217807899, 40.410383229726527 ], [ -80.030904897411958, 40.410389527024407 ], [ -80.030902329147168, 40.410399147021423 ], [ -80.030808382755282, 40.410751121427175 ], [ -80.030550749759243, 40.411365284654806 ], [ -80.030274342810344, 40.411837472307276 ], [ -80.030147323621989, 40.412054456959929 ], [ -80.030023186617626, 40.412091921449203 ], [ -80.029850783544475, 40.412238658122021 ], [ -80.029697991403779, 40.41241776571006 ], [ -80.029491878592736, 40.412711823292206 ], [ -80.029401311303971, 40.412822736466126 ], [ -80.029328636884344, 40.41287654300563 ], [ -80.029326045568268, 40.412959401410497 ], [ -80.029535145596412, 40.412952423774698 ], [ -80.029796577060921, 40.412991427759664 ], [ -80.030314975618808, 40.413060553724428 ], [ -80.030429490877381, 40.413109242936876 ], [ -80.030585281394551, 40.4130950114237 ], [ -80.030198574875655, 40.414289057352541 ], [ -80.030058173051899, 40.414200611694731 ], [ -80.029438090355967, 40.41421593974318 ], [ -80.028543085414228, 40.414241749003942 ], [ -80.028194682181436, 40.416222496892352 ], [ -80.027729086502561, 40.416228600993044 ], [ -80.025034202363699, 40.416335338980993 ], [ -80.024905546500364, 40.413768640755258 ], [ -80.024817408814528, 40.411848620073478 ], [ -80.024672737975024, 40.41056770152386 ] ] ] } },
{ "type": "Feature", "properties": { "Ward": 18, "District": 1, "Muni_War_1": "Pittsburgh Ward 18 Dist 1", "Gainey_2021_Total": 40, "Gainey_2025_Total": 33, "OConnor_2025_Total": 134, "Peduto_2021_Total": 64 }, "geometry": { "type": "Polygon", "coordinates": [ [ [ -79.997163884544605, 40.415580341835565 ], [ -79.997073077465686, 40.414543387456689 ], [ -79.996797268541272, 40.411393630358376 ], [ -79.996946703734395, 40.411013163216353 ], [ -79.996747622752352, 40.408198084888866 ], [ -79.996490852917916, 40.401783706190116 ], [ -79.996448382005184, 40.401709669684344 ], [ -79.996653159804083, 40.401690247845096 ], [ -79.998767706629039, 40.401610788379685 ], [ -80.000515559887162, 40.40155768642402 ], [ -80.000665008401768, 40.402067725905631 ], [ -80.001874678023256, 40.401869696460182 ], [ -80.001966474472354, 40.402010435761689 ], [ -80.001986739536335, 40.402073974703683 ], [ -80.002084813760362, 40.402381485177713 ], [ -80.002172533576498, 40.402703672927316 ], [ -80.002229619743289, 40.402913340935385 ], [ -80.002356497782074, 40.403246860213812 ], [ -80.002469156886846, 40.403482881698608 ], [ -80.002997433922033, 40.404179330881995 ], [ -80.003700975888592, 40.4047433609365 ], [ -80.004454416001337, 40.405247459799838 ], [ -80.005209592070074, 40.405764480185383 ], [ -80.005807726481933, 40.406532207820895 ], [ -80.005932917567961, 40.407147678931494 ], [ -80.005863754019771, 40.407823303661537 ], [ -80.005875671926162, 40.408672517511178 ], [ -80.006315031962629, 40.409323724899686 ], [ -80.00721169394059, 40.409872976647087 ], [ -80.007837908417926, 40.410404428723716 ], [ -80.008065705873975, 40.410757544731389 ], [ -80.008408651013426, 40.411599229091856 ], [ -80.005671592491495, 40.412288058572216 ], [ -80.005816610972573, 40.414039084142004 ], [ -80.003903825093843, 40.414058317694789 ], [ -80.00383212334124, 40.41419718276947 ], [ -80.003895190740096, 40.415843493978997 ], [ -80.001321161044103, 40.415884763837042 ], [ -80.00122204845583, 40.413600219880195 ], [ -79.9981390461367, 40.413605545105213 ], [ -79.998136464404297, 40.413825137062155 ], [ -79.998141089026475, 40.415568022160151 ], [ -79.997163884544605, 40.415580341835565 ] ] ] } },
{ "type": "Feature", "properties": { "Ward": 16, "District": 11, "Muni_War_1": "Pittsburgh Ward 16 Dist 11", "Gainey_2021_Total": 18, "Gainey_2025_Total": 30, "OConnor_2025_Total": 54, "Peduto_2021_Total": 24 }, "geometry": { "type": "Polygon", "coordinates": [ [ [ -79.972032948644269, 40.412457891932171 ], [ -79.972804386358135, 40.412525597709141 ], [ -79.973518444721947, 40.412664336208422 ], [ -79.974251949315047, 40.412888934194442 ], [ -79.974612868584515, 40.41302176580411 ], [ -79.974980959441297, 40.413126913838475 ], [ -79.975235082660731, 40.413179031571225 ], [ -79.974674944091021, 40.416280702063531 ], [ -79.971596942378696, 40.415964096664723 ], [ -79.972030834313415, 40.413565221098899 ], [ -79.972049196715162, 40.412733203574177 ], [ -79.972032948644269, 40.412457891932171 ] ] ] } },
{ "type": "Feature", "properties": { "Ward": 20, "District": 16, "Muni_War_1": "Pittsburgh Ward 20 Dist 16", "Gainey_2021_Total": 35, "Gainey_2025_Total": 34, "OConnor_2025_Total": 128, "Peduto_2021_Total": 71 }, "geometry": { "type": "Polygon", "coordinates": [ [ [ -80.042737502393123, 40.413449536882823 ], [ -80.042159358312531, 40.41296742936526 ], [ -80.041876284858802, 40.412562021911988 ], [ -80.041462747075627, 40.411969760019915 ], [ -80.040982136302063, 40.41121390833419 ], [ -80.040347969926131, 40.41050415349806 ], [ -80.040038183852218, 40.410219463492716 ], [ -80.039723020839389, 40.410061237913112 ], [ -80.039548020446944, 40.409973379611984 ], [ -80.039407002473439, 40.409800692197614 ], [ -80.039120266327004, 40.409439543471926 ], [ -80.038842652041311, 40.409167612712999 ], [ -80.037995019958771, 40.408654957064755 ], [ -80.037602182833098, 40.408519136460136 ], [ -80.037293882951616, 40.40839699622358 ], [ -80.037231134112261, 40.408331405968909 ], [ -80.036245207055529, 40.407184663877821 ], [ -80.036121685379058, 40.407064057482927 ], [ -80.036036649133791, 40.407005929325024 ], [ -80.035870652451095, 40.406930527002551 ], [ -80.03579082341912, 40.406920007879499 ], [ -80.035730057685825, 40.406928932917552 ], [ -80.035600797688872, 40.406975742832728 ], [ -80.035325258236455, 40.407078027741029 ], [ -80.034944169532849, 40.407216667427427 ], [ -80.034737569487035, 40.407282029648258 ], [ -80.034573340224028, 40.407298578101972 ], [ -80.034444387452098, 40.407256249769034 ], [ -80.034280867247077, 40.407069813280124 ], [ -80.034057314221727, 40.406766454774406 ], [ -80.033936741426899, 40.406545311112119 ], [ -80.033706211965068, 40.406026648346426 ], [ -80.033579455343457, 40.405712978671403 ], [ -80.03356539492296, 40.405595040462941 ], [ -80.033540129017524, 40.405368444456144 ], [ -80.033504089295334, 40.404987562629415 ], [ -80.033444665741371, 40.404359536859452 ], [ -80.033412667664749, 40.404021351312942 ], [ -80.033360489395918, 40.403649319928967 ], [ -80.033321832760649, 40.40348339983673 ], [ -80.033289527253132, 40.4033940238714 ], [ -80.032890818480567, 40.40274587990897 ], [ -80.032811736884483, 40.402608864814468 ], [ -80.032749973159795, 40.402470331706567 ], [ -80.032478472767735, 40.401723296136872 ], [ -80.032666991098239, 40.401535646340577 ], [ -80.03270353837415, 40.401533135699303 ], [ -80.036573829817158, 40.400809135391349 ], [ -80.036697895290786, 40.400785925004328 ], [ -80.035788264014073, 40.401543513228049 ], [ -80.035693147452136, 40.401622729485048 ], [ -80.03562265493612, 40.40169832772478 ], [ -80.035464790544168, 40.40382368902452 ], [ -80.035504988570935, 40.403921581165385 ], [ -80.035503495182752, 40.403963927544837 ], [ -80.035501250431238, 40.404027587745396 ], [ -80.035498655331267, 40.404101156611787 ], [ -80.03549205228245, 40.404288391392321 ], [ -80.035583839727224, 40.404290667761771 ], [ -80.035965434838801, 40.404255641850206 ], [ -80.035991936211659, 40.404253209214048 ], [ -80.036129760836076, 40.404242106438247 ], [ -80.036170109430003, 40.404245632054916 ], [ -80.036310573680595, 40.404263924363271 ], [ -80.036342742707205, 40.404268114540542 ], [ -80.036340090030563, 40.404626834021656 ], [ -80.036337572582127, 40.404967211289289 ], [ -80.036292691430845, 40.405285855233721 ], [ -80.036641613675485, 40.405313787059633 ], [ -80.036866952551918, 40.405311985832512 ], [ -80.037043577396744, 40.405263953622544 ], [ -80.037200017015664, 40.405150159144149 ], [ -80.037272469932034, 40.405045242107775 ], [ -80.0374709812574, 40.40478567623876 ], [ -80.037684404699164, 40.404564777431396 ], [ -80.038154306104147, 40.404160385671808 ], [ -80.039098644680479, 40.403502654790245 ], [ -80.040337358197831, 40.402535209659547 ], [ -80.040613662648369, 40.403268129637617 ], [ -80.040694645420757, 40.403445008995021 ], [ -80.040879574658149, 40.403312437112945 ], [ -80.040970636633162, 40.403388049317826 ], [ -80.04140375059869, 40.403634570175534 ], [ -80.041705124470894, 40.403822609327591 ], [ -80.042078663048798, 40.40414342031216 ], [ -80.043331085197366, 40.405463898665374 ], [ -80.04439266780949, 40.406539730377254 ], [ -80.044945476385877, 40.406990922792993 ], [ -80.047599680295832, 40.407779636019526 ], [ -80.045138727586476, 40.411764810706657 ], [ -80.044540231819269, 40.412735215826572 ], [ -80.044539650486144, 40.412736282323536 ], [ -80.04372183814526, 40.414050346933493 ], [ -80.042737502393123, 40.413449536882823 ] ] ] } },
{ "type": "Feature", "properties": { "Ward": 15, "District": 13, "Muni_War_1": "Pittsburgh Ward 15 Dist 13", "Gainey_2021_Total": 44, "Gainey_2025_Total": 70, "OConnor_2025_Total": 27, "Peduto_2021_Total": 38 }, "geometry": { "type": "Polygon", "coordinates": [ [ [ -79.942256927271202, 40.41548368202443 ], [ -79.941983261256453, 40.414989143528317 ], [ -79.941675270499942, 40.414465553126384 ], [ -79.941018762897841, 40.413483665233962 ], [ -79.940435801366093, 40.412442887531881 ], [ -79.939876599231255, 40.412701216649083 ], [ -79.939764783121205, 40.412886185737456 ], [ -79.939490917952298, 40.413339215088634 ], [ -79.939389269263657, 40.413458700591008 ], [ -79.938016776112207, 40.412191667543269 ], [ -79.936367206308162, 40.411850923904467 ], [ -79.939515383464723, 40.411491223735531 ], [ -79.940840100533904, 40.410885401768894 ], [ -79.941535132477455, 40.410564979089756 ], [ -79.942607283646382, 40.410312435595493 ], [ -79.941614667626439, 40.407372526448036 ], [ -79.943271766495997, 40.407090770160941 ], [ -79.943680430365362, 40.408571179602852 ], [ -79.943784750088724, 40.408575804371182 ], [ -79.944578879613204, 40.408404719367084 ], [ -79.945184449966419, 40.411202740497082 ], [ -79.945088794023874, 40.411398128345404 ], [ -79.945179831000019, 40.411788532674628 ], [ -79.945759419988022, 40.41344384538408 ], [ -79.946275992686012, 40.414490788711994 ], [ -79.943925234076858, 40.415191645046356 ], [ -79.943601765498443, 40.415306977930335 ], [ -79.942396873404988, 40.415736575540713 ], [ -79.942256927271202, 40.41548368202443 ] ] ] } },
{ "type": "Feature", "properties": { "Ward": 16, "District": 9, "Muni_War_1": "Pittsburgh Ward 16 Dist 9", "Gainey_2021_Total": 35, "Gainey_2025_Total": 55, "OConnor_2025_Total": 48, "Peduto_2021_Total": 47 }, "geometry": { "type": "Polygon", "coordinates": [ [ [ -79.981257935702658, 40.406948344067672 ], [ -79.981198630971278, 40.40727472904841 ], [ -79.981171828082736, 40.407422238005637 ], [ -79.980875296593638, 40.408995858013299 ], [ -79.980846941475633, 40.409232115441036 ], [ -79.980814900084525, 40.409499083862158 ], [ -79.981570548172016, 40.410414495915525 ], [ -79.981623559762099, 40.411319187307917 ], [ -79.981623730645723, 40.411321753315022 ], [ -79.981671792516153, 40.412042820250178 ], [ -79.981716183894662, 40.412772719969851 ], [ -79.981759773046164, 40.413500820733375 ], [ -79.98179630966024, 40.414111112763443 ], [ -79.981786320669102, 40.414111712054698 ], [ -79.977972185811936, 40.414232483726011 ], [ -79.977189311831879, 40.413982345241308 ], [ -79.976393388145524, 40.413628735903508 ], [ -79.975790883485857, 40.41331279062679 ], [ -79.975620847624256, 40.41324930737666 ], [ -79.975235082660731, 40.413179031571225 ], [ -79.974980959441297, 40.413126913838475 ], [ -79.974612868584515, 40.41302176580411 ], [ -79.974251949315047, 40.412888934194442 ], [ -79.973518444721947, 40.412664336208422 ], [ -79.972804386358135, 40.412525597709141 ], [ -79.972032948644269, 40.412457891932171 ], [ -79.971476765560155, 40.412333294237413 ], [ -79.970765002597062, 40.412115067931531 ], [ -79.969777871756449, 40.411874659060153 ], [ -79.968356446005984, 40.411905329298648 ], [ -79.967669183009093, 40.411734123154595 ], [ -79.967670353456, 40.412123174578923 ], [ -79.967251143119199, 40.412026817946355 ], [ -79.966546585379248, 40.411711754691382 ], [ -79.966110616691708, 40.411475530327323 ], [ -79.965879392771427, 40.411275121602742 ], [ -79.965590469159267, 40.41103184566937 ], [ -79.965488905159219, 40.410826644640061 ], [ -79.965252352566921, 40.410669399673488 ], [ -79.964689942525411, 40.410675798117126 ], [ -79.964061205836273, 40.410814396595569 ], [ -79.963687744001192, 40.410160742845228 ], [ -79.963749673175329, 40.410109373599745 ], [ -79.963539427194462, 40.409504384264672 ], [ -79.963533441031444, 40.409493735326237 ], [ -79.963567318435807, 40.409485164700833 ], [ -79.96358493271461, 40.409480708333689 ], [ -79.963633661560507, 40.409486427428405 ], [ -79.96377078102411, 40.409502521468269 ], [ -79.964151557815683, 40.409317108999744 ], [ -79.964217517762805, 40.409282556324293 ], [ -79.96439912453674, 40.409187423325527 ], [ -79.96441997838663, 40.40917649949607 ], [ -79.96525935166585, 40.408328183296973 ], [ -79.965211675291741, 40.407972930113957 ], [ -79.96619144641204, 40.407217848913263 ], [ -79.966455063792893, 40.407014683218449 ], [ -79.968890976110956, 40.405645809616274 ], [ -79.968934150962156, 40.405629949021289 ], [ -79.969015088484625, 40.405600216398597 ], [ -79.969202353314927, 40.405524085183956 ], [ -79.969209255214622, 40.405521278765725 ], [ -79.96931256990166, 40.405479276637436 ], [ -79.972225737158439, 40.405017756976122 ], [ -79.972606088393249, 40.404811919773209 ], [ -79.972816462053046, 40.404812532321998 ], [ -79.97294892495502, 40.40485426287588 ], [ -79.973135385247801, 40.404869318534146 ], [ -79.973302184322236, 40.404842802067833 ], [ -79.97371827256562, 40.404795172829154 ], [ -79.973963901051448, 40.404755485665262 ], [ -79.974498193748488, 40.404686932845621 ], [ -79.974847022205182, 40.404633603209881 ], [ -79.975308936330379, 40.404496525421159 ], [ -79.975566262513595, 40.404349404819477 ], [ -79.975689332785322, 40.404291101254806 ], [ -79.975872181022169, 40.404196685993348 ], [ -79.975946094029936, 40.404034455461314 ], [ -79.976097502924887, 40.404003571260468 ], [ -79.976296967173681, 40.403950785376914 ], [ -79.976636028378948, 40.4037297731441 ], [ -79.97670206017095, 40.403762156046668 ], [ -79.976764791271734, 40.403770178808237 ], [ -79.976792729793601, 40.403806619443941 ], [ -79.976918116935266, 40.40386481933492 ], [ -79.977427646487314, 40.404101319418885 ], [ -79.977370105534291, 40.404153418912102 ], [ -79.978162662547078, 40.404557519802843 ], [ -79.978566730632281, 40.404851205899384 ], [ -79.979020509363849, 40.405217714222466 ], [ -79.979095050920918, 40.405280172300564 ], [ -79.97934845859767, 40.40542141389372 ], [ -79.97950482989215, 40.405463005264764 ], [ -79.979612245484788, 40.405496210182221 ], [ -79.979699373904353, 40.405592093487925 ], [ -79.97986382956465, 40.405732547633811 ], [ -79.980021003594487, 40.40583724568463 ], [ -79.980080553099256, 40.405876912969767 ], [ -79.980164533318444, 40.405914610331173 ], [ -79.980252831993994, 40.405954246720448 ], [ -79.980351574818826, 40.405966755858785 ], [ -79.98043867437336, 40.405925772985874 ], [ -79.98075289185023, 40.405665196022412 ], [ -79.980959169983848, 40.405779541460603 ], [ -79.98106063734491, 40.405792942387222 ], [ -79.981240011247152, 40.405766456219247 ], [ -79.981452600872643, 40.405855018192995 ], [ -79.981441980609972, 40.405920253425066 ], [ -79.981408228254963, 40.406127580073203 ], [ -79.981257935702658, 40.406948344067672 ] ] ] } },
{ "type": "Feature", "properties": { "Ward": 15, "District": 15, "Muni_War_1": "Pittsburgh Ward 15 Dist 15", "Gainey_2021_Total": 18, "Gainey_2025_Total": 11, "OConnor_2025_Total": 25, "Peduto_2021_Total": 13 }, "geometry": { "type": "Polygon", "coordinates": [ [ [ -79.944578879613204, 40.408404719367084 ], [ -79.943961290383868, 40.405290721011234 ], [ -79.943802368284437, 40.405207223696763 ], [ -79.943687417525723, 40.404678199557324 ], [ -79.943453354167559, 40.403445135763356 ], [ -79.942863186307449, 40.402251441240892 ], [ -79.94680451107817, 40.399351604848839 ], [ -79.946804556853195, 40.399351635508623 ], [ -79.948135673711988, 40.400422672154406 ], [ -79.949021889235169, 40.401306307369779 ], [ -79.949915011016131, 40.402401125884957 ], [ -79.950025126379671, 40.402560231430051 ], [ -79.950849703404884, 40.403751633205445 ], [ -79.951621587490592, 40.405367297247366 ], [ -79.952201096414967, 40.407245858719634 ], [ -79.952613200806042, 40.408854268837224 ], [ -79.952836706256875, 40.410033425914193 ], [ -79.952955351211031, 40.410659348684987 ], [ -79.953150789246408, 40.412581579710242 ], [ -79.946275992686012, 40.414490788711994 ], [ -79.945759419988022, 40.41344384538408 ], [ -79.945179831000019, 40.411788532674628 ], [ -79.945088794023874, 40.411398128345404 ], [ -79.945184449966419, 40.411202740497082 ], [ -79.944578879613204, 40.408404719367084 ] ] ] } },
{ "type": "Feature", "properties": { "Ward": 19, "District": 36, "Muni_War_1": "Pittsburgh Ward 19 Dist 36", "Gainey_2021_Total": 40, "Gainey_2025_Total": 41, "OConnor_2025_Total": 164, "Peduto_2021_Total": 82 }, "geometry": { "type": "Polygon", "coordinates": [ [ [ -80.008408651013426, 40.411599229091856 ], [ -80.008065705873975, 40.410757544731389 ], [ -80.007837908417926, 40.410404428723716 ], [ -80.00721169394059, 40.409872976647087 ], [ -80.006315031962629, 40.409323724899686 ], [ -80.005875671926162, 40.408672517511178 ], [ -80.005863754019771, 40.407823303661537 ], [ -80.005932917567961, 40.407147678931494 ], [ -80.005807726481933, 40.406532207820895 ], [ -80.005209592070074, 40.405764480185383 ], [ -80.004454416001337, 40.405247459799838 ], [ -80.003700975888592, 40.4047433609365 ], [ -80.002997433922033, 40.404179330881995 ], [ -80.002469156886846, 40.403482881698608 ], [ -80.002526725167641, 40.403459199844058 ], [ -80.002838077014488, 40.403267636317238 ], [ -80.003175567244782, 40.403056379402265 ], [ -80.003326235855994, 40.402959740488761 ], [ -80.003471426498606, 40.402797689482867 ], [ -80.003630406258594, 40.402620246925501 ], [ -80.003721863299091, 40.402518167463192 ], [ -80.005185937244477, 40.402462986747651 ], [ -80.005735439363804, 40.402354089373539 ], [ -80.006598601959894, 40.402216970482989 ], [ -80.007033841688994, 40.402165435490566 ], [ -80.00749476059832, 40.402186194025809 ], [ -80.007927196805497, 40.402209080534426 ], [ -80.009521848555124, 40.402257673992757 ], [ -80.009503962308344, 40.402631382587629 ], [ -80.012021418114998, 40.402682376736628 ], [ -80.012017033691066, 40.40276010390258 ], [ -80.012000939760057, 40.403045421560108 ], [ -80.014270379629167, 40.403103745002987 ], [ -80.014959835316162, 40.403121454410318 ], [ -80.015359796029244, 40.403190156775459 ], [ -80.015616921871711, 40.403254518483145 ], [ -80.015417046760732, 40.403737606149299 ], [ -80.015365936298423, 40.403956035634401 ], [ -80.015159581722926, 40.404990149905771 ], [ -80.015030439935771, 40.405637307535706 ], [ -80.016623421978295, 40.405971810320189 ], [ -80.016859628796084, 40.406044107827242 ], [ -80.016951444639872, 40.406069928811405 ], [ -80.018484041806445, 40.406418614757818 ], [ -80.018425946639724, 40.406643690870894 ], [ -80.018375039771755, 40.406840919798299 ], [ -80.018308445057173, 40.407136390709759 ], [ -80.018265472081467, 40.407327053014136 ], [ -80.018230179572669, 40.407483639658963 ], [ -80.018185953472155, 40.407637868421148 ], [ -80.018107287620126, 40.407847761059216 ], [ -80.017985996387822, 40.408099281102366 ], [ -80.017839644987859, 40.408348970547543 ], [ -80.017810167272529, 40.408398027990167 ], [ -80.017779788890721, 40.408448586872723 ], [ -80.017406209275705, 40.408141427907054 ], [ -80.017187881783073, 40.408325862705638 ], [ -80.016862115059965, 40.408505815724851 ], [ -80.015874073608714, 40.409436158291577 ], [ -80.015780895783905, 40.409375859061512 ], [ -80.015275074319149, 40.409617212380624 ], [ -80.014467817710795, 40.409917468189079 ], [ -80.013374607092345, 40.410227414679177 ], [ -80.012453689277422, 40.410473373264452 ], [ -80.011664690943235, 40.410632096712696 ], [ -80.010690622359888, 40.411034763114529 ], [ -80.010200343944433, 40.411532960149188 ], [ -80.010844064151726, 40.411969231138386 ], [ -80.010480759453415, 40.412384023504714 ], [ -80.010204267550691, 40.412722805413395 ], [ -80.01007845488104, 40.413012859930824 ], [ -80.010068046240335, 40.413036886634991 ], [ -80.0095366420543, 40.41273946970805 ], [ -80.008887708981661, 40.412308442019395 ], [ -80.00865217620327, 40.412019663351629 ], [ -80.008408651013426, 40.411599229091856 ] ] ] } },
{ "type": "Feature", "properties": { "Ward": 15, "District": 16, "Muni_War_1": "Pittsburgh Ward 15 Dist 16", "Gainey_2021_Total": 59, "Gainey_2025_Total": 72, "OConnor_2025_Total": 56, "Peduto_2021_Total": 35 }, "geometry": { "type": "Polygon", "coordinates": [ [ [ -79.929819121940227, 40.410273029044419 ], [ -79.932692923680833, 40.409612267880725 ], [ -79.936510804611217, 40.405153646643726 ], [ -79.937082642538201, 40.405342322560742 ], [ -79.937397109783561, 40.405513904360809 ], [ -79.938208592080841, 40.40584383179786 ], [ -79.939719127277471, 40.406463818295158 ], [ -79.939946378486482, 40.407655759103896 ], [ -79.941614667626439, 40.407372526448036 ], [ -79.942607283646382, 40.410312435595493 ], [ -79.941535132477455, 40.410564979089756 ], [ -79.940840100533904, 40.410885401768894 ], [ -79.939515383464723, 40.411491223735531 ], [ -79.936367206308162, 40.411850923904467 ], [ -79.935700321175233, 40.412320129773818 ], [ -79.934763262980411, 40.412738664697585 ], [ -79.934203894399801, 40.412920028666456 ], [ -79.933390756531082, 40.413189192740305 ], [ -79.932293116079848, 40.413711223105132 ], [ -79.929819121940227, 40.410273029044419 ] ] ] } },
{ "type": "Feature", "properties": { "Ward": 19, "District": 19, "Muni_War_1": "Pittsburgh Ward 19 Dist 19", "Gainey_2021_Total": 43, "Gainey_2025_Total": 33, "OConnor_2025_Total": 76, "Peduto_2021_Total": 44 }, "geometry": { "type": "Polygon", "coordinates": [ [ [ -80.019221629009849, 40.409691628502827 ], [ -80.019354854087908, 40.409536017471183 ], [ -80.019732880237228, 40.409205251259209 ], [ -80.019243355112991, 40.408997376085026 ], [ -80.018854280746908, 40.408853337537607 ], [ -80.018269468206483, 40.408636831986968 ], [ -80.018074454376517, 40.408561864360983 ], [ -80.01805833833636, 40.408555668294433 ], [ -80.017779788890721, 40.408448586872723 ], [ -80.017810167272529, 40.408398027990167 ], [ -80.017839644987859, 40.408348970547543 ], [ -80.017985996387822, 40.408099281102366 ], [ -80.018107287620126, 40.407847761059216 ], [ -80.018185953472155, 40.407637868421148 ], [ -80.018230179572669, 40.407483639658963 ], [ -80.018265472081467, 40.407327053014136 ], [ -80.018308445057173, 40.407136390709759 ], [ -80.018375039771755, 40.406840919798299 ], [ -80.018425946639724, 40.406643690870894 ], [ -80.018484041806445, 40.406418614757818 ], [ -80.018527288825808, 40.406254163736051 ], [ -80.018622965939301, 40.405952216951142 ], [ -80.018735952570594, 40.405595637001653 ], [ -80.018800139597346, 40.405354921355425 ], [ -80.018927980538578, 40.405324522942074 ], [ -80.019112104592864, 40.405365612361734 ], [ -80.019471140075225, 40.405427463491648 ], [ -80.020009146252292, 40.405323304311111 ], [ -80.020256949493671, 40.405268974749788 ], [ -80.020448325275623, 40.405338751610891 ], [ -80.020468343593066, 40.405571602252721 ], [ -80.020475144842237, 40.406001217645056 ], [ -80.020485960863056, 40.406684456532496 ], [ -80.023551345637827, 40.406657707291735 ], [ -80.023563131966569, 40.407554105188247 ], [ -80.024574090716186, 40.407534115002939 ], [ -80.024641325227236, 40.408609792913687 ], [ -80.024650177006933, 40.409185929468983 ], [ -80.024672737975024, 40.41056770152386 ], [ -80.020462041316549, 40.410707633366101 ], [ -80.020461385334386, 40.410705650789652 ], [ -80.020252567755165, 40.41050836946237 ], [ -80.019956304970535, 40.410215829142231 ], [ -80.019773647113823, 40.41003921730735 ], [ -80.019609902782548, 40.409901270007843 ], [ -80.019501341439124, 40.409832369787665 ], [ -80.019359426935409, 40.409757045585785 ], [ -80.019221629009849, 40.409691628502827 ] ] ] } },
{ "type": "Feature", "properties": { "Ward": 19, "District": 18, "Muni_War_1": "Pittsburgh Ward 19 Dist 18", "Gainey_2021_Total": 40, "Gainey_2025_Total": 42, "OConnor_2025_Total": 81, "Peduto_2021_Total": 41 }, "geometry": { "type": "Polygon", "coordinates": [ [ [ -80.024574090716186, 40.407534115002939 ], [ -80.024540992642201, 40.406868122511113 ], [ -80.024524647474934, 40.406360091174605 ], [ -80.024729862572116, 40.406014267621401 ], [ -80.025345760901914, 40.406223268735779 ], [ -80.027522488899237, 40.405782464415985 ], [ -80.028222782028323, 40.406496237215308 ], [ -80.02742489564497, 40.406894076381768 ], [ -80.027703006642326, 40.40720694321223 ], [ -80.027795386499335, 40.407160635348092 ], [ -80.027803260835483, 40.407628971024195 ], [ -80.028111489901008, 40.407642111612986 ], [ -80.028419995740492, 40.407749466645399 ], [ -80.02881572383113, 40.407916471513722 ], [ -80.02947269507122, 40.408192223942294 ], [ -80.029826089171323, 40.408314240613095 ], [ -80.030009357505335, 40.408342801112845 ], [ -80.030141780322978, 40.408418029534701 ], [ -80.030180630899011, 40.408432512883046 ], [ -80.02980098517402, 40.409008819771458 ], [ -80.030215154051191, 40.409163293088973 ], [ -80.03059334771514, 40.409294061995247 ], [ -80.030993228324448, 40.409393693582238 ], [ -80.031008768516699, 40.409495407386991 ], [ -80.031094105814603, 40.409735191967286 ], [ -80.030955362479133, 40.410200450219186 ], [ -80.030904897411958, 40.410389527024407 ], [ -80.030781217807899, 40.410383229726527 ], [ -80.024672737975024, 40.41056770152386 ], [ -80.024650177006933, 40.409185929468983 ], [ -80.024641325227236, 40.408609792913687 ], [ -80.024574090716186, 40.407534115002939 ] ] ] } },
{ "type": "Feature", "properties": { "Ward": 15, "District": 19, "Muni_War_1": "Pittsburgh Ward 15 Dist 19", "Gainey_2021_Total": 43, "Gainey_2025_Total": 91, "OConnor_2025_Total": 35, "Peduto_2021_Total": 26 }, "geometry": { "type": "Polygon", "coordinates": [ [ [ -79.921100626789098, 40.408311510456791 ], [ -79.921198833054689, 40.408216661889718 ], [ -79.92244361555835, 40.406559429226839 ], [ -79.923564468931815, 40.405119364029254 ], [ -79.924056785581527, 40.40448681689309 ], [ -79.924715085195956, 40.403771540756502 ], [ -79.925532277980921, 40.402883594818981 ], [ -79.926242677737321, 40.40206226329623 ], [ -79.927225298775483, 40.40092616286497 ], [ -79.929156611379483, 40.399256001359049 ], [ -79.931564508801287, 40.398160403317526 ], [ -79.932199662669959, 40.397925333794689 ], [ -79.932995603824068, 40.397635103487644 ], [ -79.934147996871786, 40.397288658930712 ], [ -79.935393799213657, 40.39708759210599 ], [ -79.935720850493269, 40.399759392851564 ], [ -79.935266341602926, 40.404835244579104 ], [ -79.935452039799983, 40.404819297148542 ], [ -79.935840686657016, 40.404897064696186 ], [ -79.936510804611217, 40.405153646643726 ], [ -79.932692923680833, 40.409612267880725 ], [ -79.929819121940227, 40.410273029044419 ], [ -79.929438543201414, 40.409744089629157 ], [ -79.925486172561094, 40.41144692344465 ], [ -79.921100626789098, 40.408311510456791 ] ] ] } },
{ "type": "Feature", "properties": { "Ward": 31, "District": 1, "Muni_War_1": "Pittsburgh Ward 31 Dist 1", "Gainey_2021_Total": 11, "Gainey_2025_Total": 13, "OConnor_2025_Total": 29, "Peduto_2021_Total": 16 }, "geometry": { "type": "Polygon", "coordinates": [ [ [ -79.937757857218273, 40.396950436906323 ], [ -79.935393799213657, 40.39708759210599 ], [ -79.934147996871786, 40.397288658930712 ], [ -79.932995603824068, 40.397635103487644 ], [ -79.933007543096352, 40.397630750018777 ], [ -79.932683062628399, 40.394859235646528 ], [ -79.932554458306086, 40.393552783956565 ], [ -79.932498784007862, 40.392962813452392 ], [ -79.932482691564445, 40.392807843693916 ], [ -79.932397383414127, 40.391878064740197 ], [ -79.932357265698499, 40.391499427001229 ], [ -79.931656318554104, 40.391040118164796 ], [ -79.931480438536653, 40.390917461520822 ], [ -79.929649729462412, 40.389709269201646 ], [ -79.929539430093655, 40.389793169926712 ], [ -79.929336899985927, 40.38997318994921 ], [ -79.929304935739978, 40.389999970675056 ], [ -79.927906475321009, 40.391171075884927 ], [ -79.925265590511302, 40.388923002252405 ], [ -79.923726448070198, 40.38682578291526 ], [ -79.923386427065111, 40.384345888429493 ], [ -79.923497235341102, 40.382779975547372 ], [ -79.923807845173158, 40.381706567597938 ], [ -79.923756939635069, 40.381435228432778 ], [ -79.923540286682567, 40.380280406668959 ], [ -79.923376463914963, 40.379407152995952 ], [ -79.923564415184856, 40.379150234420145 ], [ -79.923630113898469, 40.379141379785537 ], [ -79.923678415591723, 40.379125996136551 ], [ -79.923863462048402, 40.379053771218913 ], [ -79.923814738427708, 40.3790405683947 ], [ -79.923712824054931, 40.378979245311641 ], [ -79.923684122781083, 40.37896403218199 ], [ -79.923523454511667, 40.378896673913104 ], [ -79.923024496433769, 40.378692091762694 ], [ -79.922711172679897, 40.378565854550651 ], [ -79.922531151108402, 40.378490626099669 ], [ -79.922293772304585, 40.378388346054578 ], [ -79.922221277554058, 40.378352939282607 ], [ -79.922010050404808, 40.378249772045073 ], [ -79.921949320023415, 40.378217175206785 ], [ -79.921802338098402, 40.378126507489384 ], [ -79.921605887030211, 40.378004057743176 ], [ -79.92144518690219, 40.377894397851136 ], [ -79.921231665780553, 40.377743435334814 ], [ -79.921070828022877, 40.377625829162206 ], [ -79.920971091672186, 40.377515593338437 ], [ -79.920899061073868, 40.377433933630783 ], [ -79.920817404563067, 40.37734135977545 ], [ -79.920774702083762, 40.377274181333142 ], [ -79.920737999350095, 40.3772069405154 ], [ -79.920662363613886, 40.3770190495243 ], [ -79.920612325747129, 40.376739825481756 ], [ -79.920572202611865, 40.376416871503558 ], [ -79.920590850020176, 40.37616085428575 ], [ -79.920633108106799, 40.375875497755615 ], [ -79.920681925469808, 40.375520145551093 ], [ -79.920683688505861, 40.375350660717658 ], [ -79.920627922998918, 40.375048662249796 ], [ -79.920552774784426, 40.374747191232636 ], [ -79.920465444354647, 40.374539578340809 ], [ -79.920309548658196, 40.374227986028565 ], [ -79.920365575078151, 40.374180550593465 ], [ -79.924391310210012, 40.372516272919242 ], [ -79.924411507702587, 40.372512265586195 ], [ -79.924412391275709, 40.372514063296776 ], [ -79.924681833528368, 40.373062209770005 ], [ -79.924707390837071, 40.373235017966614 ], [ -79.924734143787688, 40.37341590786243 ], [ -79.924981884121721, 40.37509096392688 ], [ -79.926519294574135, 40.375001374187583 ], [ -79.9265686973079, 40.374997786115372 ], [ -79.926631646171145, 40.374993214719694 ], [ -79.927212532445338, 40.374944248946044 ], [ -79.928866675961828, 40.37480625573334 ], [ -79.929051587988027, 40.374790843520159 ], [ -79.931179828034331, 40.374613246779035 ], [ -79.932101030379954, 40.37453636721488 ], [ -79.938100003342356, 40.374069475906445 ], [ -79.939439433870149, 40.373941931750728 ], [ -79.940626044169491, 40.374666041486314 ], [ -79.94065034259134, 40.374680868247395 ], [ -79.942689596579498, 40.375937403820494 ], [ -79.942733735966655, 40.375964601594525 ], [ -79.943026483313872, 40.375650660749997 ], [ -79.943666305985531, 40.374964501827044 ], [ -79.943763328354549, 40.37502347536968 ], [ -79.944510772092229, 40.375477795903343 ], [ -79.945500185305193, 40.376079177271514 ], [ -79.945456555485308, 40.376121020231828 ], [ -79.943332757093231, 40.378157788989704 ], [ -79.943493295439069, 40.378249684856684 ], [ -79.944060408633632, 40.378574309767387 ], [ -79.943998896162441, 40.378635997691781 ], [ -79.943152850141644, 40.379484487516116 ], [ -79.942889164352565, 40.37932542986853 ], [ -79.942837143582977, 40.379376234465475 ], [ -79.942535492010379, 40.379670827790953 ], [ -79.94247550496911, 40.379677151492359 ], [ -79.941500016871984, 40.379779979286262 ], [ -79.941182779779339, 40.379817020284726 ], [ -79.939328636004035, 40.380033490109852 ], [ -79.938278066124411, 40.380160727014776 ], [ -79.936536054218749, 40.380637950421537 ], [ -79.935765645800899, 40.380855435208666 ], [ -79.935473248050215, 40.380950642291218 ], [ -79.935471404043724, 40.381637992133278 ], [ -79.935506621303787, 40.382149154128541 ], [ -79.935530892704847, 40.382501493261735 ], [ -79.935403147412288, 40.38347338809541 ], [ -79.93538476713104, 40.383613221563884 ], [ -79.935398669740394, 40.38372005225014 ], [ -79.935513663178767, 40.384574258683415 ], [ -79.935785850281249, 40.386469013813496 ], [ -79.936029426785268, 40.388148279864303 ], [ -79.936124429717452, 40.388800453411172 ], [ -79.942092928519244, 40.388213685099998 ], [ -79.943647897960119, 40.38910159390565 ], [ -79.943841070162392, 40.389031507984704 ], [ -79.944395262454393, 40.390177306717597 ], [ -79.94633959898006, 40.390267563958844 ], [ -79.947377616537423, 40.390110915286833 ], [ -79.949175619315056, 40.390582623425139 ], [ -79.949168826042055, 40.390644514038122 ], [ -79.949154065741482, 40.391229549882354 ], [ -79.949502491467214, 40.391240349245955 ], [ -79.949503327099805, 40.391218153805312 ], [ -79.949512771050777, 40.390967202055656 ], [ -79.949519815782736, 40.390779995015237 ], [ -79.949520787854027, 40.390726620416388 ], [ -79.949531980561332, 40.390729689103146 ], [ -79.949617951403042, 40.390764950408695 ], [ -79.949646520515458, 40.390776671603263 ], [ -79.949681983405782, 40.390791217238252 ], [ -79.949693061573754, 40.390795760120291 ], [ -79.949693133219213, 40.390795789385201 ], [ -79.949693398141306, 40.390795856408538 ], [ -79.949771718589417, 40.390815915141012 ], [ -79.949773488887658, 40.390816368789721 ], [ -79.949773913036196, 40.39081640485248 ], [ -79.949899050618995, 40.390826995295164 ], [ -79.949959718842791, 40.390823970163922 ], [ -79.950098657159359, 40.390801312845774 ], [ -79.950138041902818, 40.390790247432442 ], [ -79.950167621650479, 40.390781929110751 ], [ -79.95020050680867, 40.390772688366447 ], [ -79.950228871390237, 40.390764718397925 ], [ -79.950270889891755, 40.390752909982155 ], [ -79.950297050267167, 40.390745561258747 ], [ -79.950394580038491, 40.390718152218675 ], [ -79.95040013587122, 40.390717014848008 ], [ -79.950419751506004, 40.390711261937774 ], [ -79.950441748127702, 40.390704817725243 ], [ -79.950453275075191, 40.39070143960199 ], [ -79.950459619143615, 40.39069958002132 ], [ -79.950486794955438, 40.390691612822245 ], [ -79.950520318475768, 40.390681789566628 ], [ -79.950553838307201, 40.390671961867042 ], [ -79.950559384144356, 40.390670337305963 ], [ -79.950574500975321, 40.390665908804799 ], [ -79.950608020967067, 40.390656086491376 ], [ -79.950641547749697, 40.390646255930712 ], [ -79.950675060569097, 40.39063643103146 ], [ -79.950694861847822, 40.390630627690058 ], [ -79.950708583975953, 40.390626605920509 ], [ -79.950712041869963, 40.390625590497201 ], [ -79.950717349551198, 40.390624033528418 ], [ -79.950722768152104, 40.390622445617446 ], [ -79.950740541156591, 40.390617238565063 ], [ -79.950750875359333, 40.39061421016094 ], [ -79.950771059370069, 40.390608293208679 ], [ -79.950784396330477, 40.390604383272191 ], [ -79.950844556876135, 40.390585828160077 ], [ -79.950877847668409, 40.390575555193422 ], [ -79.950911145750169, 40.39056528928495 ], [ -79.950944430869711, 40.390555023613764 ], [ -79.950996293021745, 40.390539025619866 ], [ -79.951011019624275, 40.390534482880348 ], [ -79.951067782966703, 40.390518338280884 ], [ -79.951078511031838, 40.390515285222648 ], [ -79.951101424039436, 40.390508764857358 ], [ -79.951135078201517, 40.390499195678672 ], [ -79.951138240588406, 40.390498295782017 ], [ -79.951168719284567, 40.390489623135814 ], [ -79.951184931648683, 40.390485010611428 ], [ -79.951203345740254, 40.390479774149028 ], [ -79.951209972977765, 40.390477892011724 ], [ -79.951243626903576, 40.390468316499117 ], [ -79.951267592966673, 40.390461500358178 ], [ -79.951277268102643, 40.390458748426177 ], [ -79.951283713119849, 40.390456914801952 ], [ -79.951310915032664, 40.390449175729621 ], [ -79.951344559627557, 40.390439603968431 ], [ -79.951411855941643, 40.390420462982867 ], [ -79.951476818957858, 40.39040141689059 ], [ -79.951478021026105, 40.390401065153846 ], [ -79.951510345663749, 40.390391591479236 ], [ -79.951530139734132, 40.390385788129102 ], [ -79.951543861762744, 40.390381766260184 ], [ -79.95156673684059, 40.390375060943597 ], [ -79.951577384916689, 40.390371940896678 ], [ -79.951639877354665, 40.3903536228758 ], [ -79.951670376972913, 40.390345595622946 ], [ -79.951676196772439, 40.390344063978951 ], [ -79.951680959339029, 40.390342809241965 ], [ -79.951710141226428, 40.39033512781473 ], [ -79.951737220417471, 40.390327999971355 ], [ -79.951744089203885, 40.390326191573216 ], [ -79.951748670671236, 40.390324983528494 ], [ -79.951782618609059, 40.390316046375261 ], [ -79.951812023664843, 40.390308308415754 ], [ -79.951816558471876, 40.390307114771147 ], [ -79.951843058289839, 40.390300141189023 ], [ -79.951870277631997, 40.390292976408226 ], [ -79.951911347165293, 40.390283806124323 ], [ -79.95194580471167, 40.390276117727069 ], [ -79.951966604990503, 40.390271473457709 ], [ -79.951974026539233, 40.390269815761535 ], [ -79.952001065909855, 40.390263780475024 ], [ -79.952014320675787, 40.390260822384249 ], [ -79.952035531589914, 40.390256089192846 ], [ -79.952069990167985, 40.390248397134798 ], [ -79.952075100473195, 40.390247256467148 ], [ -79.952104453389296, 40.390240703175984 ], [ -79.952151818467939, 40.390231657784298 ], [ -79.9521866491053, 40.390225006313116 ], [ -79.952205122380136, 40.390221480221904 ], [ -79.952221479823976, 40.390218357532383 ], [ -79.95225630812206, 40.390211706985433 ], [ -79.952285427088611, 40.390206145468582 ], [ -79.952313596419614, 40.390200764213532 ], [ -79.95234044500593, 40.390195636062806 ], [ -79.952375364077355, 40.390191190892253 ], [ -79.952378943867316, 40.390190735239237 ], [ -79.952414361472862, 40.390186222892297 ], [ -79.95244334937675, 40.390182531349069 ], [ -79.952478756611555, 40.390178026387048 ], [ -79.952510504103969, 40.390173982199805 ], [ -79.952514174233144, 40.390173514909776 ], [ -79.952520717789113, 40.390172681109007 ], [ -79.952543625546951, 40.390169763152244 ], [ -79.952558524275233, 40.390167865501454 ], [ -79.952579033798941, 40.390165253635409 ], [ -79.95262254120918, 40.390163064320937 ], [ -79.952633154671048, 40.390162533049669 ], [ -79.952635016674208, 40.390162438974961 ], [ -79.952670845434184, 40.390160634844662 ], [ -79.952706662417739, 40.390158830927852 ], [ -79.95274248407982, 40.390157026009781 ], [ -79.952775540567671, 40.390155366619972 ], [ -79.952785919919066, 40.390154846106725 ], [ -79.952821527456237, 40.390153050653993 ], [ -79.952821743873088, 40.390153039318498 ], [ -79.952876385631612, 40.39015299509159 ], [ -79.952883670157419, 40.390152988551939 ], [ -79.952889704697839, 40.390152984237176 ], [ -79.9529256053615, 40.390152950677546 ], [ -79.95292566661854, 40.390152950409764 ], [ -79.952950678951737, 40.390152931777621 ], [ -79.952960557791528, 40.390152923485672 ], [ -79.952971059828371, 40.390152913213143 ], [ -79.952993318685401, 40.390152893049979 ], [ -79.953006959343838, 40.390152880551007 ], [ -79.95302953993999, 40.390152863251352 ], [ -79.953031627624952, 40.390152861258208 ], [ -79.95306543954355, 40.390152833271969 ], [ -79.953103556246191, 40.390154023107442 ], [ -79.953131336778057, 40.390154890333385 ], [ -79.953162946707849, 40.39015587457385 ], [ -79.953163225057452, 40.390155883677053 ], [ -79.953163423193132, 40.390155889806302 ], [ -79.953220043437327, 40.39015765986769 ], [ -79.953272411964477, 40.390159296618464 ], [ -79.953310089897045, 40.390160471335129 ], [ -79.953350334108933, 40.390161362844111 ], [ -79.9533603336547, 40.390161587343222 ], [ -79.953363422789948, 40.390161657223494 ], [ -79.953399309250898, 40.390162451692177 ], [ -79.953409800383639, 40.390162684824254 ], [ -79.953435192239183, 40.390163248017728 ], [ -79.953445507696159, 40.390163477291807 ], [ -79.953471079967457, 40.390164045142576 ], [ -79.953481289306822, 40.390164271934069 ], [ -79.95348936460141, 40.390164452062564 ], [ -79.953543494371516, 40.390165650588685 ], [ -79.95357651455339, 40.390166560958868 ], [ -79.953599446235017, 40.390167192685354 ], [ -79.953612216325425, 40.390167544466301 ], [ -79.95363532259438, 40.390168182763531 ], [ -79.953661837971737, 40.390168911848384 ], [ -79.953671201192137, 40.390169169184375 ], [ -79.953678714163686, 40.390169375345984 ], [ -79.95369236507787, 40.390169749045981 ], [ -79.953714596206908, 40.390170358984996 ], [ -79.953735203658425, 40.390170928737845 ], [ -79.953750469125438, 40.390171351795765 ], [ -79.953762677866905, 40.390171687247026 ], [ -79.953786348933434, 40.390172339058701 ], [ -79.953822696018491, 40.390170424681152 ], [ -79.953833293283438, 40.390169866582298 ], [ -79.953838566055907, 40.390169589377344 ], [ -79.953860469767832, 40.390168434416005 ], [ -79.953896282842308, 40.390166547323851 ], [ -79.953906797801778, 40.390165994392554 ], [ -79.953910189879835, 40.39016581614073 ], [ -79.953946002980956, 40.390163929933415 ], [ -79.953951068696711, 40.390163662080553 ], [ -79.954022613765517, 40.390159894781497 ], [ -79.954022703163957, 40.390159890372509 ], [ -79.954062179572517, 40.390152745163952 ], [ -79.954071724032502, 40.390150542320448 ], [ -79.954100940873204, 40.390143797426425 ], [ -79.954115341809015, 40.3901395010352 ], [ -79.954138569737282, 40.390132570455549 ], [ -79.954158454963135, 40.390124912708757 ], [ -79.954174595903609, 40.39011869846459 ], [ -79.95420649023913, 40.390103241416234 ], [ -79.954228314258714, 40.390084959557939 ], [ -79.95429351986634, 40.390030363180443 ], [ -79.954306288661755, 40.3900196701737 ], [ -79.954333094667433, 40.389997223034023 ], [ -79.954353664233423, 40.389979999303002 ], [ -79.954491011215822, 40.389953297759853 ], [ -79.954920277489236, 40.389821489877811 ], [ -79.956479111855202, 40.389874543622724 ], [ -79.957718275111347, 40.389910791986914 ], [ -79.957917371369703, 40.393156548021651 ], [ -79.95803920189077, 40.395385644240427 ], [ -79.959924131303495, 40.395597863452828 ], [ -79.959511749666078, 40.397562872379815 ], [ -79.960780667817929, 40.397782896411073 ], [ -79.960966512236226, 40.397813628609306 ], [ -79.960972928791819, 40.397814689515208 ], [ -79.960972977367774, 40.397814697593965 ], [ -79.961054662727193, 40.397823593763931 ], [ -79.961177997297654, 40.397837025619069 ], [ -79.961178031565652, 40.397837028566435 ], [ -79.961178068247762, 40.397837033269361 ], [ -79.96132438781693, 40.39784627272595 ], [ -79.961721462650132, 40.397863688836189 ], [ -79.96187477346686, 40.397870413588812 ], [ -79.962051127988317, 40.397888906330955 ], [ -79.962070994472171, 40.397890988794451 ], [ -79.962202601517106, 40.397904788118204 ], [ -79.96231177353107, 40.397916941456323 ], [ -79.962382928861274, 40.397925057357838 ], [ -79.962384656870995, 40.39792525487826 ], [ -79.962418432638444, 40.397929107699028 ], [ -79.96243296419118, 40.397930774301017 ], [ -79.962456390245578, 40.397933462360989 ], [ -79.962472554281049, 40.397935359838151 ], [ -79.962473247445971, 40.397935441150452 ], [ -79.962496868283282, 40.397938211954802 ], [ -79.962521740646977, 40.397941130844437 ], [ -79.962522282402063, 40.397941194337129 ], [ -79.962528452263172, 40.397941917550455 ], [ -79.962565430335005, 40.397946261214386 ], [ -79.96267285156155, 40.397963736803547 ], [ -79.962743242916844, 40.397980068703603 ], [ -79.962755280295085, 40.397982859602365 ], [ -79.962777657172509, 40.397988048714872 ], [ -79.962878807285421, 40.398019788938434 ], [ -79.962973430865986, 40.398060303456425 ], [ -79.963003679146141, 40.39807577564509 ], [ -79.963420157415754, 40.398303387774497 ], [ -79.963478636713646, 40.398332343608459 ], [ -79.963503070107635, 40.398414041569723 ], [ -79.963517341837033, 40.398460316328809 ], [ -79.963646779833198, 40.398880004207456 ], [ -79.963904461985933, 40.399715490817876 ], [ -79.96479470680606, 40.399687094698564 ], [ -79.969054042917719, 40.400468293716791 ], [ -79.969372738605273, 40.400880403247989 ], [ -79.97031374770782, 40.40209720011115 ], [ -79.970865445012663, 40.402810561594464 ], [ -79.970841063070196, 40.402853882507351 ], [ -79.970834054624021, 40.402866334078197 ], [ -79.970871058220482, 40.403254073923272 ], [ -79.97095268374369, 40.403406882351824 ], [ -79.970961485440213, 40.403423357717095 ], [ -79.970901262326464, 40.403434542565286 ], [ -79.970735680000701, 40.403465295178336 ], [ -79.970694610576615, 40.403545704446216 ], [ -79.970105566341985, 40.404756212384989 ], [ -79.967516947507121, 40.406273961661007 ], [ -79.96588679727688, 40.407229734376507 ], [ -79.965019160398754, 40.407881633833185 ], [ -79.963884062046844, 40.408737273705867 ], [ -79.963563092555944, 40.408795253602811 ], [ -79.963539459510159, 40.408754713082921 ], [ -79.963030219920924, 40.407881135015643 ], [ -79.962919344887098, 40.407918897959462 ], [ -79.96222692912626, 40.408154726721634 ], [ -79.961353819012373, 40.408079116341206 ], [ -79.961347968078954, 40.408072292524366 ], [ -79.960909380148948, 40.407560759568234 ], [ -79.960830380018749, 40.407600343613318 ], [ -79.960488827173549, 40.407771477809845 ], [ -79.960393478479602, 40.407761260568272 ], [ -79.960098987778252, 40.408755712917589 ], [ -79.959951334709416, 40.408750050038286 ], [ -79.959311849767275, 40.408727867515232 ], [ -79.959310471883569, 40.408750831029998 ], [ -79.959292090862576, 40.409056971753643 ], [ -79.95906968371996, 40.409060563451824 ], [ -79.959069498367782, 40.409066314573764 ], [ -79.959047735651779, 40.409740285515625 ], [ -79.958056481379799, 40.409986854679872 ], [ -79.956582062937755, 40.410346380100179 ], [ -79.956131119599846, 40.41030905918678 ], [ -79.956203376448258, 40.409431826653304 ], [ -79.956112389340802, 40.40911558504876 ], [ -79.956643888243633, 40.408229076915248 ], [ -79.956624559631422, 40.407774317596072 ], [ -79.956283468735037, 40.407188412673371 ], [ -79.955970531783379, 40.406886783903545 ], [ -79.956031753734337, 40.406616863254257 ], [ -79.954916250492815, 40.406845728577842 ], [ -79.953302404245775, 40.40329088715837 ], [ -79.953286398136456, 40.403255626922579 ], [ -79.95338485087494, 40.403231244879827 ], [ -79.95349171654756, 40.403204777977699 ], [ -79.953201911652627, 40.402518348473706 ], [ -79.952921780986003, 40.402670527205977 ], [ -79.952554551543372, 40.402183683143662 ], [ -79.952839977254968, 40.401704741204668 ], [ -79.951516975387662, 40.400028559555508 ], [ -79.951052839533432, 40.400237694717298 ], [ -79.950581429065096, 40.399631604185124 ], [ -79.950608400785384, 40.399618893323208 ], [ -79.948885331342794, 40.398180361491107 ], [ -79.948378887153495, 40.397757531933358 ], [ -79.948383565864077, 40.397752997060778 ], [ -79.948396923438949, 40.397740048582207 ], [ -79.94761317195406, 40.397128634588917 ], [ -79.947627146323256, 40.397116606864692 ], [ -79.947379038513589, 40.396914449763422 ], [ -79.947357573202012, 40.396930807248701 ], [ -79.94607822108722, 40.395905192975825 ], [ -79.945015442483339, 40.395451770245266 ], [ -79.94493311346919, 40.395416644353844 ], [ -79.945307669341034, 40.394928929796095 ], [ -79.944390389077199, 40.394404100796365 ], [ -79.943922685635258, 40.394192579010209 ], [ -79.943870017621109, 40.394168759672858 ], [ -79.938155523300807, 40.392979559306994 ], [ -79.938586856045646, 40.394406346840093 ], [ -79.9387222913183, 40.394813126759573 ], [ -79.938793257397109, 40.395026271882656 ], [ -79.938779817964402, 40.395027141003794 ], [ -79.936712932731197, 40.395160864581534 ], [ -79.936906270436538, 40.395197236316548 ], [ -79.936937188195827, 40.395203053297926 ], [ -79.936987255090955, 40.395216794732939 ], [ -79.937111731582561, 40.395266884202535 ], [ -79.937384166765369, 40.395504183603926 ], [ -79.937496937669351, 40.395662223198521 ], [ -79.937558199823414, 40.395827986844132 ], [ -79.937757857218273, 40.396950436906323 ] ] ] } },
{ "type": "Feature", "properties": { "Ward": 20, "District": 17, "Muni_War_1": "Pittsburgh Ward 20 Dist 17", "Gainey_2021_Total": 10, "Gainey_2025_Total": 11, "OConnor_2025_Total": 116, "Peduto_2021_Total": 72 }, "geometry": { "type": "Polygon", "coordinates": [ [ [ -80.04140375059869, 40.403634570175534 ], [ -80.041937736302941, 40.40288480430155 ], [ -80.042282187953148, 40.402497013166467 ], [ -80.042561844981932, 40.402182164469636 ], [ -80.042937126990637, 40.40181266991555 ], [ -80.043370194062391, 40.401480031814657 ], [ -80.043693925803424, 40.401231370397682 ], [ -80.043874870670663, 40.401041232255892 ], [ -80.044057319408196, 40.400771694868048 ], [ -80.044229785691456, 40.400480489775319 ], [ -80.044347421350892, 40.40028186074867 ], [ -80.044812457589245, 40.40041987643275 ], [ -80.045265723708297, 40.400554396290488 ], [ -80.045743401199232, 40.400696158844802 ], [ -80.046383611302161, 40.40098260260163 ], [ -80.046704828983366, 40.401268803313322 ], [ -80.04698222056021, 40.401797130845509 ], [ -80.047151049572022, 40.40224681470314 ], [ -80.047309720743698, 40.402669434703895 ], [ -80.047412321967457, 40.403027198916298 ], [ -80.04742553774264, 40.403408407759407 ], [ -80.04737103701639, 40.403850620160263 ], [ -80.047323532580151, 40.404236062889439 ], [ -80.047212684028295, 40.404685820239948 ], [ -80.04706663492469, 40.405176086386561 ], [ -80.046958290791594, 40.405588924320512 ], [ -80.046953540263999, 40.405779175737749 ], [ -80.047102653546006, 40.405872833198949 ], [ -80.047511873001952, 40.40593027080704 ], [ -80.047836828677404, 40.405975880797712 ], [ -80.048643532214399, 40.406089101908847 ], [ -80.047599680295832, 40.407779636019526 ], [ -80.044945476385877, 40.406990922792993 ], [ -80.04439266780949, 40.406539730377254 ], [ -80.043331085197366, 40.405463898665374 ], [ -80.042078663048798, 40.40414342031216 ], [ -80.041705124470894, 40.403822609327591 ], [ -80.04140375059869, 40.403634570175534 ] ] ] } },
{ "type": "Feature", "properties": { "Ward": 19, "District": 20, "Muni_War_1": "Pittsburgh Ward 19 Dist 20", "Gainey_2021_Total": 40, "Gainey_2025_Total": 32, "OConnor_2025_Total": 95, "Peduto_2021_Total": 59 }, "geometry": { "type": "Polygon", "coordinates": [ [ [ -80.018800139597346, 40.405354921355425 ], [ -80.019033999263399, 40.404658356127968 ], [ -80.01928558548731, 40.404148239787226 ], [ -80.019547555541038, 40.403840965048261 ], [ -80.02003693295957, 40.403427221316839 ], [ -80.020754752195103, 40.402859343396997 ], [ -80.0218168669156, 40.402006125825956 ], [ -80.022736595165199, 40.401209555291601 ], [ -80.023495731647529, 40.400421266301535 ], [ -80.024205000852533, 40.39980891529202 ], [ -80.025043970873639, 40.399174493081624 ], [ -80.026023965354369, 40.399523628639301 ], [ -80.026154081630906, 40.402751509438573 ], [ -80.026203561468847, 40.403859286818189 ], [ -80.026649594077313, 40.403864740270649 ], [ -80.026643095840001, 40.404070832183834 ], [ -80.026637880267216, 40.404236272164255 ], [ -80.02662037290925, 40.404331823570679 ], [ -80.026596137509301, 40.404408084354948 ], [ -80.026566090176757, 40.404464054483057 ], [ -80.026601871755275, 40.404483093128952 ], [ -80.02674486069705, 40.404533403712264 ], [ -80.027053771607115, 40.404625519147132 ], [ -80.027324645102951, 40.404706292015895 ], [ -80.02769676954658, 40.404826449125899 ], [ -80.027917211366272, 40.404945753579874 ], [ -80.028095527579509, 40.405093948640349 ], [ -80.028318854804667, 40.405331887144911 ], [ -80.028387979116971, 40.405405533680067 ], [ -80.027522488899237, 40.405782464415985 ], [ -80.025345760901914, 40.406223268735779 ], [ -80.024729862572116, 40.406014267621401 ], [ -80.024524647474934, 40.406360091174605 ], [ -80.024540992642201, 40.406868122511113 ], [ -80.024574090716186, 40.407534115002939 ], [ -80.023563131966569, 40.407554105188247 ], [ -80.023551345637827, 40.406657707291735 ], [ -80.020485960863056, 40.406684456532496 ], [ -80.020475144842237, 40.406001217645056 ], [ -80.020468343593066, 40.405571602252721 ], [ -80.020448325275623, 40.405338751610891 ], [ -80.020256949493671, 40.405268974749788 ], [ -80.020009146252292, 40.405323304311111 ], [ -80.019471140075225, 40.405427463491648 ], [ -80.019112104592864, 40.405365612361734 ], [ -80.018927980538578, 40.405324522942074 ], [ -80.018800139597346, 40.405354921355425 ] ] ] } },
{ "type": "Feature", "properties": { "Ward": 15, "District": 18, "Muni_War_1": "Pittsburgh Ward 15 Dist 18", "Gainey_2021_Total": 52, "Gainey_2025_Total": 76, "OConnor_2025_Total": 39, "Peduto_2021_Total": 23 }, "geometry": { "type": "Polygon", "coordinates": [ [ [ -79.941614667626439, 40.407372526448036 ], [ -79.939946378486482, 40.407655759103896 ], [ -79.939719127277471, 40.406463818295158 ], [ -79.938208592080841, 40.40584383179786 ], [ -79.937397109783561, 40.405513904360809 ], [ -79.937082642538201, 40.405342322560742 ], [ -79.938850610590393, 40.404506869406575 ], [ -79.939171080661907, 40.404379033994125 ], [ -79.938569993122812, 40.403648272133772 ], [ -79.941899061559113, 40.402912147613975 ], [ -79.941820781110309, 40.402741330905236 ], [ -79.942863186307449, 40.402251441240892 ], [ -79.943453354167559, 40.403445135763356 ], [ -79.943687417525723, 40.404678199557324 ], [ -79.943802368284437, 40.405207223696763 ], [ -79.943961290383868, 40.405290721011234 ], [ -79.944578879613204, 40.408404719367084 ], [ -79.943784750088724, 40.408575804371182 ], [ -79.943680430365362, 40.408571179602852 ], [ -79.943271766495997, 40.407090770160941 ], [ -79.941614667626439, 40.407372526448036 ] ] ] } },
{ "type": "Feature", "properties": { "Ward": 19, "District": 21, "Muni_War_1": "Pittsburgh Ward 19 Dist 21", "Gainey_2021_Total": 53, "Gainey_2025_Total": 62, "OConnor_2025_Total": 116, "Peduto_2021_Total": 71 }, "geometry": { "type": "Polygon", "coordinates": [ [ [ -80.027522488899237, 40.405782464415985 ], [ -80.028387979116971, 40.405405533680067 ], [ -80.028318854804667, 40.405331887144911 ], [ -80.028095527579509, 40.405093948640349 ], [ -80.027917211366272, 40.404945753579874 ], [ -80.02769676954658, 40.404826449125899 ], [ -80.027324645102951, 40.404706292015895 ], [ -80.027053771607115, 40.404625519147132 ], [ -80.02674486069705, 40.404533403712264 ], [ -80.026601871755275, 40.404483093128952 ], [ -80.026566090176757, 40.404464054483057 ], [ -80.026596137509301, 40.404408084354948 ], [ -80.02662037290925, 40.404331823570679 ], [ -80.026637880267216, 40.404236272164255 ], [ -80.026643095840001, 40.404070832183834 ], [ -80.026649594077313, 40.403864740270649 ], [ -80.026203561468847, 40.403859286818189 ], [ -80.026154081630906, 40.402751509438573 ], [ -80.029007296160756, 40.4026826287026 ], [ -80.028905013614761, 40.400331385698216 ], [ -80.031472037744535, 40.400403249245748 ], [ -80.031472070382804, 40.400403238691162 ], [ -80.031497082293484, 40.400436827204466 ], [ -80.031836811991852, 40.400893046952298 ], [ -80.032012145306908, 40.401128497012188 ], [ -80.032326013547305, 40.401488844244049 ], [ -80.032478472767735, 40.401723296136872 ], [ -80.032749973159795, 40.402470331706567 ], [ -80.032811736884483, 40.402608864814468 ], [ -80.032890818480567, 40.40274587990897 ], [ -80.033289527253132, 40.4033940238714 ], [ -80.033321832760649, 40.40348339983673 ], [ -80.033360489395918, 40.403649319928967 ], [ -80.033412667664749, 40.404021351312942 ], [ -80.033310632699752, 40.404031263117481 ], [ -80.033025548596299, 40.404078267912347 ], [ -80.032683434756166, 40.404134675684624 ], [ -80.032347644018259, 40.404190038566135 ], [ -80.031726905144211, 40.404292380407561 ], [ -80.031753618748581, 40.405176291443617 ], [ -80.027795386499335, 40.407160635348092 ], [ -80.027703006642326, 40.40720694321223 ], [ -80.02742489564497, 40.406894076381768 ], [ -80.028222782028323, 40.406496237215308 ], [ -80.027522488899237, 40.405782464415985 ] ] ] } },
{ "type": "Feature", "properties": { "Ward": 20, "District": 18, "Muni_War_1": "Pittsburgh Ward 20 Dist 18", "Gainey_2021_Total": 16, "Gainey_2025_Total": 30, "OConnor_2025_Total": 109, "Peduto_2021_Total": 66 }, "geometry": { "type": "Polygon", "coordinates": [ [ [ -80.04140375059869, 40.403634570175534 ], [ -80.040970636633162, 40.403388049317826 ], [ -80.040879574658149, 40.403312437112945 ], [ -80.040694645420757, 40.403445008995021 ], [ -80.040613662648369, 40.403268129637617 ], [ -80.040337358197831, 40.402535209659547 ], [ -80.039098644680479, 40.403502654790245 ], [ -80.038154306104147, 40.404160385671808 ], [ -80.037684404699164, 40.404564777431396 ], [ -80.0374709812574, 40.40478567623876 ], [ -80.037272469932034, 40.405045242107775 ], [ -80.037200017015664, 40.405150159144149 ], [ -80.037043577396744, 40.405263953622544 ], [ -80.036866952551918, 40.405311985832512 ], [ -80.036641613675485, 40.405313787059633 ], [ -80.036292691430845, 40.405285855233721 ], [ -80.036337572582127, 40.404967211289289 ], [ -80.036340090030563, 40.404626834021656 ], [ -80.036342742707205, 40.404268114540542 ], [ -80.036416588062352, 40.404277730969966 ], [ -80.039764505773519, 40.401319133662014 ], [ -80.039817919371089, 40.401277995565607 ], [ -80.039900581677273, 40.401214331674616 ], [ -80.040446862321645, 40.400844758242755 ], [ -80.042022629410724, 40.399778672369756 ], [ -80.042128391488262, 40.399730352773204 ], [ -80.042151280057453, 40.399719895827694 ], [ -80.041929056892457, 40.39941363370783 ], [ -80.041912011793031, 40.399390143255459 ], [ -80.044882631189566, 40.399060285784813 ], [ -80.0448835436585, 40.399058876666196 ], [ -80.045051136546192, 40.399041572368191 ], [ -80.045104825565829, 40.399066730527409 ], [ -80.045747212478105, 40.399367754037456 ], [ -80.051203107686419, 40.401943433602462 ], [ -80.048643532214399, 40.406089101908847 ], [ -80.047836828677404, 40.405975880797712 ], [ -80.047511873001952, 40.40593027080704 ], [ -80.047102653546006, 40.405872833198949 ], [ -80.046953540263999, 40.405779175737749 ], [ -80.046958290791594, 40.405588924320512 ], [ -80.04706663492469, 40.405176086386561 ], [ -80.047212684028295, 40.404685820239948 ], [ -80.047323532580151, 40.404236062889439 ], [ -80.04737103701639, 40.403850620160263 ], [ -80.04742553774264, 40.403408407759407 ], [ -80.047412321967457, 40.403027198916298 ], [ -80.047309720743698, 40.402669434703895 ], [ -80.047151049572022, 40.40224681470314 ], [ -80.04698222056021, 40.401797130845509 ], [ -80.046704828983366, 40.401268803313322 ], [ -80.046383611302161, 40.40098260260163 ], [ -80.045743401199232, 40.400696158844802 ], [ -80.045265723708297, 40.400554396290488 ], [ -80.044812457589245, 40.40041987643275 ], [ -80.044347421350892, 40.40028186074867 ], [ -80.044229785691456, 40.400480489775319 ], [ -80.044057319408196, 40.400771694868048 ], [ -80.043874870670663, 40.401041232255892 ], [ -80.043693925803424, 40.401231370397682 ], [ -80.043370194062391, 40.401480031814657 ], [ -80.042937126990637, 40.40181266991555 ], [ -80.042561844981932, 40.402182164469636 ], [ -80.042282187953148, 40.402497013166467 ], [ -80.041937736302941, 40.40288480430155 ], [ -80.04140375059869, 40.403634570175534 ] ] ] } },
{ "type": "Feature", "properties": { "Ward": 19, "District": 35, "Muni_War_1": "Pittsburgh Ward 19 Dist 35", "Gainey_2021_Total": 41, "Gainey_2025_Total": 30, "OConnor_2025_Total": 87, "Peduto_2021_Total": 46 }, "geometry": { "type": "Polygon", "coordinates": [ [ [ -80.009521848555124, 40.402257673992757 ], [ -80.00955585489254, 40.401547174537214 ], [ -80.015161043600585, 40.401703782792957 ], [ -80.015986401964284, 40.401726820111023 ], [ -80.016284881380187, 40.401749267559687 ], [ -80.016543525305011, 40.401786715681759 ], [ -80.016112363484154, 40.402156866755945 ], [ -80.016029361325565, 40.402323874404672 ], [ -80.015834305640155, 40.402754581677883 ], [ -80.018490129145945, 40.403692436932815 ], [ -80.018561227185828, 40.403763893624571 ], [ -80.018591164435833, 40.403866448515302 ], [ -80.018605871890486, 40.404198004353823 ], [ -80.018626702808135, 40.40461945864493 ], [ -80.018637308937414, 40.404834032439652 ], [ -80.018651030311446, 40.40510811909791 ], [ -80.018657871830385, 40.405250025353645 ], [ -80.018714649482604, 40.405322878559957 ], [ -80.018800139597346, 40.405354921355425 ], [ -80.018735952570594, 40.405595637001653 ], [ -80.018622965939301, 40.405952216951142 ], [ -80.018527288825808, 40.406254163736051 ], [ -80.018484041806445, 40.406418614757818 ], [ -80.016951444639872, 40.406069928811405 ], [ -80.016859628796084, 40.406044107827242 ], [ -80.016623421978295, 40.405971810320189 ], [ -80.015030439935771, 40.405637307535706 ], [ -80.015159581722926, 40.404990149905771 ], [ -80.015365936298423, 40.403956035634401 ], [ -80.015417046760732, 40.403737606149299 ], [ -80.015616921871711, 40.403254518483145 ], [ -80.015359796029244, 40.403190156775459 ], [ -80.014959835316162, 40.403121454410318 ], [ -80.014270379629167, 40.403103745002987 ], [ -80.012000939760057, 40.403045421560108 ], [ -80.012017033691066, 40.40276010390258 ], [ -80.012021418114998, 40.402682376736628 ], [ -80.009503962308344, 40.402631382587629 ], [ -80.009521848555124, 40.402257673992757 ] ] ] } },
{ "type": "Feature", "properties": { "Ward": 19, "District": 23, "Muni_War_1": "Pittsburgh Ward 19 Dist 23", "Gainey_2021_Total": 34, "Gainey_2025_Total": 44, "OConnor_2025_Total": 98, "Peduto_2021_Total": 56 }, "geometry": { "type": "Polygon", "coordinates": [ [ [ -80.016543525305011, 40.401786715681759 ], [ -80.016805286932538, 40.401586446321325 ], [ -80.017114553973698, 40.401423773064082 ], [ -80.017760510609406, 40.401264074559776 ], [ -80.018211215483063, 40.401208473705523 ], [ -80.018818193597994, 40.401133592332393 ], [ -80.01921472731172, 40.40103268016663 ], [ -80.019452673600298, 40.40089518623514 ], [ -80.019748411596126, 40.400594473991454 ], [ -80.020193430641172, 40.400117125705748 ], [ -80.020619244327122, 40.399668752848413 ], [ -80.020971053070298, 40.399364716772375 ], [ -80.021190541957779, 40.399199149852308 ], [ -80.021331216697391, 40.399093034714696 ], [ -80.02190004723623, 40.398669911166756 ], [ -80.02276295964603, 40.398032748075202 ], [ -80.022957387478669, 40.397833702656101 ], [ -80.023172260042585, 40.397322932162531 ], [ -80.023288177645185, 40.397047384461899 ], [ -80.023534389693097, 40.396500364996669 ], [ -80.023661639061757, 40.396229691885281 ], [ -80.024207374980691, 40.396025052028563 ], [ -80.024462946608324, 40.395935029322807 ], [ -80.024971694647931, 40.395799700141765 ], [ -80.025432411839262, 40.395728137082479 ], [ -80.025736774720656, 40.395698271206435 ], [ -80.026193484704692, 40.395669878287976 ], [ -80.026522791068899, 40.39565889148561 ], [ -80.026619680360938, 40.395678400152512 ], [ -80.026838300440588, 40.395722418411999 ], [ -80.026933648976026, 40.395751612073916 ], [ -80.027050791851053, 40.395806800929613 ], [ -80.027163678011718, 40.395973251994853 ], [ -80.027212645765331, 40.396122939229755 ], [ -80.027222430778494, 40.396207824868561 ], [ -80.027181765204105, 40.396376483066938 ], [ -80.027130972297186, 40.396533491486643 ], [ -80.027030772423089, 40.396757201466968 ], [ -80.02672526663909, 40.397315406811138 ], [ -80.026444201373806, 40.397793408482606 ], [ -80.026250826143254, 40.398146229793369 ], [ -80.026162748596107, 40.398335202925153 ], [ -80.025043970873639, 40.399174493081624 ], [ -80.024205000852533, 40.39980891529202 ], [ -80.023495731647529, 40.400421266301535 ], [ -80.022736595165199, 40.401209555291601 ], [ -80.0218168669156, 40.402006125825956 ], [ -80.020754752195103, 40.402859343396997 ], [ -80.02003693295957, 40.403427221316839 ], [ -80.019547555541038, 40.403840965048261 ], [ -80.01928558548731, 40.404148239787226 ], [ -80.019033999263399, 40.404658356127968 ], [ -80.018800139597346, 40.405354921355425 ], [ -80.018714649482604, 40.405322878559957 ], [ -80.018657871830385, 40.405250025353645 ], [ -80.018651030311446, 40.40510811909791 ], [ -80.018637308937414, 40.404834032439652 ], [ -80.018626702808135, 40.40461945864493 ], [ -80.018605871890486, 40.404198004353823 ], [ -80.018591164435833, 40.403866448515302 ], [ -80.018561227185828, 40.403763893624571 ], [ -80.018490129145945, 40.403692436932815 ], [ -80.015834305640155, 40.402754581677883 ], [ -80.016029361325565, 40.402323874404672 ], [ -80.016112363484154, 40.402156866755945 ], [ -80.016543525305011, 40.401786715681759 ] ] ] } },
{ "type": "Feature", "properties": { "Ward": 29, "District": 11, "Muni_War_1": "Pittsburgh Ward 29 Dist 11", "Gainey_2021_Total": 41, "Gainey_2025_Total": 23, "OConnor_2025_Total": 109, "Peduto_2021_Total": 44 }, "geometry": { "type": "Polygon", "coordinates": [ [ [ -79.976636028378948, 40.4037297731441 ], [ -79.979611801297409, 40.401789955331111 ], [ -79.979651809141572, 40.401719034096352 ], [ -79.98171004404287, 40.401411512810398 ], [ -79.98190945189917, 40.402100537763019 ], [ -79.985908996617127, 40.401376549234072 ], [ -79.9892448074622, 40.401104861336741 ], [ -79.989327450361813, 40.401726567282594 ], [ -79.989396773814434, 40.402248068544651 ], [ -79.989679000288803, 40.402883256913533 ], [ -79.989745640340999, 40.403033237242482 ], [ -79.989388832578257, 40.403132816509306 ], [ -79.989072562331216, 40.403221081044762 ], [ -79.988899870441216, 40.403239618669282 ], [ -79.989108744958514, 40.403702713947681 ], [ -79.987179032919926, 40.40386969228652 ], [ -79.986229288731707, 40.403943249877173 ], [ -79.985623411604692, 40.404067960729378 ], [ -79.984216447664565, 40.404579207515241 ], [ -79.982419096174425, 40.405260911866883 ], [ -79.982360442737132, 40.405262152753878 ], [ -79.982333544681751, 40.405290561204978 ], [ -79.982197176816882, 40.405339850745492 ], [ -79.981912924310194, 40.40544259233662 ], [ -79.981775119140337, 40.405511586172132 ], [ -79.9816334446827, 40.405599360480075 ], [ -79.981550062433527, 40.405684805676295 ], [ -79.981433730073164, 40.405737853028214 ], [ -79.981240011247152, 40.405766456219247 ], [ -79.98106063734491, 40.405792942387222 ], [ -79.980959169983848, 40.405779541460603 ], [ -79.98075289185023, 40.405665196022412 ], [ -79.98043867437336, 40.405925772985874 ], [ -79.980351574818826, 40.405966755858785 ], [ -79.980252831993994, 40.405954246720448 ], [ -79.980164533318444, 40.405914610331173 ], [ -79.980080553099256, 40.405876912969767 ], [ -79.980021003594487, 40.40583724568463 ], [ -79.97986382956465, 40.405732547633811 ], [ -79.979699373904353, 40.405592093487925 ], [ -79.979612245484788, 40.405496210182221 ], [ -79.97950482989215, 40.405463005264764 ], [ -79.97934845859767, 40.40542141389372 ], [ -79.979095050920918, 40.405280172300564 ], [ -79.979020509363849, 40.405217714222466 ], [ -79.978566730632281, 40.404851205899384 ], [ -79.978162662547078, 40.404557519802843 ], [ -79.977370105534291, 40.404153418912102 ], [ -79.977427646487314, 40.404101319418885 ], [ -79.976918116935266, 40.40386481933492 ], [ -79.976792729793601, 40.403806619443941 ], [ -79.976764791271734, 40.403770178808237 ], [ -79.97670206017095, 40.403762156046668 ], [ -79.976636028378948, 40.4037297731441 ] ] ] } },
{ "type": "Feature", "properties": { "Ward": 15, "District": 14, "Muni_War_1": "Pittsburgh Ward 15 Dist 14", "Gainey_2021_Total": 20, "Gainey_2025_Total": 18, "OConnor_2025_Total": 25, "Peduto_2021_Total": 12 }, "geometry": { "type": "Polygon", "coordinates": [ [ [ -79.936510804611217, 40.405153646643726 ], [ -79.935840686657016, 40.404897064696186 ], [ -79.935452039799983, 40.404819297148542 ], [ -79.935266341602926, 40.404835244579104 ], [ -79.935720850493269, 40.399759392851564 ], [ -79.935393799213657, 40.39708759210599 ], [ -79.937757857218273, 40.396950436906323 ], [ -79.937758001203846, 40.396950444088219 ], [ -79.937947511694418, 40.396959079511589 ], [ -79.939296665627865, 40.397020551037429 ], [ -79.940472444244818, 40.397089826898863 ], [ -79.941108590559281, 40.397127302311269 ], [ -79.941897281739983, 40.397233919914868 ], [ -79.942590122040485, 40.397327575946974 ], [ -79.94374653087857, 40.397710885302708 ], [ -79.943941458900341, 40.397775496320158 ], [ -79.945499666624826, 40.398461824814554 ], [ -79.946678023802178, 40.399265354159418 ], [ -79.94680451107817, 40.399351604848839 ], [ -79.942863186307449, 40.402251441240892 ], [ -79.941820781110309, 40.402741330905236 ], [ -79.941899061559113, 40.402912147613975 ], [ -79.938569993122812, 40.403648272133772 ], [ -79.939171080661907, 40.404379033994125 ], [ -79.938850610590393, 40.404506869406575 ], [ -79.937082642538201, 40.405342322560742 ], [ -79.936510804611217, 40.405153646643726 ] ] ] } },
{ "type": "Feature", "properties": { "Ward": 29, "District": 1, "Muni_War_1": "Pittsburgh Ward 29 Dist 1", "Gainey_2021_Total": 19, "Gainey_2025_Total": 19, "OConnor_2025_Total": 79, "Peduto_2021_Total": 32 }, "geometry": { "type": "Polygon", "coordinates": [ [ [ -79.987388526686644, 40.396222315515374 ], [ -79.990366114913328, 40.395173596654828 ], [ -79.990758895860182, 40.395050904987031 ], [ -79.991135237180359, 40.395054989045526 ], [ -79.991665326113647, 40.39509277958944 ], [ -79.992918444119525, 40.395151595592424 ], [ -79.993324051115835, 40.395428791148845 ], [ -79.993951944502939, 40.395842363726672 ], [ -79.994166174006153, 40.395874125346907 ], [ -79.994343841029192, 40.395900465738215 ], [ -79.99461153842087, 40.395940153902011 ], [ -79.994774192671187, 40.395944372318084 ], [ -79.994886907451971, 40.395931883240998 ], [ -79.995026957730616, 40.395890804564203 ], [ -79.995137951718448, 40.394437297801261 ], [ -79.995141948838736, 40.39438494710793 ], [ -79.995613240826728, 40.394399440491277 ], [ -79.996075435943297, 40.39443051762489 ], [ -79.996154604790817, 40.394435840696893 ], [ -79.996198345687233, 40.394464266876298 ], [ -79.996297820289129, 40.39444517005451 ], [ -79.996327542650491, 40.394569360068076 ], [ -79.996734369487939, 40.395151093437192 ], [ -79.996934581523476, 40.395485069834599 ], [ -79.996965853809158, 40.395538602792158 ], [ -79.9969902649256, 40.395570648886107 ], [ -79.99707494460813, 40.395633023530195 ], [ -79.9971246479234, 40.395669633217672 ], [ -79.997126641077855, 40.395594682170596 ], [ -79.997151631375942, 40.395563738733372 ], [ -79.997182262927822, 40.39552580995354 ], [ -79.997249144456262, 40.395477254287663 ], [ -79.99733233177389, 40.395416860729192 ], [ -79.997448312022343, 40.395345494839205 ], [ -79.997772412623476, 40.395774246286429 ], [ -79.997843210926376, 40.395858783909155 ], [ -79.998194056472016, 40.396277715598337 ], [ -79.998995176653807, 40.397223432436448 ], [ -79.999595041287066, 40.397925552399805 ], [ -79.999878418194868, 40.398363981486767 ], [ -79.999226980532114, 40.398668285038369 ], [ -80.00002598528728, 40.399642467467963 ], [ -79.999619266755786, 40.399876126688362 ], [ -80.000428927824601, 40.400876538160041 ], [ -80.000515559887162, 40.40155768642402 ], [ -79.998767706629039, 40.401610788379685 ], [ -79.996653159804083, 40.401690247845096 ], [ -79.996448382005184, 40.401709669684344 ], [ -79.996215702642672, 40.401731736491783 ], [ -79.995977354435396, 40.401841402486674 ], [ -79.995729980294982, 40.402081098788486 ], [ -79.995441751025368, 40.402314416003982 ], [ -79.994920311240406, 40.402430613076881 ], [ -79.994202182581859, 40.402533210409615 ], [ -79.99297239444769, 40.402706752715552 ], [ -79.992279550590041, 40.402785765383356 ], [ -79.99183366783204, 40.40289250045975 ], [ -79.991544094343581, 40.403055323345896 ], [ -79.990970952728134, 40.403386170938454 ], [ -79.990427989014677, 40.403706477201986 ], [ -79.990113106033874, 40.403837436606459 ], [ -79.989679000288803, 40.402883256913533 ], [ -79.989396773814434, 40.402248068544651 ], [ -79.989327450361813, 40.401726567282594 ], [ -79.9892448074622, 40.401104861336741 ], [ -79.989126911877378, 40.40019880928488 ], [ -79.988862297072046, 40.398898826380652 ], [ -79.988542147712735, 40.398241537396729 ], [ -79.987665784630153, 40.396689686484208 ], [ -79.987388526686644, 40.396222315515374 ] ] ] } },
{ "type": "Feature", "properties": { "Ward": 19, "District": 33, "Muni_War_1": "Pittsburgh Ward 19 Dist 33", "Gainey_2021_Total": 24, "Gainey_2025_Total": 31, "OConnor_2025_Total": 83, "Peduto_2021_Total": 54 }, "geometry": { "type": "Polygon", "coordinates": [ [ [ -80.001874678023256, 40.401869696460182 ], [ -80.002668466228883, 40.401587175489439 ], [ -80.003374178122385, 40.401322981600231 ], [ -80.004024051828921, 40.401076384548993 ], [ -80.004272052530538, 40.400977873405481 ], [ -80.004571949905809, 40.400873322554645 ], [ -80.005116626430237, 40.400740199014606 ], [ -80.005574521303444, 40.400641472711449 ], [ -80.005918980115823, 40.400563982682776 ], [ -80.006472449819157, 40.400427166516259 ], [ -80.006791384676049, 40.400279418620983 ], [ -80.007111778184111, 40.400063833281891 ], [ -80.007414967699376, 40.39984060052366 ], [ -80.00766288842874, 40.399722570224469 ], [ -80.007758823348624, 40.399710414717241 ], [ -80.008358020947639, 40.39961145601881 ], [ -80.008782715224044, 40.399524848697709 ], [ -80.009152624259073, 40.399360763951876 ], [ -80.009680507285481, 40.399024777654844 ], [ -80.010055268416579, 40.398737293025512 ], [ -80.010585771511657, 40.39836328223339 ], [ -80.011056286897968, 40.398009093585422 ], [ -80.011550112445306, 40.39762217295749 ], [ -80.01190873448877, 40.397432330998001 ], [ -80.012405551101921, 40.397191667705101 ], [ -80.012976117081763, 40.396898812618005 ], [ -80.013388519043843, 40.396683864553161 ], [ -80.013672466817567, 40.396449359384249 ], [ -80.013884029742897, 40.396198334897583 ], [ -80.01406591771358, 40.395915761531697 ], [ -80.014169919183004, 40.395632584346515 ], [ -80.014325528730637, 40.395111502384196 ], [ -80.01445581936234, 40.394590459861959 ], [ -80.01456882585255, 40.39413853185448 ], [ -80.014724890897085, 40.393675509786014 ], [ -80.014823331861407, 40.393458078845484 ], [ -80.014930273053338, 40.393230559568373 ], [ -80.014990148226559, 40.393105591953329 ], [ -80.015004338533629, 40.393033545947581 ], [ -80.015020450664053, 40.392951740728961 ], [ -80.015161244018557, 40.392853129626232 ], [ -80.015306082329161, 40.392813731132158 ], [ -80.015616760587832, 40.392732890025066 ], [ -80.015923916356783, 40.392671216080281 ], [ -80.016206226405572, 40.39264967893584 ], [ -80.016384833132818, 40.392661190578174 ], [ -80.016364485633005, 40.392708984919416 ], [ -80.014693538819586, 40.39626741554212 ], [ -80.014733294614956, 40.396328334263288 ], [ -80.01566580383637, 40.396517444033428 ], [ -80.016117074546855, 40.395557128187328 ], [ -80.016176906766333, 40.395587532981658 ], [ -80.01959074798846, 40.398060522379325 ], [ -80.01958803667516, 40.398062346816708 ], [ -80.01745375437433, 40.399799854306785 ], [ -80.017222354818941, 40.399714210983525 ], [ -80.017091098728656, 40.399656033454185 ], [ -80.014670129509696, 40.399570785487136 ], [ -80.014609958856937, 40.400975644432833 ], [ -80.013309691677691, 40.400939395884997 ], [ -80.011596437813182, 40.400879557340566 ], [ -80.009585691849637, 40.400846229394205 ], [ -80.00955585489254, 40.401547174537214 ], [ -80.009521848555124, 40.402257673992757 ], [ -80.007927196805497, 40.402209080534426 ], [ -80.00749476059832, 40.402186194025809 ], [ -80.007033841688994, 40.402165435490566 ], [ -80.006598601959894, 40.402216970482989 ], [ -80.005735439363804, 40.402354089373539 ], [ -80.005185937244477, 40.402462986747651 ], [ -80.003721863299091, 40.402518167463192 ], [ -80.003630406258594, 40.402620246925501 ], [ -80.003471426498606, 40.402797689482867 ], [ -80.003326235855994, 40.402959740488761 ], [ -80.003175567244782, 40.403056379402265 ], [ -80.002838077014488, 40.403267636317238 ], [ -80.002526725167641, 40.403459199844058 ], [ -80.002469156886846, 40.403482881698608 ], [ -80.002356497782074, 40.403246860213812 ], [ -80.002229619743289, 40.402913340935385 ], [ -80.002172533576498, 40.402703672927316 ], [ -80.002084813760362, 40.402381485177713 ], [ -80.001986739536335, 40.402073974703683 ], [ -80.001966474472354, 40.402010435761689 ], [ -80.001874678023256, 40.401869696460182 ] ] ] } },
{ "type": "Feature", "properties": { "Ward": 19, "District": 22, "Muni_War_1": "Pittsburgh Ward 19 Dist 22", "Gainey_2021_Total": 55, "Gainey_2025_Total": 54, "OConnor_2025_Total": 80, "Peduto_2021_Total": 52 }, "geometry": { "type": "Polygon", "coordinates": [ [ [ -80.025043970873639, 40.399174493081624 ], [ -80.026162748596107, 40.398335202925153 ], [ -80.026260166425999, 40.398281796768501 ], [ -80.026393452501352, 40.398253597697945 ], [ -80.026599795045612, 40.398195519799472 ], [ -80.026826236299172, 40.398124442674664 ], [ -80.027341403630729, 40.397939531239139 ], [ -80.027799864787369, 40.397774971813597 ], [ -80.02859100460654, 40.397490994670726 ], [ -80.029390010230088, 40.397204254928255 ], [ -80.029923252625153, 40.397861014567845 ], [ -80.031518015445101, 40.399800295859166 ], [ -80.031757650812452, 40.400089192641119 ], [ -80.031695849898199, 40.400152629422735 ], [ -80.03150682020096, 40.400346659824976 ], [ -80.031472070382804, 40.400403238691162 ], [ -80.031472037744535, 40.400403249245748 ], [ -80.028905013614761, 40.400331385698216 ], [ -80.029007296160756, 40.4026826287026 ], [ -80.026154081630906, 40.402751509438573 ], [ -80.026023965354369, 40.399523628639301 ], [ -80.025043970873639, 40.399174493081624 ] ] ] } },
{ "type": "Feature", "properties": { "Ward": 19, "District": 34, "Muni_War_1": "Pittsburgh Ward 19 Dist 34", "Gainey_2021_Total": 48, "Gainey_2025_Total": 52, "OConnor_2025_Total": 107, "Peduto_2021_Total": 55 }, "geometry": { "type": "Polygon", "coordinates": [ [ [ -80.00955585489254, 40.401547174537214 ], [ -80.009585691849637, 40.400846229394205 ], [ -80.011596437813182, 40.400879557340566 ], [ -80.013309691677691, 40.400939395884997 ], [ -80.014609958856937, 40.400975644432833 ], [ -80.014670129509696, 40.399570785487136 ], [ -80.017091098728656, 40.399656033454185 ], [ -80.017222354818941, 40.399714210983525 ], [ -80.01745375437433, 40.399799854306785 ], [ -80.01958803667516, 40.398062346816708 ], [ -80.01959074798846, 40.398060522379325 ], [ -80.021096150650436, 40.399150946303322 ], [ -80.021190541957779, 40.399199149852308 ], [ -80.020971053070298, 40.399364716772375 ], [ -80.020619244327122, 40.399668752848413 ], [ -80.020193430641172, 40.400117125705748 ], [ -80.019748411596126, 40.400594473991454 ], [ -80.019452673600298, 40.40089518623514 ], [ -80.01921472731172, 40.40103268016663 ], [ -80.018818193597994, 40.401133592332393 ], [ -80.018211215483063, 40.401208473705523 ], [ -80.017760510609406, 40.401264074559776 ], [ -80.017114553973698, 40.401423773064082 ], [ -80.016805286932538, 40.401586446321325 ], [ -80.016543525305011, 40.401786715681759 ], [ -80.016284881380187, 40.401749267559687 ], [ -80.015986401964284, 40.401726820111023 ], [ -80.015161043600585, 40.401703782792957 ], [ -80.00955585489254, 40.401547174537214 ] ] ] } },
{ "type": "Feature", "properties": { "Ward": 32, "District": 4, "Muni_War_1": "Pittsburgh Ward 32 Dist 4", "Gainey_2021_Total": 16, "Gainey_2025_Total": 28, "OConnor_2025_Total": 44, "Peduto_2021_Total": 19 }, "geometry": { "type": "Polygon", "coordinates": [ [ [ -80.000515559887162, 40.40155768642402 ], [ -80.000428927824601, 40.400876538160041 ], [ -79.999619266755786, 40.399876126688362 ], [ -80.00002598528728, 40.399642467467963 ], [ -79.999226980532114, 40.398668285038369 ], [ -79.999878418194868, 40.398363981486767 ], [ -79.999595041287066, 40.397925552399805 ], [ -79.998995176653807, 40.397223432436448 ], [ -79.998194056472016, 40.396277715598337 ], [ -79.998668680637735, 40.396164224090519 ], [ -79.99890987212811, 40.396076189038354 ], [ -79.999178877143308, 40.395968427384403 ], [ -79.999553736450977, 40.395855569818139 ], [ -79.999905858796211, 40.395806406141169 ], [ -80.000457710164525, 40.395829103942965 ], [ -80.001074303319641, 40.395883090663148 ], [ -80.001590681257824, 40.395919159941435 ], [ -80.002406300191197, 40.39598849644851 ], [ -80.003020560857138, 40.396079539394613 ], [ -80.003535984959015, 40.396173286241414 ], [ -80.004229748509218, 40.396302152748582 ], [ -80.004932782786227, 40.396434737661693 ], [ -80.005548976197005, 40.396559054306692 ], [ -80.005801411895916, 40.396626681967184 ], [ -80.006056527400858, 40.396714469957146 ], [ -80.006394879369608, 40.396830678397968 ], [ -80.006506810024547, 40.396837956975197 ], [ -80.006814203133416, 40.396850410250281 ], [ -80.007096891916802, 40.396838308971006 ], [ -80.007164403421015, 40.397050575638978 ], [ -80.007160008284515, 40.397330061222902 ], [ -80.007157598069909, 40.397483337705246 ], [ -80.007112471156731, 40.397593527181577 ], [ -80.007110732063111, 40.397797325858186 ], [ -80.007106887916478, 40.398247897299974 ], [ -80.007199364020735, 40.398891411284254 ], [ -80.007294009864765, 40.399452920869003 ], [ -80.007346657165243, 40.399765262088231 ], [ -80.005066120972188, 40.399736749956972 ], [ -80.005073466483694, 40.400749504710774 ], [ -80.005116626430237, 40.400740199014606 ], [ -80.004571949905809, 40.400873322554645 ], [ -80.004272052530538, 40.400977873405481 ], [ -80.004024051828921, 40.401076384548993 ], [ -80.003374178122385, 40.401322981600231 ], [ -80.002668466228883, 40.401587175489439 ], [ -80.001874678023256, 40.401869696460182 ], [ -80.000665008401768, 40.402067725905631 ], [ -80.000515559887162, 40.40155768642402 ] ] ] } },
{ "type": "Feature", "properties": { "Ward": 29, "District": 12, "Muni_War_1": "Pittsburgh Ward 29 Dist 12", "Gainey_2021_Total": 16, "Gainey_2025_Total": 40, "OConnor_2025_Total": 46, "Peduto_2021_Total": 30 }, "geometry": { "type": "Polygon", "coordinates": [ [ [ -79.979651809141572, 40.401719034096352 ], [ -79.979837992088804, 40.401388985652055 ], [ -79.980080369857447, 40.400511779314662 ], [ -79.980009154875447, 40.40018909592321 ], [ -79.979902034270779, 40.399703712120022 ], [ -79.979395399042204, 40.399044449810859 ], [ -79.979036449582296, 40.398462022359944 ], [ -79.981971507828106, 40.397566206305569 ], [ -79.981751394746766, 40.397806984899766 ], [ -79.981745377669498, 40.397849666933361 ], [ -79.981689688848732, 40.397874484040479 ], [ -79.981486962911831, 40.398096240898859 ], [ -79.981381160892042, 40.398211974669259 ], [ -79.981357334371694, 40.398320361530772 ], [ -79.982732473439583, 40.398133368904112 ], [ -79.983174789015337, 40.398065818685531 ], [ -79.983524309955897, 40.397964582944532 ], [ -79.984016328372761, 40.397811835698228 ], [ -79.9848031398828, 40.397567564814466 ], [ -79.985346261321126, 40.397398944766387 ], [ -79.98546689897519, 40.397625547279979 ], [ -79.98564156787053, 40.39757222559318 ], [ -79.986011673609681, 40.397469126067357 ], [ -79.986574822747599, 40.397447236468146 ], [ -79.98654080269452, 40.396908241250557 ], [ -79.987128188451678, 40.396872836482167 ], [ -79.987665784630153, 40.396689686484208 ], [ -79.988542147712735, 40.398241537396729 ], [ -79.988862297072046, 40.398898826380652 ], [ -79.989126911877378, 40.40019880928488 ], [ -79.9892448074622, 40.401104861336741 ], [ -79.985908996617127, 40.401376549234072 ], [ -79.98190945189917, 40.402100537763019 ], [ -79.98171004404287, 40.401411512810398 ], [ -79.979651809141572, 40.401719034096352 ] ] ] } },
{ "type": "Feature", "properties": { "Ward": 19, "District": 31, "Muni_War_1": "Pittsburgh Ward 19 Dist 31", "Gainey_2021_Total": 37, "Gainey_2025_Total": 43, "OConnor_2025_Total": 91, "Peduto_2021_Total": 51 }, "geometry": { "type": "Polygon", "coordinates": [ [ [ -80.007096891916802, 40.396838308971006 ], [ -80.007132079299637, 40.396836802322085 ], [ -80.007692191263445, 40.396769775820992 ], [ -80.008080672119604, 40.396699986569651 ], [ -80.008671022026476, 40.396523915031956 ], [ -80.009188018347601, 40.396351702462368 ], [ -80.009528908533539, 40.39617533529109 ], [ -80.010262161520458, 40.395795960967234 ], [ -80.010877841559832, 40.395530434559014 ], [ -80.011310311046927, 40.395355395036823 ], [ -80.011308977627579, 40.395353226580681 ], [ -80.01157217495394, 40.395252271772819 ], [ -80.011742442382484, 40.395180773077165 ], [ -80.012080926120149, 40.395014397357528 ], [ -80.012499196377249, 40.394662191195593 ], [ -80.012860440035567, 40.394262093377534 ], [ -80.013197129301815, 40.393800712320136 ], [ -80.013210567376106, 40.393217611634903 ], [ -80.013167783726217, 40.392599821304742 ], [ -80.013137058696657, 40.392156138520548 ], [ -80.013843181109394, 40.392127774945905 ], [ -80.014533819951808, 40.392081678456329 ], [ -80.014933569189722, 40.391984846551686 ], [ -80.015424446196917, 40.391869097737278 ], [ -80.015959099515925, 40.391773688452382 ], [ -80.016583741726222, 40.391796055931202 ], [ -80.017027814638269, 40.391866001683738 ], [ -80.017737509748713, 40.392116083578571 ], [ -80.017109281561574, 40.393446891127262 ], [ -80.016117074546855, 40.395557128187328 ], [ -80.01566580383637, 40.396517444033428 ], [ -80.014733294614956, 40.396328334263288 ], [ -80.014693538819586, 40.39626741554212 ], [ -80.016364485633005, 40.392708984919416 ], [ -80.016384833132818, 40.392661190578174 ], [ -80.016206226405572, 40.39264967893584 ], [ -80.015923916356783, 40.392671216080281 ], [ -80.015616760587832, 40.392732890025066 ], [ -80.015306082329161, 40.392813731132158 ], [ -80.015161244018557, 40.392853129626232 ], [ -80.015020450664053, 40.392951740728961 ], [ -80.015004338533629, 40.393033545947581 ], [ -80.014990148226559, 40.393105591953329 ], [ -80.014930273053338, 40.393230559568373 ], [ -80.014823331861407, 40.393458078845484 ], [ -80.014724890897085, 40.393675509786014 ], [ -80.01456882585255, 40.39413853185448 ], [ -80.01445581936234, 40.394590459861959 ], [ -80.014325528730637, 40.395111502384196 ], [ -80.014169919183004, 40.395632584346515 ], [ -80.01406591771358, 40.395915761531697 ], [ -80.013884029742897, 40.396198334897583 ], [ -80.013672466817567, 40.396449359384249 ], [ -80.013388519043843, 40.396683864553161 ], [ -80.012976117081763, 40.396898812618005 ], [ -80.012405551101921, 40.397191667705101 ], [ -80.01190873448877, 40.397432330998001 ], [ -80.011550112445306, 40.39762217295749 ], [ -80.011056286897968, 40.398009093585422 ], [ -80.010585771511657, 40.39836328223339 ], [ -80.010055268416579, 40.398737293025512 ], [ -80.009680507285481, 40.399024777654844 ], [ -80.009152624259073, 40.399360763951876 ], [ -80.008782715224044, 40.399524848697709 ], [ -80.008358020947639, 40.39961145601881 ], [ -80.007758823348624, 40.399710414717241 ], [ -80.00766288842874, 40.399722570224469 ], [ -80.007414967699376, 40.39984060052366 ], [ -80.007111778184111, 40.400063833281891 ], [ -80.006791384676049, 40.400279418620983 ], [ -80.006472449819157, 40.400427166516259 ], [ -80.005918980115823, 40.400563982682776 ], [ -80.005574521303444, 40.400641472711449 ], [ -80.005116626430237, 40.400740199014606 ], [ -80.005073466483694, 40.400749504710774 ], [ -80.005066120972188, 40.399736749956972 ], [ -80.007346657165243, 40.399765262088231 ], [ -80.007294009864765, 40.399452920869003 ], [ -80.007199364020735, 40.398891411284254 ], [ -80.007106887916478, 40.398247897299974 ], [ -80.007110732063111, 40.397797325858186 ], [ -80.007112471156731, 40.397593527181577 ], [ -80.007157598069909, 40.397483337705246 ], [ -80.007160008284515, 40.397330061222902 ], [ -80.007164403421015, 40.397050575638978 ], [ -80.007096891916802, 40.396838308971006 ] ] ] } },
{ "type": "Feature", "properties": { "Ward": 19, "District": 32, "Muni_War_1": "Pittsburgh Ward 19 Dist 32", "Gainey_2021_Total": 53, "Gainey_2025_Total": 52, "OConnor_2025_Total": 110, "Peduto_2021_Total": 51 }, "geometry": { "type": "Polygon", "coordinates": [ [ [ -80.01959074798846, 40.398060522379325 ], [ -80.016176906766333, 40.395587532981658 ], [ -80.016117074546855, 40.395557128187328 ], [ -80.017109281561574, 40.393446891127262 ], [ -80.017255603279338, 40.39352631027004 ], [ -80.018076088457946, 40.394114392641001 ], [ -80.018824673099473, 40.394650925863075 ], [ -80.019177708285682, 40.3943623604913 ], [ -80.023172260042585, 40.397322932162531 ], [ -80.022957387478669, 40.397833702656101 ], [ -80.02276295964603, 40.398032748075202 ], [ -80.02190004723623, 40.398669911166756 ], [ -80.021331216697391, 40.399093034714696 ], [ -80.021190541957779, 40.399199149852308 ], [ -80.021096150650436, 40.399150946303322 ], [ -80.01959074798846, 40.398060522379325 ] ] ] } },
{ "type": "Feature", "properties": { "Ward": 19, "District": 24, "Muni_War_1": "Pittsburgh Ward 19 Dist 24", "Gainey_2021_Total": 25, "Gainey_2025_Total": 47, "OConnor_2025_Total": 92, "Peduto_2021_Total": 59 }, "geometry": { "type": "Polygon", "coordinates": [ [ [ -80.023661639061757, 40.396229691885281 ], [ -80.023749811241899, 40.396068521269704 ], [ -80.023913556272774, 40.395780717676281 ], [ -80.024029499771174, 40.395589179508427 ], [ -80.024092723665959, 40.39549979652773 ], [ -80.024206297316056, 40.395403307590108 ], [ -80.024405217273568, 40.39524917866769 ], [ -80.024786391832322, 40.395006122236836 ], [ -80.025109033986439, 40.394813470419464 ], [ -80.025531560085454, 40.394565789536884 ], [ -80.025788868007353, 40.394443320775721 ], [ -80.025956540076734, 40.394381931127263 ], [ -80.026315179401962, 40.394278411544676 ], [ -80.026286619587424, 40.394189289652061 ], [ -80.025980464652221, 40.393821729888387 ], [ -80.025681711487167, 40.393463049544771 ], [ -80.025110878061696, 40.392794824714031 ], [ -80.027826979786582, 40.391597957179783 ], [ -80.028677130442574, 40.391262444644944 ], [ -80.028677148111981, 40.391262479431155 ], [ -80.0286946562438, 40.391293708490224 ], [ -80.030776626714797, 40.395007233312541 ], [ -80.030748705294201, 40.395133224456544 ], [ -80.030707238955074, 40.395320346646059 ], [ -80.030723559141293, 40.395368529392726 ], [ -80.031011134106109, 40.396217537214483 ], [ -80.031142845451001, 40.396607055334073 ], [ -80.030299456963078, 40.396878175016383 ], [ -80.029368290415476, 40.397177503657566 ], [ -80.029390010230088, 40.397204254928255 ], [ -80.02859100460654, 40.397490994670726 ], [ -80.027799864787369, 40.397774971813597 ], [ -80.027341403630729, 40.397939531239139 ], [ -80.026826236299172, 40.398124442674664 ], [ -80.026599795045612, 40.398195519799472 ], [ -80.026393452501352, 40.398253597697945 ], [ -80.026260166425999, 40.398281796768501 ], [ -80.026162748596107, 40.398335202925153 ], [ -80.026250826143254, 40.398146229793369 ], [ -80.026444201373806, 40.397793408482606 ], [ -80.02672526663909, 40.397315406811138 ], [ -80.027030772423089, 40.396757201466968 ], [ -80.027130972297186, 40.396533491486643 ], [ -80.027181765204105, 40.396376483066938 ], [ -80.027222430778494, 40.396207824868561 ], [ -80.027212645765331, 40.396122939229755 ], [ -80.027163678011718, 40.395973251994853 ], [ -80.027050791851053, 40.395806800929613 ], [ -80.026933648976026, 40.395751612073916 ], [ -80.026838300440588, 40.395722418411999 ], [ -80.026619680360938, 40.395678400152512 ], [ -80.026522791068899, 40.39565889148561 ], [ -80.026193484704692, 40.395669878287976 ], [ -80.025736774720656, 40.395698271206435 ], [ -80.025432411839262, 40.395728137082479 ], [ -80.024971694647931, 40.395799700141765 ], [ -80.024462946608324, 40.395935029322807 ], [ -80.024207374980691, 40.396025052028563 ], [ -80.023661639061757, 40.396229691885281 ] ] ] } },
{ "type": "Feature", "properties": { "Ward": 29, "District": 2, "Muni_War_1": "Pittsburgh Ward 29 Dist 2", "Gainey_2021_Total": 27, "Gainey_2025_Total": 32, "OConnor_2025_Total": 94, "Peduto_2021_Total": 43 }, "geometry": { "type": "Polygon", "coordinates": [ [ [ -79.978116809836081, 40.396969766949091 ], [ -79.978684478924478, 40.396966164207264 ], [ -79.978651205833728, 40.396869413900795 ], [ -79.978681067503771, 40.396726822742153 ], [ -79.978790134169159, 40.396603727715927 ], [ -79.979602028130884, 40.395495114417329 ], [ -79.980349755010081, 40.394720799905301 ], [ -79.981106997289004, 40.39394036037325 ], [ -79.981431348224632, 40.39356510456691 ], [ -79.981612119224565, 40.393425003318129 ], [ -79.981781989011751, 40.393362512649766 ], [ -79.982006346262139, 40.393345905437023 ], [ -79.982333886528593, 40.393422293090055 ], [ -79.98249319794526, 40.393465638434407 ], [ -79.982903348293021, 40.393592256050383 ], [ -79.983219654698161, 40.393722488889878 ], [ -79.984086028906219, 40.394078773736808 ], [ -79.984135297596822, 40.394151350600119 ], [ -79.984295333408653, 40.394131587072899 ], [ -79.986378363505608, 40.39425455945306 ], [ -79.986468781648341, 40.394675582963728 ], [ -79.986900474630417, 40.395399591074963 ], [ -79.987388526686644, 40.396222315515374 ], [ -79.987665784630153, 40.396689686484208 ], [ -79.987128188451678, 40.396872836482167 ], [ -79.98654080269452, 40.396908241250557 ], [ -79.986574822747599, 40.397447236468146 ], [ -79.986011673609681, 40.397469126067357 ], [ -79.98564156787053, 40.39757222559318 ], [ -79.98546689897519, 40.397625547279979 ], [ -79.985346261321126, 40.397398944766387 ], [ -79.9848031398828, 40.397567564814466 ], [ -79.984016328372761, 40.397811835698228 ], [ -79.983524309955897, 40.397964582944532 ], [ -79.983174789015337, 40.398065818685531 ], [ -79.982732473439583, 40.398133368904112 ], [ -79.981357334371694, 40.398320361530772 ], [ -79.981381160892042, 40.398211974669259 ], [ -79.981486962911831, 40.398096240898859 ], [ -79.981689688848732, 40.397874484040479 ], [ -79.981745377669498, 40.397849666933361 ], [ -79.981751394746766, 40.397806984899766 ], [ -79.981971507828106, 40.397566206305569 ], [ -79.979036449582296, 40.398462022359944 ], [ -79.97811730171955, 40.39697056825144 ], [ -79.978116809836081, 40.396969766949091 ] ] ] } },
{ "type": "Feature", "properties": { "Ward": 19, "District": 38, "Muni_War_1": "Pittsburgh Ward 19 Dist 38", "Gainey_2021_Total": 41, "Gainey_2025_Total": 38, "OConnor_2025_Total": 79, "Peduto_2021_Total": 53 }, "geometry": { "type": "Polygon", "coordinates": [ [ [ -80.017109281561574, 40.393446891127262 ], [ -80.017737509748713, 40.392116083578571 ], [ -80.019069774770827, 40.3930745835194 ], [ -80.01986188185694, 40.392437806747701 ], [ -80.019862722047009, 40.392438335271997 ], [ -80.022321234262634, 40.394219713684357 ], [ -80.024560833875171, 40.392404840382547 ], [ -80.025110878061696, 40.392794824714031 ], [ -80.025681711487167, 40.393463049544771 ], [ -80.025980464652221, 40.393821729888387 ], [ -80.026286619587424, 40.394189289652061 ], [ -80.026315179401962, 40.394278411544676 ], [ -80.025956540076734, 40.394381931127263 ], [ -80.025788868007353, 40.394443320775721 ], [ -80.025531560085454, 40.394565789536884 ], [ -80.025109033986439, 40.394813470419464 ], [ -80.024786391832322, 40.395006122236836 ], [ -80.024405217273568, 40.39524917866769 ], [ -80.024206297316056, 40.395403307590108 ], [ -80.024092723665959, 40.39549979652773 ], [ -80.024029499771174, 40.395589179508427 ], [ -80.023913556272774, 40.395780717676281 ], [ -80.023749811241899, 40.396068521269704 ], [ -80.023661639061757, 40.396229691885281 ], [ -80.023534389693097, 40.396500364996669 ], [ -80.023288177645185, 40.397047384461899 ], [ -80.023172260042585, 40.397322932162531 ], [ -80.019177708285682, 40.3943623604913 ], [ -80.018824673099473, 40.394650925863075 ], [ -80.018076088457946, 40.394114392641001 ], [ -80.017255603279338, 40.39352631027004 ], [ -80.017109281561574, 40.393446891127262 ] ] ] } },
{ "type": "Feature", "properties": { "Ward": 31, "District": 7, "Muni_War_1": "Pittsburgh Ward 31 Dist 7", "Gainey_2021_Total": 8, "Gainey_2025_Total": 16, "OConnor_2025_Total": 24, "Peduto_2021_Total": 19 }, "geometry": { "type": "Polygon", "coordinates": [ [ [ -79.913306727566606, 40.396972682761174 ], [ -79.916210997315602, 40.394525899101914 ], [ -79.91652008773103, 40.394262129746217 ], [ -79.916911800873805, 40.393920529265813 ], [ -79.914900192999127, 40.393390318042179 ], [ -79.915461217789627, 40.392636145426593 ], [ -79.915908482543472, 40.392009955381845 ], [ -79.916313131435913, 40.391443416437497 ], [ -79.91637044768386, 40.391363167671742 ], [ -79.916666668080353, 40.39149262101018 ], [ -79.916688123584365, 40.391501997336533 ], [ -79.916847777654198, 40.391268451972685 ], [ -79.917049001038123, 40.390974095241702 ], [ -79.917090937156175, 40.390912750217062 ], [ -79.91678546549042, 40.390777770000369 ], [ -79.918465772598253, 40.388474718865076 ], [ -79.92161797775664, 40.390734588257537 ], [ -79.925265590511302, 40.388923002252405 ], [ -79.927906475321009, 40.391171075884927 ], [ -79.926124078759415, 40.392663613564778 ], [ -79.923597120208285, 40.394808898642196 ], [ -79.922142945750565, 40.395997706268993 ], [ -79.921558892063885, 40.396482438968832 ], [ -79.919995700649764, 40.397805713971842 ], [ -79.918244186843566, 40.399306485424169 ], [ -79.918149968372546, 40.399266869448802 ], [ -79.916598476609266, 40.398607976017296 ], [ -79.916419688791365, 40.398767003975223 ], [ -79.916400486416563, 40.398784983303244 ], [ -79.916180549150098, 40.398660022119863 ], [ -79.913306727566606, 40.396972682761174 ] ] ] } },
{ "type": "Feature", "properties": { "Ward": 32, "District": 5, "Muni_War_1": "Pittsburgh Ward 32 Dist 5", "Gainey_2021_Total": 33, "Gainey_2025_Total": 40, "OConnor_2025_Total": 121, "Peduto_2021_Total": 66 }, "geometry": { "type": "Polygon", "coordinates": [ [ [ -79.998194056472016, 40.396277715598337 ], [ -79.997843210926376, 40.395858783909155 ], [ -79.997772412623476, 40.395774246286429 ], [ -79.997820648517333, 40.395662242556476 ], [ -79.997882435448531, 40.395430908515578 ], [ -79.997952209017157, 40.395259355810587 ], [ -79.998079085041923, 40.395002796406395 ], [ -79.998122205163313, 40.394915601614208 ], [ -79.998153068355421, 40.394717903980428 ], [ -79.998203221958235, 40.394335481507675 ], [ -79.998244545572078, 40.393962061379959 ], [ -79.998234062775921, 40.393711830763436 ], [ -79.998195228939764, 40.393474166324367 ], [ -79.998143020119514, 40.393154640152289 ], [ -79.998076997940728, 40.39288408118972 ], [ -79.997986894385022, 40.392631752867828 ], [ -79.997868062947248, 40.392715989141628 ], [ -79.997763619721667, 40.39279002555616 ], [ -79.997669874428581, 40.392856478085164 ], [ -79.997542453941662, 40.392946801811313 ], [ -79.997344307977386, 40.392990073797357 ], [ -79.997295260934166, 40.392730424439087 ], [ -79.997197606395844, 40.392413026446299 ], [ -79.996946398151309, 40.391838529603206 ], [ -79.996825487111053, 40.391523643271029 ], [ -79.99673085009141, 40.391161910324278 ], [ -79.996706090967564, 40.390762912898289 ], [ -79.996721082970609, 40.390480973466225 ], [ -79.996806982017219, 40.390027632731716 ], [ -79.996914489821535, 40.389490625868433 ], [ -79.996924444786515, 40.389263724021973 ], [ -79.996892353497444, 40.388971426971494 ], [ -79.996782928880322, 40.388579814643229 ], [ -79.996592365654237, 40.388200470834832 ], [ -79.996415063314643, 40.387958430545147 ], [ -79.995998553818325, 40.387458694163179 ], [ -79.995643869226399, 40.38705303804943 ], [ -79.995204666605446, 40.386517857089167 ], [ -79.99498828143102, 40.386172447510567 ], [ -79.994822712691075, 40.385788711450331 ], [ -79.994822477087581, 40.385631211315868 ], [ -79.994842616789413, 40.385300931272141 ], [ -79.994906386050431, 40.385002455572291 ], [ -79.995201807060681, 40.384501614584906 ], [ -79.995751251298884, 40.383588700516825 ], [ -79.995858019810143, 40.383330568190509 ], [ -79.995946210010871, 40.383067218838924 ], [ -79.995977764363815, 40.382882372668995 ], [ -79.995999941742369, 40.382494159694332 ], [ -79.996858748575406, 40.382693435224809 ], [ -79.99713027030991, 40.382857341291313 ], [ -79.997411902747444, 40.383037075826856 ], [ -79.997048315332961, 40.383338869773205 ], [ -79.996809758712345, 40.383585997852464 ], [ -79.99649149719788, 40.384035922747955 ], [ -79.996299888240301, 40.384505994962474 ], [ -79.996228766705016, 40.384985409149571 ], [ -79.996252798022681, 40.385355420641439 ], [ -79.996357943261074, 40.385752794151415 ], [ -79.996570278113907, 40.386171005110199 ], [ -79.996784238497142, 40.386457466278706 ], [ -79.997348301281605, 40.387042500630038 ], [ -79.997853003232322, 40.387743572724069 ], [ -79.998200403299634, 40.388392237946945 ], [ -79.99834627273718, 40.388724783602747 ], [ -79.998474357358305, 40.389085476778668 ], [ -79.998540739530526, 40.389377485050495 ], [ -79.998577686791407, 40.389647153317476 ], [ -79.998605729128187, 40.389963786148684 ], [ -79.998638189773843, 40.390460921124493 ], [ -79.998753400313319, 40.39044692994301 ], [ -79.998888603095239, 40.390430511477561 ], [ -79.999008080062893, 40.39038692478821 ], [ -79.999137407174089, 40.390339745263375 ], [ -79.999403388554555, 40.390319657216651 ], [ -79.999396559172894, 40.391017424645703 ], [ -80.003373232149627, 40.391263654574942 ], [ -80.00394644912609, 40.391301483632333 ], [ -80.004219823705313, 40.391347610475869 ], [ -80.004514540181958, 40.39147563236655 ], [ -80.004683026680283, 40.391614445218437 ], [ -80.004821139760608, 40.391818682465477 ], [ -80.004932082787334, 40.391994573050084 ], [ -80.005016209184618, 40.392127946376817 ], [ -80.005070740882729, 40.392201535371719 ], [ -80.005224168609601, 40.392306058248899 ], [ -80.005516030947888, 40.39238874305947 ], [ -80.005771129365513, 40.392402603035201 ], [ -80.005900549517705, 40.392409634097959 ], [ -80.005850095436315, 40.393922417815453 ], [ -80.009076077006284, 40.393842619993045 ], [ -80.009087022052398, 40.394129439084224 ], [ -80.009104096860241, 40.394277470685083 ], [ -80.0091856877563, 40.39436794806214 ], [ -80.009483122449723, 40.394513127677946 ], [ -80.009904774078692, 40.394699156224632 ], [ -80.01032385787245, 40.394884047963188 ], [ -80.010719914550933, 40.39505878014738 ], [ -80.011287521137859, 40.395318342676141 ], [ -80.011308977627579, 40.395353226580681 ], [ -80.011310311046927, 40.395355395036823 ], [ -80.010877841559832, 40.395530434559014 ], [ -80.010262161520458, 40.395795960967234 ], [ -80.009528908533539, 40.39617533529109 ], [ -80.009188018347601, 40.396351702462368 ], [ -80.008671022026476, 40.396523915031956 ], [ -80.008080672119604, 40.396699986569651 ], [ -80.007692191263445, 40.396769775820992 ], [ -80.007132079299637, 40.396836802322085 ], [ -80.007096891916802, 40.396838308971006 ], [ -80.006814203133416, 40.396850410250281 ], [ -80.006506810024547, 40.396837956975197 ], [ -80.006394879369608, 40.396830678397968 ], [ -80.006056527400858, 40.396714469957146 ], [ -80.005801411895916, 40.396626681967184 ], [ -80.005548976197005, 40.396559054306692 ], [ -80.004932782786227, 40.396434737661693 ], [ -80.004229748509218, 40.396302152748582 ], [ -80.003535984959015, 40.396173286241414 ], [ -80.003020560857138, 40.396079539394613 ], [ -80.002406300191197, 40.39598849644851 ], [ -80.001590681257824, 40.395919159941435 ], [ -80.001074303319641, 40.395883090663148 ], [ -80.000457710164525, 40.395829103942965 ], [ -79.999905858796211, 40.395806406141169 ], [ -79.999553736450977, 40.395855569818139 ], [ -79.999178877143308, 40.395968427384403 ], [ -79.99890987212811, 40.396076189038354 ], [ -79.998668680637735, 40.396164224090519 ], [ -79.998194056472016, 40.396277715598337 ] ] ] } },
{ "type": "Feature", "properties": { "Ward": 29, "District": 3, "Muni_War_1": "Pittsburgh Ward 29 Dist 3", "Gainey_2021_Total": 14, "Gainey_2025_Total": 30, "OConnor_2025_Total": 63, "Peduto_2021_Total": 32 }, "geometry": { "type": "Polygon", "coordinates": [ [ [ -79.978116809836081, 40.396969766949091 ], [ -79.97762154863085, 40.396164158605885 ], [ -79.976658093824568, 40.394566873150239 ], [ -79.975785703819511, 40.393120486357965 ], [ -79.977198762133668, 40.392905939122599 ], [ -79.977221735984003, 40.391193863153248 ], [ -79.97791212310922, 40.391194623125813 ], [ -79.978410215319755, 40.391201137758323 ], [ -79.978586744505918, 40.391272470796281 ], [ -79.978844887289497, 40.391558724600912 ], [ -79.979100341476382, 40.39193990341419 ], [ -79.979448162689195, 40.392458901762986 ], [ -79.979481973915767, 40.392441435818675 ], [ -79.979482638733941, 40.392424498117691 ], [ -79.979633503739919, 40.392258112156412 ], [ -79.979821015571474, 40.392068035935786 ], [ -79.979992687122632, 40.391926352563537 ], [ -79.980332787125249, 40.391669208356156 ], [ -79.980876450640068, 40.391200285295866 ], [ -79.980882759786269, 40.391162021852523 ], [ -79.980927532294942, 40.391141566274491 ], [ -79.981058390711496, 40.390991150084005 ], [ -79.981305320212471, 40.390707313423661 ], [ -79.981839175980639, 40.391061331260282 ], [ -79.98143607113407, 40.391385631417783 ], [ -79.981226873373799, 40.391691459482466 ], [ -79.981046331708242, 40.39192130980463 ], [ -79.98108978316418, 40.391927321492915 ], [ -79.982163440780667, 40.391992458803401 ], [ -79.982190479643293, 40.391963478151695 ], [ -79.982222808038017, 40.391773557080015 ], [ -79.982962593968296, 40.391176180093531 ], [ -79.985460164902705, 40.391389488984196 ], [ -79.98566262997835, 40.391050912662543 ], [ -79.985843139732552, 40.390971583102043 ], [ -79.986310177722515, 40.390773394973088 ], [ -79.986586327798094, 40.391182161195076 ], [ -79.986607625557355, 40.391377910708385 ], [ -79.986606712400615, 40.391609249207292 ], [ -79.986605545371859, 40.391904869763259 ], [ -79.986604375171169, 40.392201141705669 ], [ -79.986581246370605, 40.392668305929121 ], [ -79.986528261091479, 40.393046332085333 ], [ -79.986470241734295, 40.393460280209311 ], [ -79.986420820403083, 40.393812869248016 ], [ -79.986378363505608, 40.39425455945306 ], [ -79.984295333408653, 40.394131587072899 ], [ -79.984135297596822, 40.394151350600119 ], [ -79.984086028906219, 40.394078773736808 ], [ -79.983219654698161, 40.393722488889878 ], [ -79.982903348293021, 40.393592256050383 ], [ -79.98249319794526, 40.393465638434407 ], [ -79.982333886528593, 40.393422293090055 ], [ -79.982006346262139, 40.393345905437023 ], [ -79.981781989011751, 40.393362512649766 ], [ -79.981612119224565, 40.393425003318129 ], [ -79.981431348224632, 40.39356510456691 ], [ -79.981106997289004, 40.39394036037325 ], [ -79.980349755010081, 40.394720799905301 ], [ -79.979602028130884, 40.395495114417329 ], [ -79.978790134169159, 40.396603727715927 ], [ -79.978681067503771, 40.396726822742153 ], [ -79.978651205833728, 40.396869413900795 ], [ -79.978684478924478, 40.396966164207264 ], [ -79.978116809836081, 40.396969766949091 ] ] ] } },
{ "type": "Feature", "properties": { "Ward": 29, "District": 9, "Muni_War_1": "Pittsburgh Ward 29 Dist 9", "Gainey_2021_Total": 19, "Gainey_2025_Total": 20, "OConnor_2025_Total": 55, "Peduto_2021_Total": 27 }, "geometry": { "type": "Polygon", "coordinates": [ [ [ -79.986378363505608, 40.39425455945306 ], [ -79.986420820403083, 40.393812869248016 ], [ -79.986470241734295, 40.393460280209311 ], [ -79.986528261091479, 40.393046332085333 ], [ -79.986581246370605, 40.392668305929121 ], [ -79.986604375171169, 40.392201141705669 ], [ -79.986605545371859, 40.391904869763259 ], [ -79.986606712400615, 40.391609249207292 ], [ -79.986607625557355, 40.391377910708385 ], [ -79.986586327798094, 40.391182161195076 ], [ -79.986310177722515, 40.390773394973088 ], [ -79.986046445111413, 40.390406442726636 ], [ -79.985870653003545, 40.390161847846578 ], [ -79.985569732145223, 40.389602555267516 ], [ -79.9853971656255, 40.389270017857058 ], [ -79.985644992313851, 40.389161123651611 ], [ -79.985894240312859, 40.389046324909991 ], [ -79.986317480034472, 40.388800931362297 ], [ -79.98637329395315, 40.38881537712129 ], [ -79.986447044738114, 40.388811408217343 ], [ -79.986507887405409, 40.388818890875605 ], [ -79.986624263519758, 40.388833203995254 ], [ -79.986658191653731, 40.388818130857437 ], [ -79.98674105412104, 40.388904975466325 ], [ -79.986806438567541, 40.388984283065909 ], [ -79.986897066980603, 40.38909421003121 ], [ -79.986968924461564, 40.389181367673771 ], [ -79.986999797749249, 40.389218814805098 ], [ -79.987164587295155, 40.389264447427543 ], [ -79.987280841965003, 40.389288080100393 ], [ -79.987403602753474, 40.389307698375468 ], [ -79.987938693368832, 40.390323780275892 ], [ -79.98756417756978, 40.390468058985235 ], [ -79.987732335263985, 40.390923416150322 ], [ -79.987825378685571, 40.391292963756577 ], [ -79.989161340716024, 40.39126150352206 ], [ -79.990030909698078, 40.391241018499997 ], [ -79.990191735815515, 40.391393384950241 ], [ -79.990425380708118, 40.39160277426015 ], [ -79.990724937328551, 40.392264942649717 ], [ -79.990973125387399, 40.392825798234057 ], [ -79.991425576398726, 40.393848219058491 ], [ -79.991652683692294, 40.394142697172711 ], [ -79.991832478341536, 40.394312787526147 ], [ -79.992436814021772, 40.394779584780402 ], [ -79.992918444119525, 40.395151595592424 ], [ -79.991665326113647, 40.39509277958944 ], [ -79.991135237180359, 40.395054989045526 ], [ -79.990758895860182, 40.395050904987031 ], [ -79.990366114913328, 40.395173596654828 ], [ -79.987388526686644, 40.396222315515374 ], [ -79.986900474630417, 40.395399591074963 ], [ -79.986468781648341, 40.394675582963728 ], [ -79.986378363505608, 40.39425455945306 ] ] ] } },
{ "type": "Feature", "properties": { "Ward": 29, "District": 10, "Muni_War_1": "Pittsburgh Ward 29 Dist 10", "Gainey_2021_Total": 26, "Gainey_2025_Total": 40, "OConnor_2025_Total": 101, "Peduto_2021_Total": 57 }, "geometry": { "type": "Polygon", "coordinates": [ [ [ -79.992918444119525, 40.395151595592424 ], [ -79.992436814021772, 40.394779584780402 ], [ -79.991832478341536, 40.394312787526147 ], [ -79.991652683692294, 40.394142697172711 ], [ -79.991425576398726, 40.393848219058491 ], [ -79.990973125387399, 40.392825798234057 ], [ -79.990724937328551, 40.392264942649717 ], [ -79.990425380708118, 40.39160277426015 ], [ -79.990191735815515, 40.391393384950241 ], [ -79.990030909698078, 40.391241018499997 ], [ -79.989161340716024, 40.39126150352206 ], [ -79.987825378685571, 40.391292963756577 ], [ -79.987732335263985, 40.390923416150322 ], [ -79.98756417756978, 40.390468058985235 ], [ -79.987938693368832, 40.390323780275892 ], [ -79.987403602753474, 40.389307698375468 ], [ -79.987479058195291, 40.389302571488109 ], [ -79.987609647482074, 40.389284454760833 ], [ -79.987761511205576, 40.389244300767857 ], [ -79.987839409693152, 40.389197397334613 ], [ -79.987903221062524, 40.389141303978995 ], [ -79.987983347189314, 40.389070869411711 ], [ -79.98804113614878, 40.388953418146173 ], [ -79.988123398034858, 40.388772885524631 ], [ -79.988275114004978, 40.3883255789125 ], [ -79.988411366614912, 40.387967560287713 ], [ -79.988563493244513, 40.387537405261199 ], [ -79.988745490323595, 40.387022775013932 ], [ -79.988963646129392, 40.386405893679914 ], [ -79.989118724263932, 40.385881501916948 ], [ -79.989177488277249, 40.385419610000753 ], [ -79.989209586350825, 40.385264101920754 ], [ -79.990285577071006, 40.385037974762518 ], [ -79.99053830901704, 40.384985251781117 ], [ -79.990870393332955, 40.385685001591732 ], [ -79.991184080344283, 40.386249585576088 ], [ -79.991547928158184, 40.387021319391721 ], [ -79.991836025445124, 40.387533879560024 ], [ -79.991790447535706, 40.387613257728674 ], [ -79.991847226706511, 40.387745783705995 ], [ -79.991905313886718, 40.387881361685935 ], [ -79.99195393380738, 40.387932046525989 ], [ -79.991978462439519, 40.38810803213196 ], [ -79.992019007606032, 40.388398940814227 ], [ -79.992072074851052, 40.388779678668648 ], [ -79.992119155430572, 40.389117463201323 ], [ -79.991582484968404, 40.389177407095495 ], [ -79.991867207801192, 40.389789696747918 ], [ -79.992233730308087, 40.390283109314588 ], [ -79.992254790025783, 40.39026836728695 ], [ -79.992269770427896, 40.390282436504606 ], [ -79.993109886411006, 40.391108374699819 ], [ -79.994371164781242, 40.392477606413571 ], [ -79.994724880145213, 40.392414099588201 ], [ -79.995199750715585, 40.392312533979201 ], [ -79.995481739957597, 40.394160818815195 ], [ -79.995547189256285, 40.394349291561667 ], [ -79.995613240826728, 40.394399440491277 ], [ -79.995141948838736, 40.39438494710793 ], [ -79.995137951718448, 40.394437297801261 ], [ -79.995026957730616, 40.395890804564203 ], [ -79.994886907451971, 40.395931883240998 ], [ -79.994774192671187, 40.395944372318084 ], [ -79.99461153842087, 40.395940153902011 ], [ -79.994343841029192, 40.395900465738215 ], [ -79.994166174006153, 40.395874125346907 ], [ -79.993951944502939, 40.395842363726672 ], [ -79.993324051115835, 40.395428791148845 ], [ -79.992918444119525, 40.395151595592424 ] ] ] } },
{ "type": "Feature", "properties": { "Ward": 32, "District": 3, "Muni_War_1": "Pittsburgh Ward 32 Dist 3", "Gainey_2021_Total": 20, "Gainey_2025_Total": 36, "OConnor_2025_Total": 101, "Peduto_2021_Total": 48 }, "geometry": { "type": "Polygon", "coordinates": [ [ [ -79.995613240826728, 40.394399440491277 ], [ -79.995547189256285, 40.394349291561667 ], [ -79.995481739957597, 40.394160818815195 ], [ -79.995199750715585, 40.392312533979201 ], [ -79.994724880145213, 40.392414099588201 ], [ -79.994371164781242, 40.392477606413571 ], [ -79.993109886411006, 40.391108374699819 ], [ -79.992269770427896, 40.390282436504606 ], [ -79.992254790025783, 40.39026836728695 ], [ -79.992233730308087, 40.390283109314588 ], [ -79.991867207801192, 40.389789696747918 ], [ -79.991582484968404, 40.389177407095495 ], [ -79.992119155430572, 40.389117463201323 ], [ -79.992072074851052, 40.388779678668648 ], [ -79.992019007606032, 40.388398940814227 ], [ -79.991978462439519, 40.38810803213196 ], [ -79.99195393380738, 40.387932046525989 ], [ -79.991905313886718, 40.387881361685935 ], [ -79.991847226706511, 40.387745783705995 ], [ -79.991790447535706, 40.387613257728674 ], [ -79.991836025445124, 40.387533879560024 ], [ -79.993474621593805, 40.387153385687625 ], [ -79.993511890001457, 40.38718072056372 ], [ -79.993831073179791, 40.388370275301199 ], [ -79.994579614139695, 40.388107736291296 ], [ -79.995148129338915, 40.389059553501021 ], [ -79.995284335634764, 40.389065399521392 ], [ -79.995702682279656, 40.389175326121311 ], [ -79.996430043221153, 40.389366446566711 ], [ -79.996476779444805, 40.389260077732416 ], [ -79.996481999515268, 40.389174165826461 ], [ -79.996111955690552, 40.388633860640375 ], [ -79.995803186252004, 40.388226732521503 ], [ -79.996415063314643, 40.387958430545147 ], [ -79.996592365654237, 40.388200470834832 ], [ -79.996782928880322, 40.388579814643229 ], [ -79.996892353497444, 40.388971426971494 ], [ -79.996924444786515, 40.389263724021973 ], [ -79.996914489821535, 40.389490625868433 ], [ -79.996806982017219, 40.390027632731716 ], [ -79.996721082970609, 40.390480973466225 ], [ -79.996706090967564, 40.390762912898289 ], [ -79.99673085009141, 40.391161910324278 ], [ -79.996825487111053, 40.391523643271029 ], [ -79.996946398151309, 40.391838529603206 ], [ -79.997197606395844, 40.392413026446299 ], [ -79.997295260934166, 40.392730424439087 ], [ -79.997344307977386, 40.392990073797357 ], [ -79.997542453941662, 40.392946801811313 ], [ -79.997669874428581, 40.392856478085164 ], [ -79.997763619721667, 40.39279002555616 ], [ -79.997868062947248, 40.392715989141628 ], [ -79.997986894385022, 40.392631752867828 ], [ -79.998076997940728, 40.39288408118972 ], [ -79.998143020119514, 40.393154640152289 ], [ -79.998195228939764, 40.393474166324367 ], [ -79.998234062775921, 40.393711830763436 ], [ -79.998244545572078, 40.393962061379959 ], [ -79.998203221958235, 40.394335481507675 ], [ -79.998153068355421, 40.394717903980428 ], [ -79.998122205163313, 40.394915601614208 ], [ -79.998079085041923, 40.395002796406395 ], [ -79.997952209017157, 40.395259355810587 ], [ -79.997882435448531, 40.395430908515578 ], [ -79.997820648517333, 40.395662242556476 ], [ -79.997772412623476, 40.395774246286429 ], [ -79.997448312022343, 40.395345494839205 ], [ -79.99733233177389, 40.395416860729192 ], [ -79.997249144456262, 40.395477254287663 ], [ -79.997182262927822, 40.39552580995354 ], [ -79.997151631375942, 40.395563738733372 ], [ -79.997126641077855, 40.395594682170596 ], [ -79.9971246479234, 40.395669633217672 ], [ -79.99707494460813, 40.395633023530195 ], [ -79.9969902649256, 40.395570648886107 ], [ -79.996965853809158, 40.395538602792158 ], [ -79.996934581523476, 40.395485069834599 ], [ -79.996734369487939, 40.395151093437192 ], [ -79.996327542650491, 40.394569360068076 ], [ -79.996297820289129, 40.39444517005451 ], [ -79.996198345687233, 40.394464266876298 ], [ -79.996154604790817, 40.394435840696893 ], [ -79.996075435943297, 40.39443051762489 ], [ -79.995613240826728, 40.394399440491277 ] ] ] } },
{ "type": "Feature", "properties": { "Ward": 32, "District": 7, "Muni_War_1": "Pittsburgh Ward 32 Dist 7", "Gainey_2021_Total": 27, "Gainey_2025_Total": 44, "OConnor_2025_Total": 132, "Peduto_2021_Total": 64 }, "geometry": { "type": "Polygon", "coordinates": [ [ [ -80.005900549517705, 40.392409634097959 ], [ -80.007823650027802, 40.392420953344363 ], [ -80.009261551496067, 40.392363980555949 ], [ -80.009669420867596, 40.392347807170253 ], [ -80.013137058696657, 40.392156138520548 ], [ -80.013167783726217, 40.392599821304742 ], [ -80.013210567376106, 40.393217611634903 ], [ -80.013197129301815, 40.393800712320136 ], [ -80.012860440035567, 40.394262093377534 ], [ -80.012499196377249, 40.394662191195593 ], [ -80.012080926120149, 40.395014397357528 ], [ -80.011742442382484, 40.395180773077165 ], [ -80.01157217495394, 40.395252271772819 ], [ -80.011308977627579, 40.395353226580681 ], [ -80.011287521137859, 40.395318342676141 ], [ -80.010719914550933, 40.39505878014738 ], [ -80.01032385787245, 40.394884047963188 ], [ -80.009904774078692, 40.394699156224632 ], [ -80.009483122449723, 40.394513127677946 ], [ -80.0091856877563, 40.39436794806214 ], [ -80.009104096860241, 40.394277470685083 ], [ -80.009087022052398, 40.394129439084224 ], [ -80.009076077006284, 40.393842619993045 ], [ -80.005850095436315, 40.393922417815453 ], [ -80.005900549517705, 40.392409634097959 ] ] ] } },
{ "type": "Feature", "properties": { "Ward": 19, "District": 25, "Muni_War_1": "Pittsburgh Ward 19 Dist 25", "Gainey_2021_Total": 35, "Gainey_2025_Total": 59, "OConnor_2025_Total": 119, "Peduto_2021_Total": 73 }, "geometry": { "type": "Polygon", "coordinates": [ [ [ -80.01986188185694, 40.392437806747701 ], [ -80.023653002396955, 40.389389876399321 ], [ -80.023675714715125, 40.389379911236666 ], [ -80.024529535540836, 40.389836137022321 ], [ -80.027826979786582, 40.391597957179783 ], [ -80.025110878061696, 40.392794824714031 ], [ -80.024560833875171, 40.392404840382547 ], [ -80.022321234262634, 40.394219713684357 ], [ -80.019862722047009, 40.392438335271997 ], [ -80.01986188185694, 40.392437806747701 ] ] ] } },
{ "type": "Feature", "properties": { "Ward": 19, "District": 26, "Muni_War_1": "Pittsburgh Ward 19 Dist 26", "Gainey_2021_Total": 36, "Gainey_2025_Total": 47, "OConnor_2025_Total": 82, "Peduto_2021_Total": 60 }, "geometry": { "type": "Polygon", "coordinates": [ [ [ -80.017737509748713, 40.392116083578571 ], [ -80.016962757052781, 40.391539553466927 ], [ -80.017051764785506, 40.391560370666362 ], [ -80.021310918794413, 40.388119376469795 ], [ -80.021400380126039, 40.388164062222103 ], [ -80.021881805612011, 40.388421324689837 ], [ -80.022001986462726, 40.38848554503393 ], [ -80.023675714715125, 40.389379911236666 ], [ -80.023653002396955, 40.389389876399321 ], [ -80.01986188185694, 40.392437806747701 ], [ -80.019069774770827, 40.3930745835194 ], [ -80.017737509748713, 40.392116083578571 ] ] ] } },
{ "type": "Feature", "properties": { "Ward": 29, "District": 4, "Muni_War_1": "Pittsburgh Ward 29 Dist 4", "Gainey_2021_Total": 10, "Gainey_2025_Total": 21, "OConnor_2025_Total": 81, "Peduto_2021_Total": 37 }, "geometry": { "type": "Polygon", "coordinates": [ [ [ -79.973550018332688, 40.388612491078042 ], [ -79.973605907841943, 40.388602783477495 ], [ -79.974677138935903, 40.388408038108373 ], [ -79.975013534433288, 40.38834457931052 ], [ -79.975413149783535, 40.388279875879377 ], [ -79.975444481022933, 40.388177307582303 ], [ -79.975629098882379, 40.387572928026252 ], [ -79.975678820076311, 40.387433576229213 ], [ -79.975756307595447, 40.387211564819374 ], [ -79.975525496937038, 40.386877811130972 ], [ -79.974785792542747, 40.385807049032692 ], [ -79.974260777479259, 40.385046987848831 ], [ -79.974128454555341, 40.384858971582709 ], [ -79.974080644242434, 40.384792041749172 ], [ -79.974080562414628, 40.384791918102856 ], [ -79.974102646700203, 40.384799988015942 ], [ -79.974112949542615, 40.384803753434184 ], [ -79.974145342598362, 40.384815589543315 ], [ -79.974176602763578, 40.384827009638308 ], [ -79.974179774321357, 40.384827763841493 ], [ -79.974193327035451, 40.384830440545592 ], [ -79.97420388439582, 40.384832526314419 ], [ -79.974217435542229, 40.384835870599041 ], [ -79.974238046762181, 40.384840958117501 ], [ -79.974272209077753, 40.384849388109799 ], [ -79.974306369343736, 40.384857827140486 ], [ -79.974331238622952, 40.384863963219949 ], [ -79.974364597833997, 40.384872081636793 ], [ -79.974365445792685, 40.38487228781873 ], [ -79.974366807995821, 40.384872619226002 ], [ -79.974385705582677, 40.384877220823668 ], [ -79.974419911766475, 40.384885550830866 ], [ -79.974444556154566, 40.384891547077864 ], [ -79.97447876344124, 40.384899874343986 ], [ -79.974500346243516, 40.384905128679549 ], [ -79.974512969588645, 40.384908202523008 ], [ -79.974547172182781, 40.384916529859559 ], [ -79.974581381701114, 40.384924852548359 ], [ -79.974615597233409, 40.384933178714888 ], [ -79.974617826414885, 40.384933721338165 ], [ -79.97464979514335, 40.38494150611178 ], [ -79.974683997682206, 40.384949830706894 ], [ -79.974718207471668, 40.384958160557581 ], [ -79.974732545744487, 40.384961650874217 ], [ -79.97475241005705, 40.384966486032695 ], [ -79.97478661971499, 40.384974811361595 ], [ -79.974797763222682, 40.384977522705981 ], [ -79.974820819873571, 40.384983134160876 ], [ -79.974847858743246, 40.38498971750407 ], [ -79.974855029696727, 40.384991463970998 ], [ -79.974889232315846, 40.384999789405555 ], [ -79.974896151476074, 40.385001474056644 ], [ -79.974906299762324, 40.385003943312377 ], [ -79.974930361169456, 40.385009799342875 ], [ -79.974953668460543, 40.385015472607115 ], [ -79.974964564984489, 40.385018124732426 ], [ -79.974969985326737, 40.385019443675191 ], [ -79.9749987735768, 40.385026451821695 ], [ -79.975006260385797, 40.385028273272056 ], [ -79.975032977319714, 40.385034774490009 ], [ -79.975056186106144, 40.385040425308347 ], [ -79.975067187195236, 40.385043104237262 ], [ -79.975101389807335, 40.3850514278083 ], [ -79.975121779105123, 40.385056390621976 ], [ -79.975135597255985, 40.385059754879656 ], [ -79.975169802358323, 40.385068081986297 ], [ -79.975204006232403, 40.385076407304865 ], [ -79.975233712641739, 40.38508364093682 ], [ -79.975238216150117, 40.385084737001371 ], [ -79.975272418863725, 40.385093062322319 ], [ -79.975275961580678, 40.385093924655507 ], [ -79.975310164214577, 40.385102247264328 ], [ -79.975344374099137, 40.385110575128699 ], [ -79.975360472507461, 40.385114493597321 ], [ -79.975378577986589, 40.385118899495225 ], [ -79.975394685877149, 40.385122819578129 ], [ -79.975412786621575, 40.38512722466109 ], [ -79.97543379241624, 40.385132339498739 ], [ -79.975446990614927, 40.385135551708224 ], [ -79.975481200355162, 40.385143874130179 ], [ -79.975486575651416, 40.385145184007676 ], [ -79.975515403306744, 40.385152204780979 ], [ -79.975548274604051, 40.385160201637632 ], [ -79.975549614241189, 40.385160527159982 ], [ -79.975554141544464, 40.385161629960741 ], [ -79.975583816002583, 40.385168856912848 ], [ -79.975619494993225, 40.385177540155119 ], [ -79.975653569962219, 40.385186168721752 ], [ -79.975669581083523, 40.385190225764482 ], [ -79.975687647532041, 40.3851948044354 ], [ -79.97572172272622, 40.385203439284069 ], [ -79.975740238201581, 40.385208130009431 ], [ -79.975755799047093, 40.385212072299375 ], [ -79.975803908368761, 40.385224259031624 ], [ -79.975803989141738, 40.385224279095688 ], [ -79.975823949182143, 40.385229332943304 ], [ -79.975844776535723, 40.385234607900628 ], [ -79.975858026617516, 40.385237963204787 ], [ -79.975876171420808, 40.385242559254735 ], [ -79.975876236739651, 40.385242575112244 ], [ -79.975881300307648, 40.385243755848798 ], [ -79.975910508719821, 40.385250566486427 ], [ -79.975927677238872, 40.385254566047031 ], [ -79.975944846966911, 40.38525856648269 ], [ -79.975979010873473, 40.385266531092064 ], [ -79.975979183045538, 40.385266571915999 ], [ -79.976013521516691, 40.385274578194021 ], [ -79.976015787743279, 40.385275100257147 ], [ -79.976050122720693, 40.38528310749269 ], [ -79.976084459912585, 40.385291110171067 ], [ -79.97610697582229, 40.385296357932368 ], [ -79.976122868190785, 40.385300063156159 ], [ -79.976157074713967, 40.385308389947348 ], [ -79.976173820154102, 40.38531252735595 ], [ -79.976191231915578, 40.385316828487973 ], [ -79.976209038155943, 40.385321231018317 ], [ -79.976221865162984, 40.385324402550673 ], [ -79.976233780969565, 40.385327343907903 ], [ -79.976256028178511, 40.38533283825771 ], [ -79.976275789497365, 40.385337722890654 ], [ -79.976290189115119, 40.385341282102807 ], [ -79.976310464571782, 40.385346288345367 ], [ -79.976338252943322, 40.385353155085241 ], [ -79.976344624285218, 40.38535473039645 ], [ -79.976349919435464, 40.385356038176141 ], [ -79.97637878388845, 40.385363168836157 ], [ -79.976412451855623, 40.385371488820624 ], [ -79.976412936436034, 40.385371607401929 ], [ -79.976447098500088, 40.385380048476968 ], [ -79.976467757831557, 40.38538515539603 ], [ -79.976467877784486, 40.385385184613838 ], [ -79.976503405757327, 40.385399212729197 ], [ -79.977187583598152, 40.384645372565963 ], [ -79.977681950935747, 40.384178691704783 ], [ -79.977899532909518, 40.384499514793575 ], [ -79.978344246052544, 40.385155232887612 ], [ -79.978702868265898, 40.385638744428874 ], [ -79.978890573652308, 40.38583153785995 ], [ -79.979304267330491, 40.386071369652022 ], [ -79.980419753351356, 40.386684385672702 ], [ -79.98063296051879, 40.386792849424012 ], [ -79.980859706849799, 40.386841854196227 ], [ -79.981118322456567, 40.386897746184474 ], [ -79.978586744505918, 40.391272470796281 ], [ -79.978410215319755, 40.391201137758323 ], [ -79.97791212310922, 40.391194623125813 ], [ -79.977221735984003, 40.391193863153248 ], [ -79.977198762133668, 40.392905939122599 ], [ -79.975785703819511, 40.393120486357965 ], [ -79.97578526388078, 40.393119757917276 ], [ -79.973903696191698, 40.393433840828557 ], [ -79.973879829198964, 40.39337542434361 ], [ -79.973637867301221, 40.392752237040533 ], [ -79.973226178255814, 40.392778355378667 ], [ -79.973048265596375, 40.392484080221912 ], [ -79.973035820620979, 40.392463313981821 ], [ -79.973442134424445, 40.392260775912057 ], [ -79.97343937909902, 40.392218114630488 ], [ -79.973421554119028, 40.391942202920362 ], [ -79.973357382263373, 40.391237581687832 ], [ -79.973354867155905, 40.391216521587282 ], [ -79.973194273754075, 40.390030219957978 ], [ -79.973122994292112, 40.389273888735993 ], [ -79.973117273223053, 40.389213176832946 ], [ -79.973076462486929, 40.388710691915847 ], [ -79.973075848016649, 40.388703122835587 ], [ -79.973453143849682, 40.388629317447979 ], [ -79.973550018332688, 40.388612491078042 ] ] ] } },
{ "type": "Feature", "properties": { "Ward": 32, "District": 8, "Muni_War_1": "Pittsburgh Ward 32 Dist 8", "Gainey_2021_Total": 28, "Gainey_2025_Total": 32, "OConnor_2025_Total": 146, "Peduto_2021_Total": 76 }, "geometry": { "type": "Polygon", "coordinates": [ [ [ -80.005900549517705, 40.392409634097959 ], [ -80.005771129365513, 40.392402603035201 ], [ -80.005516030947888, 40.39238874305947 ], [ -80.005224168609601, 40.392306058248899 ], [ -80.005070740882729, 40.392201535371719 ], [ -80.005016209184618, 40.392127946376817 ], [ -80.004932082787334, 40.391994573050084 ], [ -80.004821139760608, 40.391818682465477 ], [ -80.004683026680283, 40.391614445218437 ], [ -80.004514540181958, 40.39147563236655 ], [ -80.004219823705313, 40.391347610475869 ], [ -80.00394644912609, 40.391301483632333 ], [ -80.003373232149627, 40.391263654574942 ], [ -79.999396559172894, 40.391017424645703 ], [ -79.999403388554555, 40.390319657216651 ], [ -79.999137407174089, 40.390339745263375 ], [ -79.999008080062893, 40.39038692478821 ], [ -79.998888603095239, 40.390430511477561 ], [ -79.998753400313319, 40.39044692994301 ], [ -79.998638189773843, 40.390460921124493 ], [ -79.998605729128187, 40.389963786148684 ], [ -79.998577686791407, 40.389647153317476 ], [ -79.998540739530526, 40.389377485050495 ], [ -79.998474357358305, 40.389085476778668 ], [ -79.998479007879894, 40.389098572506022 ], [ -79.999191728612544, 40.388924997816787 ], [ -79.998985338859129, 40.388523738383604 ], [ -79.999823079161288, 40.388352188442113 ], [ -80.001052183733478, 40.387650935129606 ], [ -80.002132506240784, 40.387017447705261 ], [ -80.001357500493668, 40.386283184618357 ], [ -80.002449454321763, 40.385451506448092 ], [ -80.003590185251284, 40.384615677948119 ], [ -80.003657844944655, 40.384665928731955 ], [ -80.004555767644987, 40.385518767866579 ], [ -80.004998370588936, 40.385254646837154 ], [ -80.005120363245922, 40.384274506388664 ], [ -80.005134230497504, 40.38387879187205 ], [ -80.007188669541236, 40.383178183487665 ], [ -80.00767635701736, 40.383011863635907 ], [ -80.007405632406559, 40.382129626025822 ], [ -80.007223837576078, 40.381690403505416 ], [ -80.007158048203692, 40.381531452826813 ], [ -80.007167827994834, 40.381501486302 ], [ -80.007190326098723, 40.381432546354304 ], [ -80.007347521449958, 40.380950874040856 ], [ -80.007419889525494, 40.381009562008046 ], [ -80.007623047492885, 40.381174313804287 ], [ -80.00766183623243, 40.381146382656041 ], [ -80.007695069875908, 40.381122451069238 ], [ -80.00800056759401, 40.380902462937044 ], [ -80.008346980182793, 40.38092634298134 ], [ -80.00883178616354, 40.381155439183281 ], [ -80.008950310444703, 40.381157887759137 ], [ -80.009017563555673, 40.381118433573072 ], [ -80.009044203882368, 40.381056425609408 ], [ -80.009046480451246, 40.38105112616784 ], [ -80.009039293929035, 40.381022663493596 ], [ -80.009096143105012, 40.381022103390919 ], [ -80.009917674863445, 40.380933190370442 ], [ -80.01002814416546, 40.380921233495243 ], [ -80.010032182346492, 40.380915773424171 ], [ -80.010382227404492, 40.380442484224631 ], [ -80.011269480568615, 40.380622948475228 ], [ -80.012493791237603, 40.380871956475467 ], [ -80.012579491550284, 40.380889386745899 ], [ -80.013174844779684, 40.382835457114368 ], [ -80.013167815155583, 40.382836616518226 ], [ -80.012330703435538, 40.382974605690009 ], [ -80.012324110200552, 40.383000462541808 ], [ -80.012322769121582, 40.383005723900247 ], [ -80.012316749585452, 40.383029329893752 ], [ -80.012436918545504, 40.383047038969551 ], [ -80.01254783513626, 40.383063384204235 ], [ -80.012575318906613, 40.383067433863943 ], [ -80.012577292527638, 40.383067724914291 ], [ -80.012493130193647, 40.383394296035931 ], [ -80.011977298044783, 40.383324092983038 ], [ -80.011461602442509, 40.383249912942048 ], [ -80.011008245683783, 40.383173633296941 ], [ -80.010640920286832, 40.38304807788203 ], [ -80.010243453826945, 40.382839960935264 ], [ -80.009987053926892, 40.383158616198486 ], [ -80.00997151719686, 40.383297846704053 ], [ -80.009988589959292, 40.384008336146159 ], [ -80.010007839508759, 40.384809361164116 ], [ -80.010022918286865, 40.385436855291765 ], [ -80.009964978388666, 40.386058318302972 ], [ -80.008606841773172, 40.38617773160373 ], [ -80.008646968584856, 40.386714166379221 ], [ -80.008683966004398, 40.387208739406546 ], [ -80.008697238274834, 40.387724095169396 ], [ -80.008700685595215, 40.388102240254732 ], [ -80.008689294695444, 40.388387442479797 ], [ -80.008570666274025, 40.388813499166844 ], [ -80.008402170809561, 40.389586587053749 ], [ -80.008321909702076, 40.389771219373813 ], [ -80.008265502783544, 40.389959994058863 ], [ -80.008333497129499, 40.390007654641245 ], [ -80.008604189202927, 40.390178232788926 ], [ -80.008917522283696, 40.390343780718673 ], [ -80.009138422427554, 40.390460490948897 ], [ -80.009289925221154, 40.390562975013992 ], [ -80.009409407758412, 40.39064379831462 ], [ -80.009634261871028, 40.390749571835691 ], [ -80.009795775232234, 40.39083481362939 ], [ -80.009702031440582, 40.390843157996564 ], [ -80.009449821650861, 40.390831960153271 ], [ -80.009339970957441, 40.391037050280183 ], [ -80.009164123631592, 40.391252985427968 ], [ -80.009058837200669, 40.391382273386398 ], [ -80.008976647593556, 40.391641008660599 ], [ -80.008932939369757, 40.391778602513448 ], [ -80.008778623613097, 40.392016619994635 ], [ -80.008654673043822, 40.39219542063563 ], [ -80.009669420867596, 40.392347807170253 ], [ -80.009261551496067, 40.392363980555949 ], [ -80.007823650027802, 40.392420953344363 ], [ -80.005900549517705, 40.392409634097959 ] ] ] } },
{ "type": "Feature", "properties": { "Ward": 19, "District": 27, "Muni_War_1": "Pittsburgh Ward 19 Dist 27", "Gainey_2021_Total": 33, "Gainey_2025_Total": 35, "OConnor_2025_Total": 85, "Peduto_2021_Total": 41 }, "geometry": { "type": "Polygon", "coordinates": [ [ [ -80.009795775232234, 40.39083481362939 ], [ -80.010117952559867, 40.391037957830832 ], [ -80.010331906478783, 40.391193720252311 ], [ -80.010534788303247, 40.391394061568455 ], [ -80.012949171170945, 40.391264746331018 ], [ -80.013311642852898, 40.390949834066568 ], [ -80.011249668184561, 40.389457408036321 ], [ -80.012621714167167, 40.388352498855895 ], [ -80.01468225735006, 40.389842439491979 ], [ -80.016962757052781, 40.391539553466927 ], [ -80.017737509748713, 40.392116083578571 ], [ -80.017027814638269, 40.391866001683738 ], [ -80.016583741726222, 40.391796055931202 ], [ -80.015959099515925, 40.391773688452382 ], [ -80.015424446196917, 40.391869097737278 ], [ -80.014933569189722, 40.391984846551686 ], [ -80.014533819951808, 40.392081678456329 ], [ -80.013843181109394, 40.392127774945905 ], [ -80.013137058696657, 40.392156138520548 ], [ -80.009669420867596, 40.392347807170253 ], [ -80.008654673043822, 40.39219542063563 ], [ -80.008778623613097, 40.392016619994635 ], [ -80.008932939369757, 40.391778602513448 ], [ -80.008976647593556, 40.391641008660599 ], [ -80.009058837200669, 40.391382273386398 ], [ -80.009164123631592, 40.391252985427968 ], [ -80.009339970957441, 40.391037050280183 ], [ -80.009449821650861, 40.390831960153271 ], [ -80.009702031440582, 40.390843157996564 ], [ -80.009795775232234, 40.39083481362939 ] ] ] } },
{ "type": "Feature", "properties": { "Ward": 29, "District": 5, "Muni_War_1": "Pittsburgh Ward 29 Dist 5", "Gainey_2021_Total": 18, "Gainey_2025_Total": 21, "OConnor_2025_Total": 66, "Peduto_2021_Total": 25 }, "geometry": { "type": "Polygon", "coordinates": [ [ [ -79.978586744505918, 40.391272470796281 ], [ -79.981118322456567, 40.386897746184474 ], [ -79.980859706849799, 40.386841854196227 ], [ -79.981258508478774, 40.386855329996997 ], [ -79.981627127113725, 40.386396420546362 ], [ -79.982128038010586, 40.386457235002979 ], [ -79.982982015464628, 40.386582906775921 ], [ -79.983452248223372, 40.386681973859652 ], [ -79.9840850615047, 40.387004645002918 ], [ -79.984864106785068, 40.386691438633626 ], [ -79.985023514162961, 40.386729141568892 ], [ -79.985497386591618, 40.38699400522772 ], [ -79.985723301544027, 40.387161322528442 ], [ -79.985801147180396, 40.387222677999794 ], [ -79.98586902449307, 40.387212096258637 ], [ -79.986265244391106, 40.387031774175355 ], [ -79.986882923481488, 40.388360325582703 ], [ -79.986317480034472, 40.388800931362297 ], [ -79.985894240312859, 40.389046324909991 ], [ -79.985644992313851, 40.389161123651611 ], [ -79.9853971656255, 40.389270017857058 ], [ -79.985569732145223, 40.389602555267516 ], [ -79.985870653003545, 40.390161847846578 ], [ -79.986046445111413, 40.390406442726636 ], [ -79.986310177722515, 40.390773394973088 ], [ -79.985843139732552, 40.390971583102043 ], [ -79.98566262997835, 40.391050912662543 ], [ -79.985460164902705, 40.391389488984196 ], [ -79.982962593968296, 40.391176180093531 ], [ -79.982222808038017, 40.391773557080015 ], [ -79.982190479643293, 40.391963478151695 ], [ -79.982163440780667, 40.391992458803401 ], [ -79.98108978316418, 40.391927321492915 ], [ -79.981046331708242, 40.39192130980463 ], [ -79.981226873373799, 40.391691459482466 ], [ -79.98143607113407, 40.391385631417783 ], [ -79.981839175980639, 40.391061331260282 ], [ -79.981305320212471, 40.390707313423661 ], [ -79.981058390711496, 40.390991150084005 ], [ -79.980927532294942, 40.391141566274491 ], [ -79.980882759786269, 40.391162021852523 ], [ -79.980876450640068, 40.391200285295866 ], [ -79.980332787125249, 40.391669208356156 ], [ -79.979992687122632, 40.391926352563537 ], [ -79.979821015571474, 40.392068035935786 ], [ -79.979633503739919, 40.392258112156412 ], [ -79.979482638733941, 40.392424498117691 ], [ -79.979481973915767, 40.392441435818675 ], [ -79.979448162689195, 40.392458901762986 ], [ -79.979100341476382, 40.39193990341419 ], [ -79.978844887289497, 40.391558724600912 ], [ -79.978586744505918, 40.391272470796281 ] ] ] } },
{ "type": "Feature", "properties": { "Ward": 19, "District": 29, "Muni_War_1": "Pittsburgh Ward 19 Dist 29", "Gainey_2021_Total": 35, "Gainey_2025_Total": 47, "OConnor_2025_Total": 70, "Peduto_2021_Total": 52 }, "geometry": { "type": "Polygon", "coordinates": [ [ [ -80.016962757052781, 40.391539553466927 ], [ -80.01468225735006, 40.389842439491979 ], [ -80.016173198816034, 40.388630124802887 ], [ -80.014789687858908, 40.387625488158278 ], [ -80.016884278596351, 40.385968072781232 ], [ -80.017086478491748, 40.386310533785846 ], [ -80.01815901191614, 40.386450180275126 ], [ -80.021248051754228, 40.388087975530176 ], [ -80.021310918794413, 40.388119376469795 ], [ -80.017051764785506, 40.391560370666362 ], [ -80.016962757052781, 40.391539553466927 ] ] ] } },
{ "type": "Feature", "properties": { "Ward": 19, "District": 37, "Muni_War_1": "Pittsburgh Ward 19 Dist 37", "Gainey_2021_Total": 32, "Gainey_2025_Total": 37, "OConnor_2025_Total": 88, "Peduto_2021_Total": 54 }, "geometry": { "type": "Polygon", "coordinates": [ [ [ -80.009795775232234, 40.39083481362939 ], [ -80.009634261871028, 40.390749571835691 ], [ -80.009409407758412, 40.39064379831462 ], [ -80.009289925221154, 40.390562975013992 ], [ -80.009138422427554, 40.390460490948897 ], [ -80.008917522283696, 40.390343780718673 ], [ -80.008604189202927, 40.390178232788926 ], [ -80.008333497129499, 40.390007654641245 ], [ -80.008265502783544, 40.389959994058863 ], [ -80.008321909702076, 40.389771219373813 ], [ -80.008402170809561, 40.389586587053749 ], [ -80.008570666274025, 40.388813499166844 ], [ -80.008689294695444, 40.388387442479797 ], [ -80.008700685595215, 40.388102240254732 ], [ -80.008697238274834, 40.387724095169396 ], [ -80.008683966004398, 40.387208739406546 ], [ -80.008646968584856, 40.386714166379221 ], [ -80.008606841773172, 40.38617773160373 ], [ -80.009964978388666, 40.386058318302972 ], [ -80.010022918286865, 40.385436855291765 ], [ -80.010007839508759, 40.384809361164116 ], [ -80.009988589959292, 40.384008336146159 ], [ -80.00997151719686, 40.383297846704053 ], [ -80.009987053926892, 40.383158616198486 ], [ -80.010243453826945, 40.382839960935264 ], [ -80.010640920286832, 40.38304807788203 ], [ -80.011008245683783, 40.383173633296941 ], [ -80.010887342494357, 40.383477856156532 ], [ -80.010795899952782, 40.383707945138354 ], [ -80.010802407649933, 40.384078171322678 ], [ -80.010810246091182, 40.384524093118408 ], [ -80.010818621591071, 40.385000580606665 ], [ -80.010825616666949, 40.38539851218431 ], [ -80.01083471229866, 40.385537356858762 ], [ -80.01086638615952, 40.385584955040081 ], [ -80.010858577590383, 40.385653772937111 ], [ -80.010860754671697, 40.385777364059749 ], [ -80.010877188072783, 40.385916883955502 ], [ -80.010905626392486, 40.386093896282382 ], [ -80.010944440076528, 40.386247810198768 ], [ -80.010915652953528, 40.386279741101681 ], [ -80.010929984023946, 40.386493364377095 ], [ -80.010953881093968, 40.386785033679217 ], [ -80.010975508994122, 40.386948041655302 ], [ -80.011019902941314, 40.387055163015475 ], [ -80.011059081796532, 40.387066752432361 ], [ -80.011067369840063, 40.387137242486077 ], [ -80.011104522436625, 40.387187742297314 ], [ -80.011420049910953, 40.387468375127312 ], [ -80.011707940173437, 40.387690027531889 ], [ -80.012078532295064, 40.387960366633273 ], [ -80.012621714167167, 40.388352498855895 ], [ -80.011249668184561, 40.389457408036321 ], [ -80.013311642852898, 40.390949834066568 ], [ -80.012949171170945, 40.391264746331018 ], [ -80.010534788303247, 40.391394061568455 ], [ -80.010331906478783, 40.391193720252311 ], [ -80.010117952559867, 40.391037957830832 ], [ -80.009795775232234, 40.39083481362939 ] ] ] } },
{ "type": "Feature", "properties": { "Ward": 19, "District": 30, "Muni_War_1": "Pittsburgh Ward 19 Dist 30", "Gainey_2021_Total": 61, "Gainey_2025_Total": 53, "OConnor_2025_Total": 94, "Peduto_2021_Total": 54 }, "geometry": { "type": "Polygon", "coordinates": [ [ [ -80.012621714167167, 40.388352498855895 ], [ -80.012078532295064, 40.387960366633273 ], [ -80.011707940173437, 40.387690027531889 ], [ -80.011420049910953, 40.387468375127312 ], [ -80.011104522436625, 40.387187742297314 ], [ -80.011067369840063, 40.387137242486077 ], [ -80.011059081796532, 40.387066752432361 ], [ -80.011019902941314, 40.387055163015475 ], [ -80.010975508994122, 40.386948041655302 ], [ -80.010953881093968, 40.386785033679217 ], [ -80.010929984023946, 40.386493364377095 ], [ -80.010915652953528, 40.386279741101681 ], [ -80.010944440076528, 40.386247810198768 ], [ -80.010905626392486, 40.386093896282382 ], [ -80.010877188072783, 40.385916883955502 ], [ -80.010860754671697, 40.385777364059749 ], [ -80.010858577590383, 40.385653772937111 ], [ -80.01086638615952, 40.385584955040081 ], [ -80.01083471229866, 40.385537356858762 ], [ -80.010825616666949, 40.38539851218431 ], [ -80.010818621591071, 40.385000580606665 ], [ -80.010810246091182, 40.384524093118408 ], [ -80.010802407649933, 40.384078171322678 ], [ -80.010795899952782, 40.383707945138354 ], [ -80.010887342494357, 40.383477856156532 ], [ -80.011008245683783, 40.383173633296941 ], [ -80.011461602442509, 40.383249912942048 ], [ -80.011977298044783, 40.383324092983038 ], [ -80.012493130193647, 40.383394296035931 ], [ -80.012492336859395, 40.383397375514022 ], [ -80.012491492443488, 40.383400653288355 ], [ -80.012699298450841, 40.383423720370118 ], [ -80.012710500213473, 40.383424964792688 ], [ -80.013390247160743, 40.383479928127173 ], [ -80.013594868582857, 40.383983643978333 ], [ -80.013738759842326, 40.384357654219116 ], [ -80.013818675935795, 40.384594234477923 ], [ -80.014005296855501, 40.385111596130898 ], [ -80.014244162025818, 40.385773782853299 ], [ -80.014157972520664, 40.385764623569841 ], [ -80.013610270074338, 40.385706419850031 ], [ -80.013566668061173, 40.386089533719179 ], [ -80.013765453788025, 40.386462360517307 ], [ -80.013818809661515, 40.386562429580735 ], [ -80.014913639097387, 40.386069611438494 ], [ -80.016398169506473, 40.385144745092944 ], [ -80.016884278596351, 40.385968072781232 ], [ -80.014789687858908, 40.387625488158278 ], [ -80.016173198816034, 40.388630124802887 ], [ -80.01468225735006, 40.389842439491979 ], [ -80.012621714167167, 40.388352498855895 ] ] ] } },
{ "type": "Feature", "properties": { "Ward": 32, "District": 2, "Muni_War_1": "Pittsburgh Ward 32 Dist 2", "Gainey_2021_Total": 26, "Gainey_2025_Total": 36, "OConnor_2025_Total": 74, "Peduto_2021_Total": 42 }, "geometry": { "type": "Polygon", "coordinates": [ [ [ -79.991836025445124, 40.387533879560024 ], [ -79.991547928158184, 40.387021319391721 ], [ -79.991184080344283, 40.386249585576088 ], [ -79.990870393332955, 40.385685001591732 ], [ -79.99053830901704, 40.384985251781117 ], [ -79.990538140508235, 40.384984895597647 ], [ -79.990324069746578, 40.384375114799134 ], [ -79.990327047434732, 40.384324433553765 ], [ -79.988415644261025, 40.384738981560766 ], [ -79.988287143427328, 40.383991250678449 ], [ -79.988073453349642, 40.382642381423061 ], [ -79.987979073919462, 40.381805637944893 ], [ -79.98616764902485, 40.38173196209403 ], [ -79.986084212961671, 40.381728568234841 ], [ -79.985996789764798, 40.381708294175944 ], [ -79.985735278805649, 40.381662545837862 ], [ -79.98509261599456, 40.381616978096901 ], [ -79.984915334191797, 40.381603437247563 ], [ -79.984747063832856, 40.381618277944597 ], [ -79.984611187842376, 40.381608783742124 ], [ -79.984452041098677, 40.381597664108497 ], [ -79.984321027654616, 40.381588509686573 ], [ -79.984167494659502, 40.381559026403004 ], [ -79.983418754721214, 40.38141524169712 ], [ -79.984266738625124, 40.380292972968867 ], [ -79.984730835074231, 40.379676632321889 ], [ -79.984875886106252, 40.379489516156177 ], [ -79.985159240983293, 40.379115048983181 ], [ -79.985820180016574, 40.378241572503086 ], [ -79.986032328973948, 40.377822625905488 ], [ -79.986356899004349, 40.377897173837063 ], [ -79.986993099183508, 40.378043296162396 ], [ -79.989584463861974, 40.378635941196812 ], [ -79.989607866343178, 40.378786680258621 ], [ -79.989779331392825, 40.378872151591835 ], [ -79.989920275423685, 40.378942408780553 ], [ -79.990042938513142, 40.37899381810557 ], [ -79.99014838418482, 40.379029253534803 ], [ -79.990284346039672, 40.379074943395317 ], [ -79.990464110420575, 40.379117380410676 ], [ -79.990670051114051, 40.379160193799457 ], [ -79.991074197094576, 40.379209824272927 ], [ -79.991348188023309, 40.379226747423978 ], [ -79.991387417046099, 40.379232250604701 ], [ -79.9914713461974, 40.379299869630145 ], [ -79.991468856211981, 40.379342924499632 ], [ -79.991454732774855, 40.379587135377641 ], [ -79.991445968810496, 40.379738677897478 ], [ -79.990182577334963, 40.379699699926512 ], [ -79.98999977431933, 40.381873971419985 ], [ -79.991261761043759, 40.381955011183159 ], [ -79.991218658103676, 40.382545031966444 ], [ -79.993136979743468, 40.382624821589836 ], [ -79.993313621578551, 40.380578862990824 ], [ -79.993519140336218, 40.380739538151012 ], [ -79.994282969781324, 40.381505016089541 ], [ -79.994999860861839, 40.382251983298218 ], [ -79.995244338948339, 40.382642142223006 ], [ -79.99538593821093, 40.382859357265254 ], [ -79.995493229505669, 40.383023943800943 ], [ -79.99550404677737, 40.383092809847305 ], [ -79.995461707616215, 40.383196347023478 ], [ -79.995393593429995, 40.383329368783649 ], [ -79.995331892977177, 40.383449865057685 ], [ -79.995751251298884, 40.383588700516825 ], [ -79.995201807060681, 40.384501614584906 ], [ -79.994906386050431, 40.385002455572291 ], [ -79.994842616789413, 40.385300931272141 ], [ -79.994822477087581, 40.385631211315868 ], [ -79.994822712691075, 40.385788711450331 ], [ -79.99498828143102, 40.386172447510567 ], [ -79.995204666605446, 40.386517857089167 ], [ -79.995643869226399, 40.38705303804943 ], [ -79.995998553818325, 40.387458694163179 ], [ -79.996415063314643, 40.387958430545147 ], [ -79.995803186252004, 40.388226732521503 ], [ -79.996111955690552, 40.388633860640375 ], [ -79.996481999515268, 40.389174165826461 ], [ -79.996476779444805, 40.389260077732416 ], [ -79.996430043221153, 40.389366446566711 ], [ -79.995702682279656, 40.389175326121311 ], [ -79.995284335634764, 40.389065399521392 ], [ -79.995148129338915, 40.389059553501021 ], [ -79.994579614139695, 40.388107736291296 ], [ -79.993831073179791, 40.388370275301199 ], [ -79.993511890001457, 40.38718072056372 ], [ -79.993474621593805, 40.387153385687625 ], [ -79.991836025445124, 40.387533879560024 ] ] ] } },
{ "type": "Feature", "properties": { "Ward": 31, "District": 2, "Muni_War_1": "Pittsburgh Ward 31 Dist 2", "Gainey_2021_Total": 13, "Gainey_2025_Total": 15, "OConnor_2025_Total": 111, "Peduto_2021_Total": 41 }, "geometry": { "type": "Polygon", "coordinates": [ [ [ -79.918465772598253, 40.388474718865076 ], [ -79.917866434886747, 40.388033296983096 ], [ -79.917651800106299, 40.387341641131243 ], [ -79.917540555562695, 40.386729551819656 ], [ -79.917476874428019, 40.386399850735316 ], [ -79.917393581876311, 40.386007904786716 ], [ -79.917386879540629, 40.385969184315201 ], [ -79.917276161235193, 40.385329595775481 ], [ -79.917281189315119, 40.385326512321377 ], [ -79.917163214486294, 40.384709813053433 ], [ -79.917291143562551, 40.384601986980158 ], [ -79.917400162101757, 40.384510099834152 ], [ -79.91739745996091, 40.384505157050846 ], [ -79.918856933960285, 40.383423227500813 ], [ -79.920890955091167, 40.382394096415666 ], [ -79.923497235341102, 40.382779975547372 ], [ -79.923386427065111, 40.384345888429493 ], [ -79.923726448070198, 40.38682578291526 ], [ -79.925265590511302, 40.388923002252405 ], [ -79.92161797775664, 40.390734588257537 ], [ -79.918465772598253, 40.388474718865076 ] ] ] } },
{ "type": "Feature", "properties": { "Ward": 32, "District": 6, "Muni_War_1": "Pittsburgh Ward 32 Dist 6", "Gainey_2021_Total": 19, "Gainey_2025_Total": 28, "OConnor_2025_Total": 111, "Peduto_2021_Total": 67 }, "geometry": { "type": "Polygon", "coordinates": [ [ [ -79.998474357358305, 40.389085476778668 ], [ -79.99834627273718, 40.388724783602747 ], [ -79.998200403299634, 40.388392237946945 ], [ -79.997853003232322, 40.387743572724069 ], [ -79.997348301281605, 40.387042500630038 ], [ -79.996784238497142, 40.386457466278706 ], [ -79.996570278113907, 40.386171005110199 ], [ -79.996357943261074, 40.385752794151415 ], [ -79.996252798022681, 40.385355420641439 ], [ -79.996228766705016, 40.384985409149571 ], [ -79.996299888240301, 40.384505994962474 ], [ -79.99649149719788, 40.384035922747955 ], [ -79.996809758712345, 40.383585997852464 ], [ -79.997048315332961, 40.383338869773205 ], [ -79.997411902747444, 40.383037075826856 ], [ -79.99713027030991, 40.382857341291313 ], [ -79.996858748575406, 40.382693435224809 ], [ -79.995999941742369, 40.382494159694332 ], [ -79.99600074142765, 40.382480164167433 ], [ -79.995952508959363, 40.382231053017762 ], [ -79.996126305591787, 40.382179889907874 ], [ -79.996624990338717, 40.382004024006555 ], [ -79.997104430096229, 40.381824687271688 ], [ -79.99768964280203, 40.38162079779525 ], [ -79.998251544964461, 40.38141943935333 ], [ -79.999084217141132, 40.381062543721782 ], [ -79.999454930785788, 40.380879424891496 ], [ -79.999764342272826, 40.380717350466711 ], [ -79.999974121701783, 40.380546564745089 ], [ -80.000392527222004, 40.380076675738586 ], [ -80.000829281499435, 40.379612257902728 ], [ -80.001269922822075, 40.379210967955906 ], [ -80.001761016075491, 40.378853536670071 ], [ -80.001980429742474, 40.378767998593268 ], [ -80.002419937981514, 40.378629495748108 ], [ -80.002739663864503, 40.378536570320485 ], [ -80.003280622814714, 40.378285517409836 ], [ -80.003569104601326, 40.378048417397686 ], [ -80.003753568398267, 40.377878814035604 ], [ -80.004086684373377, 40.378199685075515 ], [ -80.003434737697233, 40.378584587685687 ], [ -80.002772595027125, 40.378916913987048 ], [ -80.00218710799426, 40.379304946587418 ], [ -80.001732755834269, 40.379699953563247 ], [ -80.001784176851956, 40.379741645607005 ], [ -80.001824916186692, 40.379779151429815 ], [ -80.003335927004542, 40.381170208377185 ], [ -80.003653262192074, 40.382041718738876 ], [ -80.004929799227412, 40.383643343465494 ], [ -80.005121046946513, 40.383883287153672 ], [ -80.005134230497504, 40.38387879187205 ], [ -80.005120363245922, 40.384274506388664 ], [ -80.004998370588936, 40.385254646837154 ], [ -80.004555767644987, 40.385518767866579 ], [ -80.003657844944655, 40.384665928731955 ], [ -80.003590185251284, 40.384615677948119 ], [ -80.002449454321763, 40.385451506448092 ], [ -80.001357500493668, 40.386283184618357 ], [ -80.002132506240784, 40.387017447705261 ], [ -80.001052183733478, 40.387650935129606 ], [ -79.999823079161288, 40.388352188442113 ], [ -79.998985338859129, 40.388523738383604 ], [ -79.999191728612544, 40.388924997816787 ], [ -79.998479007879894, 40.389098572506022 ], [ -79.998474357358305, 40.389085476778668 ] ] ] } },
{ "type": "Feature", "properties": { "Ward": 29, "District": 6, "Muni_War_1": "Pittsburgh Ward 29 Dist 6", "Gainey_2021_Total": 28, "Gainey_2025_Total": 43, "OConnor_2025_Total": 81, "Peduto_2021_Total": 55 }, "geometry": { "type": "Polygon", "coordinates": [ [ [ -79.986317480034472, 40.388800931362297 ], [ -79.986882923481488, 40.388360325582703 ], [ -79.986265244391106, 40.387031774175355 ], [ -79.98586902449307, 40.387212096258637 ], [ -79.985801147180396, 40.387222677999794 ], [ -79.985723301544027, 40.387161322528442 ], [ -79.985497386591618, 40.38699400522772 ], [ -79.985023514162961, 40.386729141568892 ], [ -79.984864106785068, 40.386691438633626 ], [ -79.9840850615047, 40.387004645002918 ], [ -79.983452248223372, 40.386681973859652 ], [ -79.982982015464628, 40.386582906775921 ], [ -79.982128038010586, 40.386457235002979 ], [ -79.981627127113725, 40.386396420546362 ], [ -79.981258508478774, 40.386855329996997 ], [ -79.980859706849799, 40.386841854196227 ], [ -79.98063296051879, 40.386792849424012 ], [ -79.980419753351356, 40.386684385672702 ], [ -79.979304267330491, 40.386071369652022 ], [ -79.978890573652308, 40.38583153785995 ], [ -79.978702868265898, 40.385638744428874 ], [ -79.978344246052544, 40.385155232887612 ], [ -79.977899532909518, 40.384499514793575 ], [ -79.979617111166121, 40.384404055262252 ], [ -79.981091894079228, 40.384353519725536 ], [ -79.98110803669077, 40.383990780637589 ], [ -79.981120115251144, 40.383917149567651 ], [ -79.982304931847466, 40.383900200626208 ], [ -79.984588850851637, 40.38407697625135 ], [ -79.986989078771103, 40.384177861195553 ], [ -79.986976064015934, 40.384104247098421 ], [ -79.988287143427328, 40.383991250678449 ], [ -79.988415644261025, 40.384738981560766 ], [ -79.990327047434732, 40.384324433553765 ], [ -79.990324069746578, 40.384375114799134 ], [ -79.990538140508235, 40.384984895597647 ], [ -79.99053830901704, 40.384985251781117 ], [ -79.990285577071006, 40.385037974762518 ], [ -79.989209586350825, 40.385264101920754 ], [ -79.989177488277249, 40.385419610000753 ], [ -79.989118724263932, 40.385881501916948 ], [ -79.988963646129392, 40.386405893679914 ], [ -79.988745490323595, 40.387022775013932 ], [ -79.988563493244513, 40.387537405261199 ], [ -79.988411366614912, 40.387967560287713 ], [ -79.988275114004978, 40.3883255789125 ], [ -79.988123398034858, 40.388772885524631 ], [ -79.98804113614878, 40.388953418146173 ], [ -79.987983347189314, 40.389070869411711 ], [ -79.987903221062524, 40.389141303978995 ], [ -79.987839409693152, 40.389197397334613 ], [ -79.987761511205576, 40.389244300767857 ], [ -79.987609647482074, 40.389284454760833 ], [ -79.987479058195291, 40.389302571488109 ], [ -79.987403602753474, 40.389307698375468 ], [ -79.987280841965003, 40.389288080100393 ], [ -79.987164587295155, 40.389264447427543 ], [ -79.986999797749249, 40.389218814805098 ], [ -79.986968924461564, 40.389181367673771 ], [ -79.986897066980603, 40.38909421003121 ], [ -79.986806438567541, 40.388984283065909 ], [ -79.98674105412104, 40.388904975466325 ], [ -79.986658191653731, 40.388818130857437 ], [ -79.986624263519758, 40.388833203995254 ], [ -79.986507887405409, 40.388818890875605 ], [ -79.986447044738114, 40.388811408217343 ], [ -79.98637329395315, 40.38881537712129 ], [ -79.986317480034472, 40.388800931362297 ] ] ] } },
{ "type": "Feature", "properties": { "Ward": 29, "District": 7, "Muni_War_1": "Pittsburgh Ward 29 Dist 7", "Gainey_2021_Total": 30, "Gainey_2025_Total": 35, "OConnor_2025_Total": 113, "Peduto_2021_Total": 77 }, "geometry": { "type": "Polygon", "coordinates": [ [ [ -79.977681950935747, 40.384178691704783 ], [ -79.977629873754168, 40.384110682559928 ], [ -79.977613422511695, 40.384086283348374 ], [ -79.977596965453827, 40.384061886048642 ], [ -79.977580510881396, 40.38403749230222 ], [ -79.977564059704292, 40.384013093983683 ], [ -79.977556358758719, 40.384001674325262 ], [ -79.977547606243832, 40.383988697508784 ], [ -79.977531151647582, 40.383964301954464 ], [ -79.977514700506191, 40.383939903628644 ], [ -79.977498243549377, 40.383915507214589 ], [ -79.977496726162144, 40.383913257255891 ], [ -79.977484745608905, 40.383895492360139 ], [ -79.977468707703522, 40.383870941914743 ], [ -79.97744828747237, 40.383839682456312 ], [ -79.977437305338086, 40.383821541545103 ], [ -79.977422221596896, 40.383796630350801 ], [ -79.977416396535546, 40.383787005988594 ], [ -79.977407146137836, 40.383771719895769 ], [ -79.977392062507988, 40.38374681139824 ], [ -79.977376978829881, 40.383721901098021 ], [ -79.977375165863776, 40.383718904603164 ], [ -79.977361908083864, 40.383696989645664 ], [ -79.977346824517056, 40.383672082042246 ], [ -79.97733784112873, 40.383657246639785 ], [ -79.977331740842629, 40.383647170835538 ], [ -79.977309986198946, 40.383611239895231 ], [ -79.977294324159061, 40.38358654434137 ], [ -79.9772786595681, 40.383561842528522 ], [ -79.977262988073093, 40.383537145351234 ], [ -79.977247327096435, 40.383512445266447 ], [ -79.977239351306267, 40.383499868751628 ], [ -79.977231665043035, 40.383487747903068 ], [ -79.977215993582405, 40.383463050719143 ], [ -79.97720032807932, 40.3834383552201 ], [ -79.977184663616498, 40.383413655194545 ], [ -79.977176656961248, 40.383401035127783 ], [ -79.977167156204999, 40.383385691685326 ], [ -79.977161294028733, 40.383376225681367 ], [ -79.977157231235282, 40.38336966634904 ], [ -79.977145927575549, 40.383351416300982 ], [ -79.97713056587267, 40.383326607727867 ], [ -79.977129030253067, 40.383324125688681 ], [ -79.977115206416968, 40.383301795506014 ], [ -79.977106826924185, 40.383288264627218 ], [ -79.97709984597337, 40.383276988706548 ], [ -79.977088674120054, 40.383258947818113 ], [ -79.977084483127044, 40.383252180149753 ], [ -79.977081840177433, 40.383247914100814 ], [ -79.977069116819351, 40.383227373459562 ], [ -79.977053756172097, 40.383202559451242 ], [ -79.977053458755066, 40.383202078711484 ], [ -79.977038395773633, 40.383177752643221 ], [ -79.977033289042879, 40.383169508973282 ], [ -79.977031158656402, 40.383166067253804 ], [ -79.977017928748538, 40.383144704863383 ], [ -79.977002565873306, 40.383119893594269 ], [ -79.976998209464028, 40.383112860650549 ], [ -79.976987199536794, 40.383095084191766 ], [ -79.976981481671672, 40.383085848724271 ], [ -79.976973822477206, 40.383073474189537 ], [ -79.976958452659517, 40.38304866575146 ], [ -79.976955412630758, 40.383043754218839 ], [ -79.976943092182594, 40.383023854428657 ], [ -79.976933050147807, 40.383007634038975 ], [ -79.976927731835744, 40.382999046704931 ], [ -79.976919271586468, 40.382985386743051 ], [ -79.976912363080757, 40.382974233736192 ], [ -79.976895322162065, 40.38294672694699 ], [ -79.976882676394609, 40.382921034445289 ], [ -79.976875058080438, 40.382905576296366 ], [ -79.976870016716802, 40.38289534851674 ], [ -79.97685772007965, 40.382870382596998 ], [ -79.9768573652008, 40.382869659726865 ], [ -79.976844749272431, 40.382844049526895 ], [ -79.976839605250476, 40.38283360210891 ], [ -79.976832096509199, 40.382818358055786 ], [ -79.976819443933806, 40.382792671985072 ], [ -79.976813334332164, 40.382780272959089 ], [ -79.976806785392355, 40.382766983325482 ], [ -79.976794136338498, 40.382741296283349 ], [ -79.976785214945139, 40.382723189441762 ], [ -79.976781477816289, 40.382715607620781 ], [ -79.976773569109042, 40.382699558682027 ], [ -79.976768819303715, 40.382689918956693 ], [ -79.976756166835841, 40.382664234679126 ], [ -79.976749189502087, 40.382650064133649 ], [ -79.976743514080667, 40.382638541397021 ], [ -79.976730862809362, 40.382612857093775 ], [ -79.976710178732034, 40.38256828846027 ], [ -79.976701528212601, 40.382549106140289 ], [ -79.976686732146078, 40.382516290370823 ], [ -79.976678926934696, 40.382498984500863 ], [ -79.976669254576535, 40.382477537247603 ], [ -79.976657624924314, 40.382451751254088 ], [ -79.9766473415485, 40.382428958153021 ], [ -79.976639036801075, 40.382411686238051 ], [ -79.976637301519375, 40.382408078336745 ], [ -79.976625783822612, 40.382382078473746 ], [ -79.976611136247158, 40.382349012088874 ], [ -79.976597154298688, 40.382317446348118 ], [ -79.976595375803612, 40.38231349243987 ], [ -79.976591150323046, 40.382304103851965 ], [ -79.976579458608256, 40.382278148781161 ], [ -79.976567769316475, 40.382252195464261 ], [ -79.976556085949937, 40.382226242932902 ], [ -79.976553284344675, 40.382220021413843 ], [ -79.976544397794029, 40.382200287790077 ], [ -79.976532708380759, 40.382174329967775 ], [ -79.976521016800021, 40.382148377591463 ], [ -79.976515692096697, 40.38213655619505 ], [ -79.976509327553146, 40.382122424268111 ], [ -79.976500126987219, 40.382101991305831 ], [ -79.976493463605763, 40.382087192181721 ], [ -79.976489759631519, 40.382078898916298 ], [ -79.976486008594605, 40.382070500254173 ], [ -79.976474410581105, 40.382044526249651 ], [ -79.976462805304905, 40.38201854607793 ], [ -79.97645750757107, 40.382006684520107 ], [ -79.976451203747672, 40.381992571238676 ], [ -79.976439605612484, 40.381966592728773 ], [ -79.976431831344797, 40.381949185347537 ], [ -79.97642022987074, 40.381923212305544 ], [ -79.976408628227517, 40.381897233860379 ], [ -79.976397030184458, 40.381871257146464 ], [ -79.976385428559084, 40.381845278698741 ], [ -79.976373829297216, 40.381819300204405 ], [ -79.976362225394439, 40.381793323600206 ], [ -79.976359544119177, 40.381787320472597 ], [ -79.976348405793317, 40.381762387119991 ], [ -79.976339025886475, 40.381741371129365 ], [ -79.976339006831665, 40.381741329155304 ], [ -79.976338733347262, 40.381740716423536 ], [ -79.976327420773814, 40.381715392743402 ], [ -79.976315815818467, 40.381689418857782 ], [ -79.976304220052995, 40.381663437586774 ], [ -79.976292616292824, 40.381637463675894 ], [ -79.976281017102352, 40.381611485171362 ], [ -79.976269419098145, 40.381585506642914 ], [ -79.976257815364761, 40.381559532728161 ], [ -79.976252168090525, 40.381546893232802 ], [ -79.976246210314542, 40.38153355433338 ], [ -79.976240495215578, 40.381520751283759 ], [ -79.976235963049817, 40.381510597441817 ], [ -79.976224361696794, 40.381484623478073 ], [ -79.97621276020422, 40.381458645011534 ], [ -79.976206825149106, 40.381445351617074 ], [ -79.976201162311867, 40.381432668276197 ], [ -79.976189557394292, 40.3814066925761 ], [ -79.976177961785353, 40.381380713091914 ], [ -79.976166358151957, 40.381354740067508 ], [ -79.976154753172182, 40.381328761662722 ], [ -79.976151517254891, 40.381321513394738 ], [ -79.976142486378123, 40.381301289742005 ], [ -79.976176209797771, 40.381291881127105 ], [ -79.976182163055597, 40.381290220424461 ], [ -79.976209933297056, 40.381282475203264 ], [ -79.976243654432395, 40.381273069314979 ], [ -79.976253194813665, 40.38127040792854 ], [ -79.976286919290672, 40.381260996557643 ], [ -79.976320642848236, 40.381251593302373 ], [ -79.976354362686351, 40.381242184703453 ], [ -79.976388965155962, 40.381232534754623 ], [ -79.976390982268782, 40.381231972444986 ], [ -79.976398262163059, 40.38122992399407 ], [ -79.9764246691918, 40.381222495091919 ], [ -79.976431215227564, 40.381220698623395 ], [ -79.976455551300191, 40.381214021347141 ], [ -79.976489336684068, 40.38120474387383 ], [ -79.976523121148574, 40.381195474516076 ], [ -79.976553304882657, 40.381187186281082 ], [ -79.97655690886846, 40.381186196977531 ], [ -79.976561027705031, 40.381185066216148 ], [ -79.976590694402631, 40.381176924876385 ], [ -79.976615319828909, 40.381170163608772 ], [ -79.976624478631493, 40.381167649186771 ], [ -79.976635176187628, 40.381164713204321 ], [ -79.976658262940092, 40.38115837618821 ], [ -79.976684260149355, 40.381151238907201 ], [ -79.976705648216239, 40.381145367966838 ], [ -79.976705771505181, 40.381145355679358 ], [ -79.976712403482992, 40.3811447367924 ], [ -79.976755031526096, 40.381140757055043 ], [ -79.976777981025919, 40.381142118001037 ], [ -79.976794422082207, 40.381143092769499 ], [ -79.976805012167333, 40.381143720933792 ], [ -79.976824587762167, 40.381147903644099 ], [ -79.976852141953955, 40.381153792787025 ], [ -79.976885497577186, 40.381163848318558 ], [ -79.976885536843497, 40.381163860173551 ], [ -79.976918924768313, 40.381173930387632 ], [ -79.976930041666009, 40.381177279855585 ], [ -79.976952324297827, 40.381183994963074 ], [ -79.976985719306313, 40.381194065021567 ], [ -79.976998375868618, 40.381197877567836 ], [ -79.977003022336049, 40.381199278904091 ], [ -79.977031773186042, 40.381207945766953 ], [ -79.977041005399002, 40.381210728887595 ], [ -79.977065163390279, 40.38121801229201 ], [ -79.977087289013227, 40.38122468085399 ], [ -79.977087572207921, 40.381224766380498 ], [ -79.977098557106657, 40.381228077838962 ], [ -79.977125727907477, 40.381236270663038 ], [ -79.9771587812089, 40.38124697968351 ], [ -79.977191834342662, 40.381257683292631 ], [ -79.977206840331078, 40.381262543265862 ], [ -79.977224891107895, 40.381268389525083 ], [ -79.977235161522685, 40.381271718357247 ], [ -79.97726821468062, 40.381282421944462 ], [ -79.977274984181904, 40.381284614730035 ], [ -79.977301267938174, 40.381293128223156 ], [ -79.977334321295316, 40.381303837193286 ], [ -79.977367374573831, 40.381314543452994 ], [ -79.977384950173587, 40.381320233092353 ], [ -79.977388437907265, 40.381321362179079 ], [ -79.977388511731021, 40.381321385979597 ], [ -79.977392457383118, 40.381329968243797 ], [ -79.977400419549028, 40.381347280951275 ], [ -79.977405303059712, 40.381357902737925 ], [ -79.977412326228588, 40.381373176844633 ], [ -79.977424227168598, 40.381399041316655 ], [ -79.977424239862259, 40.381399068999151 ], [ -79.977440308986147, 40.381434011429413 ], [ -79.977445263557868, 40.381444430045789 ], [ -79.977448292800787, 40.381450801204153 ], [ -79.977452757338227, 40.38146018515112 ], [ -79.97746056733574, 40.381476598105891 ], [ -79.977466102894084, 40.381488237019397 ], [ -79.977472837200523, 40.381502395997437 ], [ -79.977480975264925, 40.381519504409276 ], [ -79.97748510948864, 40.381528195642737 ], [ -79.977488523576611, 40.381535376475995 ], [ -79.9774973745442, 40.381553990021096 ], [ -79.977508070714109, 40.381576471490945 ], [ -79.977509646761959, 40.381579786962689 ], [ -79.97752192237256, 40.38160557933319 ], [ -79.977527178195501, 40.381616629959133 ], [ -79.97752978456387, 40.381622109292209 ], [ -79.977550045405437, 40.381651806075617 ], [ -79.977564227081672, 40.3816688843648 ], [ -79.977573583863858, 40.381680154059062 ], [ -79.977576741557229, 40.381683526399961 ], [ -79.977586355256463, 40.381693799264468 ], [ -79.977604664893988, 40.381710522235203 ], [ -79.97761450358081, 40.381719508800479 ], [ -79.977623106359431, 40.381726134573903 ], [ -79.977632561265551, 40.381733415063323 ], [ -79.977638996770537, 40.3817383727757 ], [ -79.977645374310512, 40.381743287462811 ], [ -79.977678848892083, 40.381765041142309 ], [ -79.977684191718993, 40.381768158711076 ], [ -79.977696297193049, 40.381775223192555 ], [ -79.977722683801929, 40.381788239023123 ], [ -79.977733151485097, 40.381793401807315 ], [ -79.977771853191982, 40.381809123191431 ], [ -79.977799392371793, 40.381818116846262 ], [ -79.977812121693972, 40.381822272940298 ], [ -79.977820459975717, 40.381824380470711 ], [ -79.977830379446488, 40.381826888112222 ], [ -79.977843102393095, 40.381830101101656 ], [ -79.977853681090636, 40.381832772593896 ], [ -79.977896208448172, 40.38184054640184 ], [ -79.977939407564506, 40.381845543323074 ], [ -79.977982921314705, 40.38184772250149 ], [ -79.978028279741494, 40.381846755317518 ], [ -79.978071417988431, 40.381842981467948 ], [ -79.978099195071124, 40.381837156343522 ], [ -79.978106908537313, 40.381835537247326 ], [ -79.978133772933589, 40.381829899994486 ], [ -79.978140279087768, 40.381828536622912 ], [ -79.978165075230081, 40.38182334016966 ], [ -79.97819969407594, 40.381816076703515 ], [ -79.978213336903593, 40.381813215264003 ], [ -79.978234309531004, 40.381808817796596 ], [ -79.978264281357298, 40.381802530463496 ], [ -79.97826892724413, 40.381801556132977 ], [ -79.978303535739329, 40.381794300942936 ], [ -79.978325935629783, 40.381789602044279 ], [ -79.978341388926722, 40.381786128181261 ], [ -79.978360371397457, 40.381781860991119 ], [ -79.978386746724851, 40.38177593402466 ], [ -79.97839481077834, 40.3817741225605 ], [ -79.978429256097186, 40.381766385806593 ], [ -79.978463692988797, 40.381758643799614 ], [ -79.978491464545499, 40.381752403379011 ], [ -79.978498132316247, 40.381750904437773 ], [ -79.97853256798507, 40.381743161532654 ], [ -79.978548939260548, 40.381739482539089 ], [ -79.978567009651343, 40.381735422104832 ], [ -79.978580974383348, 40.381732285043789 ], [ -79.978601452576157, 40.381727685344963 ], [ -79.978627459537705, 40.381721842008055 ], [ -79.978635889576879, 40.381719947788106 ], [ -79.978670328716262, 40.381712203873349 ], [ -79.978674616840451, 40.381711240936639 ], [ -79.978704770469818, 40.381704468005687 ], [ -79.978739206269537, 40.381696730440751 ], [ -79.978748660632917, 40.381694604731692 ], [ -79.978773645385289, 40.381688986495163 ], [ -79.978808082316831, 40.38168124798662 ], [ -79.978823020999968, 40.381677888494835 ], [ -79.978832786409555, 40.381675692811527 ], [ -79.978866510770672, 40.381666317623285 ], [ -79.978900225674366, 40.381656941706673 ], [ -79.978916826271714, 40.381652324017281 ], [ -79.978933943981701, 40.381647562110793 ], [ -79.97896765880715, 40.381638184373877 ], [ -79.9790013771552, 40.381628806558894 ], [ -79.979011499076478, 40.381625991376879 ], [ -79.979035092021434, 40.381619430602896 ], [ -79.979070251978669, 40.381609651068814 ], [ -79.979079650122145, 40.381607036337179 ], [ -79.979102427784014, 40.381599331852932 ], [ -79.979108136442221, 40.381597400050858 ], [ -79.979135230477937, 40.381588232971978 ], [ -79.97916803439783, 40.381577135859594 ], [ -79.979200845311283, 40.381566036800841 ], [ -79.979233647943133, 40.381554936991542 ], [ -79.97926645068317, 40.381543840774185 ], [ -79.979292527716225, 40.381535021215576 ], [ -79.979325359601688, 40.381523916310329 ], [ -79.979345942189781, 40.381516951444709 ], [ -79.979358183146189, 40.381512808853977 ], [ -79.97939100803552, 40.381501706767366 ], [ -79.979423838651869, 40.381490600056217 ], [ -79.979456662253142, 40.381479495272707 ], [ -79.979489490552751, 40.381468390388953 ], [ -79.979522315220549, 40.381457282863074 ], [ -79.979529255323556, 40.381454935375636 ], [ -79.979555142351003, 40.381446178883671 ], [ -79.979587969351812, 40.381435071293645 ], [ -79.979620794135855, 40.381423968241307 ], [ -79.979653624855004, 40.381412866866512 ], [ -79.979686449468801, 40.381401759293936 ], [ -79.979704736855055, 40.38139557020488 ], [ -79.979719272835013, 40.381390649934104 ], [ -79.979752103462317, 40.381379546730663 ], [ -79.97978493404915, 40.381368442617585 ], [ -79.979800372905444, 40.381363216616577 ], [ -79.979805066804943, 40.381361628695231 ], [ -79.979812646116187, 40.381359053534119 ], [ -79.979837871134748, 40.381350479128741 ], [ -79.979870668360334, 40.381339328789053 ], [ -79.979893573934277, 40.381331543297662 ], [ -79.979903471461455, 40.381328178326342 ], [ -79.979936269783181, 40.381317026144643 ], [ -79.979936345504342, 40.381317000358301 ], [ -79.979969072951903, 40.381305878364188 ], [ -79.980001877197878, 40.381294727850737 ], [ -79.980046681626362, 40.381279495167568 ], [ -79.980067506367277, 40.381272483151456 ], [ -79.980107549211922, 40.381259000941853 ], [ -79.980140399945682, 40.381247939578479 ], [ -79.980173250817373, 40.381236882707313 ], [ -79.980206105031755, 40.381225820356704 ], [ -79.980238955792714, 40.381214760765872 ], [ -79.980271809985567, 40.38120369839649 ], [ -79.980292763991002, 40.381196642401115 ], [ -79.980325588573024, 40.381185540048328 ], [ -79.980358418792761, 40.381174430370024 ], [ -79.980391242146169, 40.381163327120973 ], [ -79.980424070168141, 40.3811522228713 ], [ -79.980454530880365, 40.381141920186721 ], [ -79.980456897031857, 40.381141119535329 ], [ -79.980472350969976, 40.381135889547387 ], [ -79.980489721351717, 40.381130010833608 ], [ -79.980522545749949, 40.381118904823538 ], [ -79.980555376053658, 40.38110779959063 ], [ -79.980588199371994, 40.381096697185811 ], [ -79.98062103068267, 40.381085587409927 ], [ -79.980631468106125, 40.3810820569919 ], [ -79.980653859865882, 40.381074484872684 ], [ -79.980686681885345, 40.381063379761635 ], [ -79.980719510957741, 40.381052274504746 ], [ -79.980752335250713, 40.381041167528849 ], [ -79.980785165568022, 40.381030064931458 ], [ -79.980801064538639, 40.381024685761879 ], [ -79.980813774855193, 40.381020385298442 ], [ -79.980846601382524, 40.381009275549317 ], [ -79.980879429314243, 40.380998172970536 ], [ -79.980912252496324, 40.380987069573095 ], [ -79.98094507672586, 40.380975962542344 ], [ -79.980977906890601, 40.380964857189078 ], [ -79.981007521500061, 40.380954836465278 ], [ -79.9810181743903, 40.380951232479781 ], [ -79.981051004501197, 40.380940126205381 ], [ -79.98107637851308, 40.380931542337564 ], [ -79.981109212017699, 40.380920432377117 ], [ -79.981142042217655, 40.380909329678019 ], [ -79.981154329569137, 40.380905171581588 ], [ -79.981174865164633, 40.380898221704278 ], [ -79.981207692988448, 40.380887119032003 ], [ -79.981213815059064, 40.38088504580319 ], [ -79.981240515824538, 40.380876008338618 ], [ -79.981256623373909, 40.380870562011999 ], [ -79.981269236988922, 40.380866295797844 ], [ -79.981302061160605, 40.38085519046605 ], [ -79.981334891237609, 40.380844085911427 ], [ -79.981367715298433, 40.380832977859967 ], [ -79.981400541881527, 40.380821875155526 ], [ -79.981433366010009, 40.380810769786301 ], [ -79.981466188950392, 40.380799664430477 ], [ -79.981499016678413, 40.380788561675224 ], [ -79.981534611043486, 40.380776515363181 ], [ -79.981552598416997, 40.380770668703612 ], [ -79.981564885217267, 40.380766673633062 ], [ -79.981597909827187, 40.380755932802472 ], [ -79.981599110317049, 40.380755542938772 ], [ -79.981630943934093, 40.380745194481293 ], [ -79.981656482454511, 40.380736887477958 ], [ -79.981663977851952, 40.38073445074879 ], [ -79.981697008286972, 40.380723708875706 ], [ -79.981722274134285, 40.380715492712142 ], [ -79.981730038741304, 40.380712967893473 ], [ -79.981737482868667, 40.380710548366302 ], [ -79.981756900179334, 40.380704233501376 ], [ -79.981770516752704, 40.380699804603289 ], [ -79.981803549538114, 40.380689063554492 ], [ -79.981813796690233, 40.380685732196838 ], [ -79.981836584727176, 40.380678324251278 ], [ -79.981849016987439, 40.380674275888424 ], [ -79.981849067130753, 40.380674331674811 ], [ -79.981918129927791, 40.380650259195662 ], [ -79.982010757831588, 40.380734480422504 ], [ -79.982219068743831, 40.380950393137731 ], [ -79.982384297045527, 40.381127734756006 ], [ -79.982753786335678, 40.381486769603519 ], [ -79.983324354775107, 40.381515441617744 ], [ -79.983342359360876, 40.381516346475451 ], [ -79.983418754721214, 40.38141524169712 ], [ -79.984167494659502, 40.381559026403004 ], [ -79.984321027654616, 40.381588509686573 ], [ -79.984452041098677, 40.381597664108497 ], [ -79.984611187842376, 40.381608783742124 ], [ -79.984747063832856, 40.381618277944597 ], [ -79.984915334191797, 40.381603437247563 ], [ -79.98509261599456, 40.381616978096901 ], [ -79.985735278805649, 40.381662545837862 ], [ -79.985996789764798, 40.381708294175944 ], [ -79.986084212961671, 40.381728568234841 ], [ -79.98616764902485, 40.38173196209403 ], [ -79.987979073919462, 40.381805637944893 ], [ -79.988073453349642, 40.382642381423061 ], [ -79.988287143427328, 40.383991250678449 ], [ -79.986976064015934, 40.384104247098421 ], [ -79.986989078771103, 40.384177861195553 ], [ -79.984588850851637, 40.38407697625135 ], [ -79.982304931847466, 40.383900200626208 ], [ -79.981120115251144, 40.383917149567651 ], [ -79.98110803669077, 40.383990780637589 ], [ -79.981091894079228, 40.384353519725536 ], [ -79.979617111166121, 40.384404055262252 ], [ -79.977899532909518, 40.384499514793575 ], [ -79.977681950935747, 40.384178691704783 ] ] ] } },
{ "type": "Feature", "properties": { "Ward": 32, "District": 1, "Muni_War_1": "Pittsburgh Ward 32 Dist 1", "Gainey_2021_Total": 11, "Gainey_2025_Total": 16, "OConnor_2025_Total": 69, "Peduto_2021_Total": 26 }, "geometry": { "type": "Polygon", "coordinates": [ [ [ -79.989584463861974, 40.378635941196812 ], [ -79.990212481951019, 40.378787351523215 ], [ -79.991052505202617, 40.378912358180301 ], [ -79.991127387394073, 40.378923784580692 ], [ -79.992505930170893, 40.378634047400716 ], [ -79.99290056269264, 40.378603544854734 ], [ -79.993163780480856, 40.378493888394516 ], [ -79.99357871881729, 40.378321022643036 ], [ -79.99357979170307, 40.378320695491681 ], [ -79.993583610443622, 40.378315403341624 ], [ -79.993595166667419, 40.378294701596275 ], [ -79.993615484659657, 40.378253291147544 ], [ -79.993638366063962, 40.378207417430467 ], [ -79.993642816965703, 40.378198496830912 ], [ -79.993642899723852, 40.378198328558483 ], [ -79.993746209764836, 40.377939364287876 ], [ -79.993842355232545, 40.377698358702716 ], [ -79.994005024192077, 40.377291573248321 ], [ -79.994040619406732, 40.377192652189322 ], [ -79.994041963036196, 40.377188917118133 ], [ -79.994042523815395, 40.377187359393893 ], [ -79.99407849460087, 40.377087407610979 ], [ -79.994094943301903, 40.377003990004575 ], [ -79.994112373979164, 40.376913506562722 ], [ -79.994115815972492, 40.37686785293814 ], [ -79.99411875263948, 40.376828899127766 ], [ -79.994120076582121, 40.376816384386522 ], [ -79.9941239204597, 40.376780058848041 ], [ -79.994131576740472, 40.376727656733692 ], [ -79.994124382339436, 40.376677592812833 ], [ -79.994116457259196, 40.376622414340815 ], [ -79.994093625645888, 40.376473927895795 ], [ -79.994067053494859, 40.376301072168459 ], [ -79.994055994611614, 40.37624495642239 ], [ -79.994046557856819, 40.376196746866313 ], [ -79.994044938872989, 40.376188473952659 ], [ -79.994038062874736, 40.376153339653726 ], [ -79.994028830099239, 40.376106163052889 ], [ -79.99401622778268, 40.376041812559158 ], [ -79.994007381187998, 40.375934973463494 ], [ -79.994001116652313, 40.375872157409198 ], [ -79.993996008611362, 40.375838931056308 ], [ -79.994401972574153, 40.375718939202606 ], [ -79.994945733534436, 40.375666644666651 ], [ -79.995022037945162, 40.375685256046232 ], [ -79.996918827918435, 40.37614789629189 ], [ -79.997215627420147, 40.376232945140771 ], [ -79.998036234495387, 40.376468087047208 ], [ -79.998050506226846, 40.376472176650104 ], [ -79.998579136827559, 40.376901899207994 ], [ -79.999123389382035, 40.377344313135033 ], [ -79.999203499909527, 40.377259780557168 ], [ -80.001137242184413, 40.375019453380688 ], [ -80.001261331330568, 40.374943741724181 ], [ -80.001585166847548, 40.374840408486392 ], [ -80.001596112399199, 40.374836915768647 ], [ -80.001630543656091, 40.374826110115052 ], [ -80.001745562246043, 40.374790010386924 ], [ -80.001838302168039, 40.374764253095975 ], [ -80.001841986791746, 40.374763229884422 ], [ -80.00188487390912, 40.374751809669966 ], [ -80.001924976245149, 40.374740809522237 ], [ -80.001972095877207, 40.374730773361591 ], [ -80.002296078805998, 40.374661762726589 ], [ -80.002847763691662, 40.374543384977535 ], [ -80.003015667166281, 40.374516192340963 ], [ -80.003772684594537, 40.374393590026379 ], [ -80.004132287397539, 40.373975526873551 ], [ -80.004479113555476, 40.37417492398788 ], [ -80.004678374348032, 40.374289481590289 ], [ -80.004913177818636, 40.374424471415182 ], [ -80.004977949551304, 40.374461709410163 ], [ -80.005015408236119, 40.374474632520545 ], [ -80.00554053216392, 40.374655800551295 ], [ -80.005606728187274, 40.37467863846215 ], [ -80.00663275848305, 40.374848619866256 ], [ -80.006557301914427, 40.374914461692377 ], [ -80.006301846373063, 40.375194151730973 ], [ -80.006078902983376, 40.375536083476106 ], [ -80.005872632163857, 40.375988896709792 ], [ -80.005606197793313, 40.376593002202931 ], [ -80.00554466554847, 40.376732515444239 ], [ -80.005371282246557, 40.377028412039763 ], [ -80.005093262129009, 40.377368685125589 ], [ -80.004991479008098, 40.377469935149584 ], [ -80.004727802592001, 40.377732228907909 ], [ -80.004365298111253, 40.378013275075631 ], [ -80.004246759573718, 40.378105176911696 ], [ -80.004086684373377, 40.378199685075515 ], [ -80.003753568398267, 40.377878814035604 ], [ -80.003569104601326, 40.378048417397686 ], [ -80.003280622814714, 40.378285517409836 ], [ -80.002739663864503, 40.378536570320485 ], [ -80.002419937981514, 40.378629495748108 ], [ -80.001980429742474, 40.378767998593268 ], [ -80.001761016075491, 40.378853536670071 ], [ -80.001269922822075, 40.379210967955906 ], [ -80.000829281499435, 40.379612257902728 ], [ -80.000392527222004, 40.380076675738586 ], [ -79.999974121701783, 40.380546564745089 ], [ -79.999764342272826, 40.380717350466711 ], [ -79.999454930785788, 40.380879424891496 ], [ -79.999084217141132, 40.381062543721782 ], [ -79.998251544964461, 40.38141943935333 ], [ -79.99768964280203, 40.38162079779525 ], [ -79.997104430096229, 40.381824687271688 ], [ -79.996624990338717, 40.382004024006555 ], [ -79.996126305591787, 40.382179889907874 ], [ -79.995952508959363, 40.382231053017762 ], [ -79.99600074142765, 40.382480164167433 ], [ -79.995999941742369, 40.382494159694332 ], [ -79.995977764363815, 40.382882372668995 ], [ -79.995946210010871, 40.383067218838924 ], [ -79.995858019810143, 40.383330568190509 ], [ -79.995751251298884, 40.383588700516825 ], [ -79.995331892977177, 40.383449865057685 ], [ -79.995393593429995, 40.383329368783649 ], [ -79.995461707616215, 40.383196347023478 ], [ -79.99550404677737, 40.383092809847305 ], [ -79.995493229505669, 40.383023943800943 ], [ -79.99538593821093, 40.382859357265254 ], [ -79.995244338948339, 40.382642142223006 ], [ -79.994999860861839, 40.382251983298218 ], [ -79.994282969781324, 40.381505016089541 ], [ -79.993519140336218, 40.380739538151012 ], [ -79.993313621578551, 40.380578862990824 ], [ -79.993136979743468, 40.382624821589836 ], [ -79.991218658103676, 40.382545031966444 ], [ -79.991261761043759, 40.381955011183159 ], [ -79.98999977431933, 40.381873971419985 ], [ -79.990182577334963, 40.379699699926512 ], [ -79.991445968810496, 40.379738677897478 ], [ -79.991454732774855, 40.379587135377641 ], [ -79.991468856211981, 40.379342924499632 ], [ -79.9914713461974, 40.379299869630145 ], [ -79.991387417046099, 40.379232250604701 ], [ -79.991348188023309, 40.379226747423978 ], [ -79.991074197094576, 40.379209824272927 ], [ -79.990670051114051, 40.379160193799457 ], [ -79.990464110420575, 40.379117380410676 ], [ -79.990284346039672, 40.379074943395317 ], [ -79.99014838418482, 40.379029253534803 ], [ -79.990042938513142, 40.37899381810557 ], [ -79.989920275423685, 40.378942408780553 ], [ -79.989779331392825, 40.378872151591835 ], [ -79.989607866343178, 40.378786680258621 ], [ -79.989584463861974, 40.378635941196812 ] ] ] } },
{ "type": "Feature", "properties": { "Ward": 31, "District": 5, "Muni_War_1": "Pittsburgh Ward 31 Dist 5", "Gainey_2021_Total": 30, "Gainey_2025_Total": 29, "OConnor_2025_Total": 155, "Peduto_2021_Total": 88 }, "geometry": { "type": "Polygon", "coordinates": [ [ [ -79.909846137472613, 40.375369837939417 ], [ -79.910905001935561, 40.373978748190218 ], [ -79.910918518094078, 40.37396052289845 ], [ -79.912660033178113, 40.374745829870115 ], [ -79.91335751419777, 40.373824518939429 ], [ -79.915814794559068, 40.37555016763401 ], [ -79.917364050852953, 40.375058892507852 ], [ -79.918952168354238, 40.376787270392299 ], [ -79.919719280747401, 40.376398855928656 ], [ -79.919927163880018, 40.3757880785233 ], [ -79.919398355231181, 40.375057579062435 ], [ -79.920309548658196, 40.374227986028565 ], [ -79.920465444354647, 40.374539578340809 ], [ -79.920552774784426, 40.374747191232636 ], [ -79.920627922998918, 40.375048662249796 ], [ -79.920683688505861, 40.375350660717658 ], [ -79.920681925469808, 40.375520145551093 ], [ -79.920633108106799, 40.375875497755615 ], [ -79.920590850020176, 40.37616085428575 ], [ -79.920572202611865, 40.376416871503558 ], [ -79.920612325747129, 40.376739825481756 ], [ -79.920662363613886, 40.3770190495243 ], [ -79.920737999350095, 40.3772069405154 ], [ -79.920774702083762, 40.377274181333142 ], [ -79.920817404563067, 40.37734135977545 ], [ -79.920899061073868, 40.377433933630783 ], [ -79.920971091672186, 40.377515593338437 ], [ -79.921070828022877, 40.377625829162206 ], [ -79.921231665780553, 40.377743435334814 ], [ -79.92144518690219, 40.377894397851136 ], [ -79.921605887030211, 40.378004057743176 ], [ -79.921802338098402, 40.378126507489384 ], [ -79.921949320023415, 40.378217175206785 ], [ -79.922010050404808, 40.378249772045073 ], [ -79.922221277554058, 40.378352939282607 ], [ -79.922293772304585, 40.378388346054578 ], [ -79.922531151108402, 40.378490626099669 ], [ -79.922711172679897, 40.378565854550651 ], [ -79.923024496433769, 40.378692091762694 ], [ -79.923523454511667, 40.378896673913104 ], [ -79.923684122781083, 40.37896403218199 ], [ -79.923712824054931, 40.378979245311641 ], [ -79.923814738427708, 40.3790405683947 ], [ -79.923863462048402, 40.379053771218913 ], [ -79.923678415591723, 40.379125996136551 ], [ -79.923630113898469, 40.379141379785537 ], [ -79.923564415184856, 40.379150234420145 ], [ -79.923376463914963, 40.379407152995952 ], [ -79.923540286682567, 40.380280406668959 ], [ -79.923756939635069, 40.381435228432778 ], [ -79.923807845173158, 40.381706567597938 ], [ -79.923497235341102, 40.382779975547372 ], [ -79.920890955091167, 40.382394096415666 ], [ -79.918856933960285, 40.383423227500813 ], [ -79.91739745996091, 40.384505157050846 ], [ -79.916970697628983, 40.383724531065567 ], [ -79.916387274658476, 40.382655855866425 ], [ -79.916118268515092, 40.382174688791821 ], [ -79.916084039059697, 40.38211346211547 ], [ -79.917314414529031, 40.381596951590566 ], [ -79.916266993654403, 40.380118458041288 ], [ -79.916234459855744, 40.380068601870676 ], [ -79.914688048779965, 40.380631322937688 ], [ -79.913904549772042, 40.38089972658468 ], [ -79.91378506481135, 40.380924166882288 ], [ -79.913586527282305, 40.380940573522032 ], [ -79.913233927349296, 40.380937665524868 ], [ -79.911720071360762, 40.380526763604287 ], [ -79.911735351423431, 40.380396955469543 ], [ -79.911727134273221, 40.380294905147842 ], [ -79.911702502894755, 40.380143954135853 ], [ -79.911689702190912, 40.380053345948248 ], [ -79.911651441147882, 40.379940502712273 ], [ -79.911583498420242, 40.379828215177461 ], [ -79.911489006953133, 40.379659644842036 ], [ -79.911202343242607, 40.37926946703783 ], [ -79.911086078449969, 40.379135271129755 ], [ -79.91065307670155, 40.378693027828923 ], [ -79.910583823510834, 40.378602351720495 ], [ -79.910526293715904, 40.378489256142032 ], [ -79.910477256058613, 40.378382344621222 ], [ -79.910316355489144, 40.378527393224076 ], [ -79.910292563905912, 40.378548451120153 ], [ -79.910269347967244, 40.378542582162147 ], [ -79.909619456348494, 40.378385648994943 ], [ -79.9084854973745, 40.378182593400396 ], [ -79.908376542740641, 40.378160668229839 ], [ -79.908668694006465, 40.377764031249505 ], [ -79.908669607897053, 40.37776284573895 ], [ -79.909285853116486, 40.376960363189468 ], [ -79.909293024991982, 40.376951024002501 ], [ -79.90930403039637, 40.376936690782934 ], [ -79.909320861825663, 40.376914766902217 ], [ -79.909336295470922, 40.37689466188602 ], [ -79.908849516219718, 40.37669392579263 ], [ -79.908844425163707, 40.376691825582178 ], [ -79.909846137472613, 40.375369837939417 ] ] ] } },
{ "type": "Feature", "properties": { "Ward": 31, "District": 3, "Muni_War_1": "Pittsburgh Ward 31 Dist 3", "Gainey_2021_Total": 27, "Gainey_2025_Total": 24, "OConnor_2025_Total": 120, "Peduto_2021_Total": 45 }, "geometry": { "type": "Polygon", "coordinates": [ [ [ -79.910918518094078, 40.37396052289845 ], [ -79.91145038163954, 40.373243345852572 ], [ -79.911832598833186, 40.372788945310212 ], [ -79.91174695512376, 40.372728839672043 ], [ -79.910932180358643, 40.372157008846862 ], [ -79.909506286293308, 40.371156156931704 ], [ -79.908604525360531, 40.370523180382193 ], [ -79.908540426085153, 40.370452192508267 ], [ -79.908419909650263, 40.370486142925749 ], [ -79.908138527233447, 40.37005728868008 ], [ -79.910028279932462, 40.369532426166792 ], [ -79.910487678972814, 40.369395674415358 ], [ -79.910589988059527, 40.369350821535889 ], [ -79.912378592252693, 40.369570353275385 ], [ -79.912675532678804, 40.36963247369237 ], [ -79.91304816995509, 40.369757556417497 ], [ -79.913306650767112, 40.369413517908896 ], [ -79.913389907434876, 40.369308970390392 ], [ -79.913983276543405, 40.36956106067759 ], [ -79.914236835661185, 40.369551173136273 ], [ -79.917710179339807, 40.369507118332812 ], [ -79.918205378379056, 40.369480451318346 ], [ -79.918882093447479, 40.369478635787516 ], [ -79.919166429170374, 40.369477871426753 ], [ -79.919248078508346, 40.369488527698856 ], [ -79.919461997245719, 40.369588036458772 ], [ -79.920459782296319, 40.370202770184612 ], [ -79.920778245742028, 40.370052595992121 ], [ -79.920897834027073, 40.370014415907953 ], [ -79.922350043452397, 40.369698267006903 ], [ -79.922352386424365, 40.369755468721095 ], [ -79.922377798159715, 40.370213122696931 ], [ -79.922360590911509, 40.370712761046235 ], [ -79.92331806351288, 40.370552161043868 ], [ -79.92343807557387, 40.370532030093777 ], [ -79.924203207771527, 40.372088535723186 ], [ -79.924411507702587, 40.372512265586195 ], [ -79.924391310210012, 40.372516272919242 ], [ -79.920365575078151, 40.374180550593465 ], [ -79.920309548658196, 40.374227986028565 ], [ -79.919398355231181, 40.375057579062435 ], [ -79.919927163880018, 40.3757880785233 ], [ -79.919719280747401, 40.376398855928656 ], [ -79.918952168354238, 40.376787270392299 ], [ -79.917364050852953, 40.375058892507852 ], [ -79.915814794559068, 40.37555016763401 ], [ -79.91335751419777, 40.373824518939429 ], [ -79.912660033178113, 40.374745829870115 ], [ -79.910918518094078, 40.37396052289845 ] ] ] } },
{ "type": "Feature", "properties": { "Ward": 31, "District": 6, "Muni_War_1": "Pittsburgh Ward 31 Dist 6", "Gainey_2021_Total": 15, "Gainey_2025_Total": 36, "OConnor_2025_Total": 86, "Peduto_2021_Total": 43 }, "geometry": { "type": "Polygon", "coordinates": [ [ [ -79.904964738504404, 40.362211378191517 ], [ -79.904944238063166, 40.36216507710234 ], [ -79.905237157675685, 40.362139723167424 ], [ -79.905879678042083, 40.362070599180804 ], [ -79.905908092179828, 40.362067542430758 ], [ -79.90598813711081, 40.362013019566696 ], [ -79.907173795396872, 40.361517541952644 ], [ -79.907199744085275, 40.36156904696103 ], [ -79.90820890437314, 40.363572082287625 ], [ -79.908573275650681, 40.363471985789268 ], [ -79.908710622501275, 40.363432711355053 ], [ -79.908690579829951, 40.363474481965383 ], [ -79.908667112205563, 40.363529291821621 ], [ -79.909484073223396, 40.364775851556566 ], [ -79.910389254957678, 40.364426361740556 ], [ -79.911142620377603, 40.365510641695607 ], [ -79.911959567279766, 40.365461358260482 ], [ -79.912107750888367, 40.365449543434181 ], [ -79.912218864342734, 40.365424355755422 ], [ -79.912263993569695, 40.365431837119267 ], [ -79.91231488888404, 40.36546517347854 ], [ -79.912892301450611, 40.366318829846129 ], [ -79.913157352519249, 40.366690502755326 ], [ -79.9133091860608, 40.366845390410916 ], [ -79.913857466500772, 40.367314493026029 ], [ -79.914063573836927, 40.367477755687162 ], [ -79.91410010258106, 40.367500356518207 ], [ -79.914221117958675, 40.3675956806063 ], [ -79.914258634622641, 40.367673324855588 ], [ -79.914295834445497, 40.3678338035932 ], [ -79.914307815235958, 40.368141642674715 ], [ -79.914251826004261, 40.368339793433528 ], [ -79.914135503375689, 40.368556347624889 ], [ -79.914063883138184, 40.368678208484042 ], [ -79.91395322896544, 40.36866086644045 ], [ -79.913790520987689, 40.368805899598193 ], [ -79.913389907434876, 40.369308970390392 ], [ -79.913306650767112, 40.369413517908896 ], [ -79.91304816995509, 40.369757556417497 ], [ -79.912675532678804, 40.36963247369237 ], [ -79.912378592252693, 40.369570353275385 ], [ -79.910589988059527, 40.369350821535889 ], [ -79.910487678972814, 40.369395674415358 ], [ -79.910028279932462, 40.369532426166792 ], [ -79.908138527233447, 40.37005728868008 ], [ -79.908419909650263, 40.370486142925749 ], [ -79.906729350373496, 40.370962367741882 ], [ -79.903438211391773, 40.371889423634606 ], [ -79.903343813064581, 40.371695040896014 ], [ -79.901317437979813, 40.36751287205486 ], [ -79.900810593993796, 40.366403170091829 ], [ -79.900307151275555, 40.365281992309541 ], [ -79.900295173539149, 40.365255317398301 ], [ -79.901115853001869, 40.364857280119296 ], [ -79.901750967400943, 40.364549348631243 ], [ -79.902547925970339, 40.364162873202545 ], [ -79.903239095915666, 40.363827709614142 ], [ -79.903827189479046, 40.363542467832552 ], [ -79.904278916124213, 40.363323486433892 ], [ -79.904740712173862, 40.363099539738933 ], [ -79.905026989078095, 40.362966819884591 ], [ -79.905252471411401, 40.362861201070537 ], [ -79.904964738504404, 40.362211378191517 ] ] ] } },
{ "type": "Feature", "properties": { "Ward": 14, "District": 28, "Muni_War_1": "Pittsburgh Ward 14 Dist 28", "Gainey_2021_Total": 59, "Gainey_2025_Total": 66, "OConnor_2025_Total": 158, "Peduto_2021_Total": 90 }, "geometry": { "type": "Polygon", "coordinates": [ [ [ -79.899794012812265, 40.41549893906506 ], [ -79.899794062743538, 40.415498952549562 ], [ -79.899935970396299, 40.415539656327816 ], [ -79.900299105715035, 40.415617729320672 ], [ -79.901512284407588, 40.415878547595362 ], [ -79.901943925182323, 40.415886212154142 ], [ -79.903116992146934, 40.415907034350084 ], [ -79.90597207528414, 40.415707432510935 ], [ -79.90704661385486, 40.415584851208735 ], [ -79.907990748984119, 40.415466096843275 ], [ -79.91095438983767, 40.415002291720185 ], [ -79.911453566468381, 40.414841165526234 ], [ -79.915570930807874, 40.4175462820834 ], [ -79.915451126245998, 40.417741833046264 ], [ -79.915291555445975, 40.418127928202061 ], [ -79.915141771159526, 40.418224227042465 ], [ -79.914889704748106, 40.418343401052816 ], [ -79.914596459694323, 40.418524242526573 ], [ -79.914449807653355, 40.418607973276622 ], [ -79.91429344175036, 40.418814929075587 ], [ -79.91414044735707, 40.419088343780743 ], [ -79.913945157024429, 40.419222414356732 ], [ -79.913517649854327, 40.419371051338025 ], [ -79.913076701587627, 40.41945405480417 ], [ -79.912681378575044, 40.419547112765109 ], [ -79.912559793023476, 40.419681057786541 ], [ -79.911851456943182, 40.419909586838649 ], [ -79.911607146881821, 40.420150319944717 ], [ -79.911132097850626, 40.420747277647322 ], [ -79.910778271057481, 40.421271070948649 ], [ -79.910769818069483, 40.42128081330187 ], [ -79.910431245675099, 40.421671003608232 ], [ -79.910280042369124, 40.421928038466952 ], [ -79.910075929214798, 40.422135065608053 ], [ -79.909810075018882, 40.422452429025569 ], [ -79.909605713655736, 40.422764018177148 ], [ -79.909235075775669, 40.423160580326311 ], [ -79.909138889370425, 40.423279078931472 ], [ -79.908798952286048, 40.423657760269911 ], [ -79.908688130645317, 40.423853285142663 ], [ -79.908605087287896, 40.42393082694781 ], [ -79.908501810729717, 40.423977835531183 ], [ -79.908373770353705, 40.42403611517075 ], [ -79.90821340520526, 40.424089848306892 ], [ -79.908070178154219, 40.42413098417876 ], [ -79.907997432737488, 40.42415187722915 ], [ -79.907938593956217, 40.424161293885419 ], [ -79.90789297917874, 40.424159339708183 ], [ -79.907855706914972, 40.424103875419831 ], [ -79.907739849836162, 40.424013682332486 ], [ -79.907617711297789, 40.423952681667025 ], [ -79.907507669617345, 40.423950783740359 ], [ -79.907392845346266, 40.423963142825684 ], [ -79.907326644203252, 40.423979899921839 ], [ -79.907267452731006, 40.424052945981366 ], [ -79.907238529890236, 40.424142153974252 ], [ -79.907231383354301, 40.424242270135018 ], [ -79.907233887282814, 40.424339433255128 ], [ -79.907237314968228, 40.424472459430405 ], [ -79.907225732268074, 40.424503281480497 ], [ -79.907160021490824, 40.424571493572515 ], [ -79.907095540695366, 40.424655471109276 ], [ -79.907017066253147, 40.424797040518271 ], [ -79.906980214442797, 40.42489517712756 ], [ -79.906953458074767, 40.425001404135422 ], [ -79.906948910903552, 40.425158367254262 ], [ -79.906957526207563, 40.425325623777077 ], [ -79.906984262567619, 40.425557101111465 ], [ -79.906988265066829, 40.425618625293268 ], [ -79.906963267477877, 40.425678618919228 ], [ -79.906906233645202, 40.425770913638779 ], [ -79.906848577206688, 40.425826365827874 ], [ -79.906776075650669, 40.425876088187884 ], [ -79.906710158256843, 40.425914435870347 ], [ -79.906605193246961, 40.425955333028647 ], [ -79.906504847548419, 40.425985340773941 ], [ -79.906407068437545, 40.425996734736152 ], [ -79.906353224549946, 40.426003008815968 ], [ -79.906260528176134, 40.426043685679232 ], [ -79.906170520876927, 40.426054234424299 ], [ -79.906105834461513, 40.426057008207977 ], [ -79.906000655193026, 40.42590100010576 ], [ -79.905687692318779, 40.425488724569895 ], [ -79.905211950775637, 40.424907058827891 ], [ -79.904735966614737, 40.42423673148307 ], [ -79.904224820926416, 40.422997000239178 ], [ -79.900044783791429, 40.421058492941917 ], [ -79.901393501757411, 40.419371390509099 ], [ -79.900544642820904, 40.419029981189475 ], [ -79.900009768142127, 40.418978258001054 ], [ -79.899043583526222, 40.418869160757104 ], [ -79.898929401316863, 40.418861032146786 ], [ -79.89962313569508, 40.415449930479092 ], [ -79.899794012812265, 40.41549893906506 ] ] ] } },
{ "type": "Feature", "properties": { "Ward": 14, "District": 5, "Muni_War_1": "Pittsburgh Ward 14 Dist 5", "Gainey_2021_Total": 86, "Gainey_2025_Total": 80, "OConnor_2025_Total": 275, "Peduto_2021_Total": 192 }, "geometry": { "type": "Polygon", "coordinates": [ [ [ -79.933938620643985, 40.437711571044019 ], [ -79.934331653410723, 40.438845522755194 ], [ -79.934117417118429, 40.438912998387622 ], [ -79.93113522959419, 40.439852211506448 ], [ -79.93353611182377, 40.44424585628753 ], [ -79.930462997648164, 40.445179188290425 ], [ -79.930433831319036, 40.445142336613827 ], [ -79.930237489041119, 40.445197353937978 ], [ -79.927925028083237, 40.444121260189597 ], [ -79.927875433742088, 40.443002581263144 ], [ -79.92771430622733, 40.438039267369881 ], [ -79.933938620643985, 40.437711571044019 ] ] ] } },
{ "type": "Feature", "properties": { "Ward": 14, "District": 41, "Muni_War_1": "Pittsburgh Ward 14 Dist 41", "Gainey_2021_Total": 14, "Gainey_2025_Total": 9, "OConnor_2025_Total": 25, "Peduto_2021_Total": 7 }, "geometry": { "type": "Polygon", "coordinates": [ [ [ -79.942176035786389, 40.440443617054072 ], [ -79.937802115754323, 40.439547297698191 ], [ -79.937747586483425, 40.43950146440632 ], [ -79.934400081580421, 40.438807091162076 ], [ -79.934365134042437, 40.438800978188645 ], [ -79.934016149985951, 40.437707486932332 ], [ -79.933302194231118, 40.434478444562103 ], [ -79.933597920753982, 40.434344747267588 ], [ -79.933686929844143, 40.434258179465125 ], [ -79.933807382886656, 40.434141028456331 ], [ -79.933898613883301, 40.433993713760934 ], [ -79.934064698989573, 40.433760079486674 ], [ -79.934377931308418, 40.433462982861371 ], [ -79.934591548263526, 40.433319358090685 ], [ -79.934811918123401, 40.433202955460843 ], [ -79.935189471052624, 40.433063267198833 ], [ -79.935575326813733, 40.432970016042987 ], [ -79.936005811774464, 40.432902001987991 ], [ -79.936517614847659, 40.432848138795613 ], [ -79.936188397008081, 40.432585533945648 ], [ -79.935718457158444, 40.432338159121933 ], [ -79.935139348477492, 40.432148366439741 ], [ -79.934520000422154, 40.432025188494599 ], [ -79.933556057514465, 40.431954854976141 ], [ -79.932662503489851, 40.432019276445153 ], [ -79.932615346631394, 40.431480096526627 ], [ -79.932559157697639, 40.430947763471352 ], [ -79.932528705402703, 40.430659263092153 ], [ -79.9326095737229, 40.430410871678475 ], [ -79.933452640430815, 40.430177226486158 ], [ -79.934214811078149, 40.429974807641202 ], [ -79.934663980333241, 40.429819792611262 ], [ -79.934948193743452, 40.429727060539037 ], [ -79.935121567217848, 40.429699326025393 ], [ -79.93534741665151, 40.429734733111005 ], [ -79.935497238543704, 40.429769963523199 ], [ -79.935658677294228, 40.429807925225376 ], [ -79.935815320539589, 40.429791120143783 ], [ -79.935909576231637, 40.429753602345357 ], [ -79.935980547622307, 40.429705560568472 ], [ -79.93603015990972, 40.429628768160264 ], [ -79.936067608265589, 40.429488694872468 ], [ -79.936092254244016, 40.429396512363816 ], [ -79.936169600579532, 40.429302376880685 ], [ -79.936291310713386, 40.429239814114389 ], [ -79.93651906792158, 40.429169072558935 ], [ -79.936831427678626, 40.429129306393158 ], [ -79.937017298949286, 40.429122646019813 ], [ -79.937152908747265, 40.429141533135571 ], [ -79.937344918385875, 40.429193200596551 ], [ -79.937530851294582, 40.429243232413235 ], [ -79.937892406334697, 40.428573153742271 ], [ -79.939733595893799, 40.42931003751265 ], [ -79.939733829573214, 40.429296605672711 ], [ -79.940279932133919, 40.429537860210907 ], [ -79.940567117604402, 40.429589690106539 ], [ -79.941277982196908, 40.429654466888017 ], [ -79.941666480372817, 40.429534017800805 ], [ -79.942046822541954, 40.429416095900343 ], [ -79.942553649968175, 40.429320516642022 ], [ -79.943014965778133, 40.429229541181435 ], [ -79.94340053714302, 40.429000838548077 ], [ -79.943765170727417, 40.428763692812133 ], [ -79.944396922442039, 40.428348327919849 ], [ -79.945089021710643, 40.427831560700831 ], [ -79.945218228283949, 40.427817918859674 ], [ -79.945566529209813, 40.427781142227992 ], [ -79.946951834907878, 40.427479952058988 ], [ -79.94907932022366, 40.427711661003514 ], [ -79.949087201852294, 40.427742401780407 ], [ -79.949334540210941, 40.428707064668792 ], [ -79.949438438520303, 40.428973323244847 ], [ -79.949735744142785, 40.429496237207964 ], [ -79.950275313381837, 40.430877670360339 ], [ -79.949907233545474, 40.434424869957141 ], [ -79.950046224883522, 40.43553064351223 ], [ -79.950113866429987, 40.436296973414905 ], [ -79.949949684347359, 40.437007821009402 ], [ -79.9500009464318, 40.437698197883606 ], [ -79.950076209328387, 40.438242931214695 ], [ -79.950233875836389, 40.438705731817919 ], [ -79.950837668873959, 40.439814160762893 ], [ -79.950748834940882, 40.439890228214615 ], [ -79.950144123882737, 40.440408028650886 ], [ -79.949675347860023, 40.440717708160498 ], [ -79.949482044621803, 40.440934019154021 ], [ -79.949244226396971, 40.441344510200992 ], [ -79.947155262391504, 40.441492442413974 ], [ -79.946816584701793, 40.441438558285412 ], [ -79.942176035786389, 40.440443617054072 ] ] ] } },
{ "type": "Feature", "properties": { "Ward": 14, "District": 38, "Muni_War_1": "Pittsburgh Ward 14 Dist 38", "Gainey_2021_Total": 79, "Gainey_2025_Total": 43, "OConnor_2025_Total": 174, "Peduto_2021_Total": 110 }, "geometry": { "type": "Polygon", "coordinates": [ [ [ -79.937854681556644, 40.439591481721983 ], [ -79.93439531180843, 40.438855902723809 ], [ -79.934351533225183, 40.43890287880356 ], [ -79.934331653410723, 40.438845522755194 ], [ -79.933938620643985, 40.437711571044019 ], [ -79.92771430622733, 40.438039267369881 ], [ -79.927653776854683, 40.435759414585512 ], [ -79.927671949866109, 40.435752957947919 ], [ -79.930305559805248, 40.435433345217511 ], [ -79.933302194231118, 40.434478444562103 ], [ -79.934016149985951, 40.437707486932332 ], [ -79.934365134042437, 40.438800978188645 ], [ -79.934400081580421, 40.438807091162076 ], [ -79.937747586483425, 40.43950146440632 ], [ -79.937802115754323, 40.439547297698191 ], [ -79.942176035786389, 40.440443617054072 ], [ -79.941566856612965, 40.441742286910085 ], [ -79.940191075237237, 40.441555223408947 ], [ -79.937854681556644, 40.439591481721983 ] ] ] } },
{ "type": "Feature", "properties": { "Ward": 14, "District": 7, "Muni_War_1": "Pittsburgh Ward 14 Dist 7", "Gainey_2021_Total": 50, "Gainey_2025_Total": 33, "OConnor_2025_Total": 84, "Peduto_2021_Total": 70 }, "geometry": { "type": "Polygon", "coordinates": [ [ [ -79.934331653410723, 40.438845522755194 ], [ -79.934351533225183, 40.43890287880356 ], [ -79.93439531180843, 40.438855902723809 ], [ -79.937854681556644, 40.439591481721983 ], [ -79.940191075237237, 40.441555223408947 ], [ -79.941566856612965, 40.441742286910085 ], [ -79.942176035786389, 40.440443617054072 ], [ -79.946816584701793, 40.441438558285412 ], [ -79.947155262391504, 40.441492442413974 ], [ -79.949244226396971, 40.441344510200992 ], [ -79.948886608652813, 40.441850964994622 ], [ -79.948203298043708, 40.442607908498182 ], [ -79.94785000900967, 40.442977470017745 ], [ -79.947485524301257, 40.443411687604168 ], [ -79.94730673221251, 40.443697071812423 ], [ -79.946787518589403, 40.444517412080621 ], [ -79.943001802983915, 40.444647194747397 ], [ -79.938795779223184, 40.443881643593407 ], [ -79.938691654704016, 40.443933400089833 ], [ -79.934117417118429, 40.438912998387622 ], [ -79.934331653410723, 40.438845522755194 ] ] ] } },
{ "type": "Feature", "properties": { "Ward": 20, "District": 8, "Muni_War_1": "Pittsburgh Ward 20 Dist 8", "Gainey_2021_Total": 51, "Gainey_2025_Total": 63, "OConnor_2025_Total": 94, "Peduto_2021_Total": 60 }, "geometry": { "type": "Polygon", "coordinates": [ [ [ -80.035320945509369, 40.449342071693096 ], [ -80.036574378104618, 40.448431001949089 ], [ -80.035783944628676, 40.447790622028052 ], [ -80.037633315323575, 40.446509015708166 ], [ -80.037257660266761, 40.446228989182664 ], [ -80.040629690850764, 40.443973189935306 ], [ -80.04020870242401, 40.443607834680954 ], [ -80.039696471080788, 40.443056784514447 ], [ -80.039205331592797, 40.442444735829156 ], [ -80.039489860935319, 40.442197801071288 ], [ -80.03971600015096, 40.442359485232224 ], [ -80.040060796236531, 40.442103424336814 ], [ -80.042679249476734, 40.443921140312341 ], [ -80.042999098060193, 40.443655726965751 ], [ -80.043957652673129, 40.444298813113988 ], [ -80.043959701330138, 40.444301114764194 ], [ -80.043614071733714, 40.444578518883596 ], [ -80.045597230484034, 40.445949418614198 ], [ -80.045963949949964, 40.446266393130088 ], [ -80.046502172113847, 40.446829357769438 ], [ -80.046135229224646, 40.447057266296099 ], [ -80.045199019396179, 40.447445815924276 ], [ -80.044106934287953, 40.447256996577309 ], [ -80.04405804626785, 40.447462603397966 ], [ -80.044101362489684, 40.448103650519442 ], [ -80.044695236262555, 40.449307939118505 ], [ -80.045065303371288, 40.450096356313679 ], [ -80.045096857079059, 40.450359993278482 ], [ -80.0413262499506, 40.451887502109905 ], [ -80.040837889506321, 40.452586905219547 ], [ -80.040349739710109, 40.452532978720363 ], [ -80.039749122284903, 40.452387923783824 ], [ -80.039124422300873, 40.452079233313761 ], [ -80.03839901568719, 40.451627454528278 ], [ -80.037701879757833, 40.451141059988935 ], [ -80.036133074727417, 40.450001244368131 ], [ -80.035320945509369, 40.449342071693096 ] ] ] } },
{ "type": "Feature", "properties": { "Ward": 20, "District": 6, "Muni_War_1": "Pittsburgh Ward 20 Dist 6", "Gainey_2021_Total": 25, "Gainey_2025_Total": 33, "OConnor_2025_Total": 55, "Peduto_2021_Total": 44 }, "geometry": { "type": "Polygon", "coordinates": [ [ [ -80.029620325925833, 40.447941997644499 ], [ -80.031589555930807, 40.446731979054036 ], [ -80.033018894535402, 40.445703467149109 ], [ -80.03458991834745, 40.444244290209909 ], [ -80.03290749046954, 40.441613916031763 ], [ -80.034804881867643, 40.440917912073836 ], [ -80.035716142526567, 40.440584097848941 ], [ -80.036362374096967, 40.440347362398164 ], [ -80.036832276410621, 40.440122165931712 ], [ -80.037099630447514, 40.439964905461807 ], [ -80.037156259708354, 40.439740420715253 ], [ -80.037154219647235, 40.439587462969243 ], [ -80.037007897552144, 40.439458726364556 ], [ -80.036990110183282, 40.439358079639746 ], [ -80.037357004264365, 40.439409572878823 ], [ -80.03845347820679, 40.439563455147045 ], [ -80.039546713976947, 40.439663736032095 ], [ -80.040079172325605, 40.439799577033916 ], [ -80.040524306254298, 40.440017791610771 ], [ -80.041100690322267, 40.440393727575405 ], [ -80.041369767163886, 40.44065352545649 ], [ -80.041644036317479, 40.441034938232164 ], [ -80.04080998171618, 40.441622455390196 ], [ -80.040583896982753, 40.441460715510239 ], [ -80.040468087027904, 40.441377865155197 ], [ -80.040308114059044, 40.441263420091452 ], [ -80.040056460519011, 40.441168439258163 ], [ -80.039512732467514, 40.441177410536532 ], [ -80.039101549398211, 40.441147645160825 ], [ -80.038625504704186, 40.441111921575498 ], [ -80.038223424662476, 40.441124860571101 ], [ -80.03806683488412, 40.441196867537066 ], [ -80.038798262378691, 40.44205936054869 ], [ -80.039205331592797, 40.442444735829156 ], [ -80.039696471080788, 40.443056784514447 ], [ -80.04020870242401, 40.443607834680954 ], [ -80.040629690850764, 40.443973189935306 ], [ -80.037257660266761, 40.446228989182664 ], [ -80.037633315323575, 40.446509015708166 ], [ -80.035783944628676, 40.447790622028052 ], [ -80.036574378104618, 40.448431001949089 ], [ -80.035320945509369, 40.449342071693096 ], [ -80.033253696209073, 40.450595882652337 ], [ -80.03158071349516, 40.449146265307967 ], [ -80.029620325925833, 40.447941997644499 ] ] ] } },
{ "type": "Feature", "properties": { "Ward": 20, "District": 4, "Muni_War_1": "Pittsburgh Ward 20 Dist 4", "Gainey_2021_Total": 6, "Gainey_2025_Total": 7, "OConnor_2025_Total": 9, "Peduto_2021_Total": 9 }, "geometry": { "type": "Polygon", "coordinates": [ [ [ -80.027377488781795, 40.446667060878454 ], [ -80.030637947228797, 40.444669164975984 ], [ -80.029284044325365, 40.442904432168511 ], [ -80.030190936462731, 40.44206639412797 ], [ -80.031252667813646, 40.441049834854162 ], [ -80.031952580666271, 40.440349089200616 ], [ -80.032749660196259, 40.439296071080193 ], [ -80.032944139176706, 40.437922977917651 ], [ -80.03337459134822, 40.43794304178779 ], [ -80.033516562655564, 40.438001128283709 ], [ -80.033614774818261, 40.43789003837631 ], [ -80.033796715376553, 40.437943333781334 ], [ -80.034088478706835, 40.437976353862489 ], [ -80.034365760506034, 40.437987555277211 ], [ -80.034691241387279, 40.438002740829901 ], [ -80.035018032773351, 40.438021210323207 ], [ -80.035389058649685, 40.438042178773784 ], [ -80.035494377648448, 40.438077785362019 ], [ -80.035168967085653, 40.439212853666113 ], [ -80.035156789008141, 40.439465469644617 ], [ -80.035306244039589, 40.439880555506328 ], [ -80.035710696976793, 40.440577611051509 ], [ -80.035716142526567, 40.440584097848941 ], [ -80.034804881867643, 40.440917912073836 ], [ -80.03290749046954, 40.441613916031763 ], [ -80.03458991834745, 40.444244290209909 ], [ -80.033018894535402, 40.445703467149109 ], [ -80.031589555930807, 40.446731979054036 ], [ -80.029620325925833, 40.447941997644499 ], [ -80.027377488781795, 40.446667060878454 ] ] ] } },
{ "type": "Feature", "properties": { "Ward": 19, "District": 1, "Muni_War_1": "Pittsburgh Ward 19 Dist 1", "Gainey_2021_Total": 44, "Gainey_2025_Total": 41, "OConnor_2025_Total": 126, "Peduto_2021_Total": 55 }, "geometry": { "type": "Polygon", "coordinates": [ [ [ -80.016464310351893, 40.442914887350319 ], [ -80.015403018489692, 40.441604201785744 ], [ -80.015108757081705, 40.441285009551059 ], [ -80.011446059543232, 40.439218455178448 ], [ -80.009103784763937, 40.438155020648516 ], [ -80.002020008627028, 40.435089872277779 ], [ -80.003715786392192, 40.432456932490069 ], [ -80.003898255971166, 40.432204526128523 ], [ -80.003817428321952, 40.432155943476594 ], [ -80.003880748796618, 40.43212420714427 ], [ -80.00446951671789, 40.431251278811054 ], [ -80.006298381936475, 40.432067444276655 ], [ -80.006722133118643, 40.432260578109904 ], [ -80.007429147815074, 40.433124500113323 ], [ -80.007575712990331, 40.433293217833544 ], [ -80.009217943866631, 40.434387083244516 ], [ -80.010900242973193, 40.435635538280188 ], [ -80.011472082640722, 40.436064005307685 ], [ -80.011368579570885, 40.436340325692612 ], [ -80.011975033926291, 40.436751321360887 ], [ -80.013215010743778, 40.437454829626915 ], [ -80.01691654532091, 40.439456798557913 ], [ -80.017569171851235, 40.437841302528632 ], [ -80.01865086291329, 40.438410384806545 ], [ -80.019174560534196, 40.438661392923208 ], [ -80.020361404573208, 40.439139807912369 ], [ -80.020451053081842, 40.4388290454703 ], [ -80.021006964874843, 40.439062510088839 ], [ -80.021950855589282, 40.43969147305711 ], [ -80.022419573428039, 40.43918979630628 ], [ -80.022854734770817, 40.43751902345678 ], [ -80.025051599961557, 40.438044532988137 ], [ -80.025418858070779, 40.437372620916342 ], [ -80.025731585915111, 40.436948828138426 ], [ -80.026273120783344, 40.436324573439393 ], [ -80.026779562796094, 40.435723156640279 ], [ -80.027059125624604, 40.43528860086851 ], [ -80.027158721786435, 40.435058727002293 ], [ -80.027320227742507, 40.434586850725246 ], [ -80.027649421417109, 40.43403933018115 ], [ -80.027838722740128, 40.433845444422118 ], [ -80.028581930612617, 40.433379239183957 ], [ -80.029223131801828, 40.433739112904078 ], [ -80.029530769881646, 40.433870341350548 ], [ -80.030300047873041, 40.434308691282155 ], [ -80.031218046183056, 40.434830205382916 ], [ -80.032263716976615, 40.435494790674909 ], [ -80.032802650752799, 40.436152817106731 ], [ -80.032997970412069, 40.436840497001398 ], [ -80.03297702479675, 40.437511075952784 ], [ -80.032944139176706, 40.437922977917651 ], [ -80.032749660196259, 40.439296071080193 ], [ -80.031952580666271, 40.440349089200616 ], [ -80.031252667813646, 40.441049834854162 ], [ -80.030190936462731, 40.44206639412797 ], [ -80.029284044325365, 40.442904432168511 ], [ -80.030637947228797, 40.444669164975984 ], [ -80.027377488781795, 40.446667060878454 ], [ -80.02095184504951, 40.444274918306512 ], [ -80.018913208021175, 40.443529408425583 ], [ -80.016464310351893, 40.442914887350319 ] ] ] } },
{ "type": "Feature", "properties": { "Ward": 28, "District": 6, "Muni_War_1": "Pittsburgh Ward 28 Dist 6", "Gainey_2021_Total": 25, "Gainey_2025_Total": 35, "OConnor_2025_Total": 127, "Peduto_2021_Total": 80 }, "geometry": { "type": "Polygon", "coordinates": [ [ [ -80.04441610005621, 40.443934802292198 ], [ -80.045178477556775, 40.444053099755848 ], [ -80.046818234156035, 40.442837885352532 ], [ -80.047073451826137, 40.442588425744539 ], [ -80.047050745348983, 40.442198698041373 ], [ -80.04740395173404, 40.4411858087837 ], [ -80.047595081116242, 40.440901587112414 ], [ -80.047431272868948, 40.439982978708677 ], [ -80.047316275857142, 40.438914697379182 ], [ -80.047294447804887, 40.43815363465378 ], [ -80.048023486402897, 40.438100798208033 ], [ -80.048512126737975, 40.43813698808583 ], [ -80.048914580825397, 40.438148717858986 ], [ -80.049215073603037, 40.438121287115898 ], [ -80.049464613409327, 40.438075046289306 ], [ -80.050006272522367, 40.438875774758685 ], [ -80.050128809926989, 40.439268062126288 ], [ -80.050253793185846, 40.439534417051043 ], [ -80.050715264196683, 40.440064548087975 ], [ -80.051628167581455, 40.440421703422203 ], [ -80.052408615257136, 40.439859286449447 ], [ -80.052459802735285, 40.43995068474316 ], [ -80.05384034198363, 40.440530620465914 ], [ -80.053976870638863, 40.440595259191291 ], [ -80.05548306595783, 40.441604296111258 ], [ -80.056787401133434, 40.441162687093431 ], [ -80.057887649649928, 40.44312029376453 ], [ -80.055371953097548, 40.443935609963667 ], [ -80.054342743216424, 40.443638778434966 ], [ -80.053691340456723, 40.443405476742313 ], [ -80.05256561095365, 40.442960552272126 ], [ -80.05137501614071, 40.442561361678351 ], [ -80.047380175037375, 40.445592630696723 ], [ -80.04441610005621, 40.443934802292198 ] ] ] } },
{ "type": "Feature", "properties": { "Ward": 20, "District": 5, "Muni_War_1": "Pittsburgh Ward 20 Dist 5", "Gainey_2021_Total": 35, "Gainey_2025_Total": 44, "OConnor_2025_Total": 89, "Peduto_2021_Total": 67 }, "geometry": { "type": "Polygon", "coordinates": [ [ [ -80.043957652673129, 40.444298813113988 ], [ -80.042999098060193, 40.443655726965751 ], [ -80.042679249476734, 40.443921140312341 ], [ -80.040060796236531, 40.442103424336814 ], [ -80.03971600015096, 40.442359485232224 ], [ -80.039489860935319, 40.442197801071288 ], [ -80.039205331592797, 40.442444735829156 ], [ -80.038798262378691, 40.44205936054869 ], [ -80.03806683488412, 40.441196867537066 ], [ -80.038223424662476, 40.441124860571101 ], [ -80.038625504704186, 40.441111921575498 ], [ -80.039101549398211, 40.441147645160825 ], [ -80.039512732467514, 40.441177410536532 ], [ -80.040056460519011, 40.441168439258163 ], [ -80.040308114059044, 40.441263420091452 ], [ -80.040468087027904, 40.441377865155197 ], [ -80.040583896982753, 40.441460715510239 ], [ -80.04080998171618, 40.441622455390196 ], [ -80.041644036317479, 40.441034938232164 ], [ -80.041369767163886, 40.44065352545649 ], [ -80.041100690322267, 40.440393727575405 ], [ -80.040524306254298, 40.440017791610771 ], [ -80.040079172325605, 40.439799577033916 ], [ -80.039546713976947, 40.439663736032095 ], [ -80.03845347820679, 40.439563455147045 ], [ -80.037357004264365, 40.439409572878823 ], [ -80.036990110183282, 40.439358079639746 ], [ -80.037007897552144, 40.439458726364556 ], [ -80.037154219647235, 40.439587462969243 ], [ -80.037156259708354, 40.439740420715253 ], [ -80.037099630447514, 40.439964905461807 ], [ -80.036832276410621, 40.440122165931712 ], [ -80.036362374096967, 40.440347362398164 ], [ -80.035716142526567, 40.440584097848941 ], [ -80.035710696976793, 40.440577611051509 ], [ -80.035306244039589, 40.439880555506328 ], [ -80.035156789008141, 40.439465469644617 ], [ -80.035168967085653, 40.439212853666113 ], [ -80.035494377648448, 40.438077785362019 ], [ -80.035646419885154, 40.437672843399518 ], [ -80.035675606459804, 40.437170104695369 ], [ -80.035681680787562, 40.436605442791901 ], [ -80.035717440271995, 40.436414870173309 ], [ -80.035621919316313, 40.436352230705317 ], [ -80.035335154036588, 40.436080237593991 ], [ -80.035107965568102, 40.435833901332231 ], [ -80.035009727748232, 40.435727382312244 ], [ -80.034955868042999, 40.435626045938619 ], [ -80.035026781873228, 40.435584201759617 ], [ -80.035257896618475, 40.435467513570664 ], [ -80.035479713022895, 40.435389180430839 ], [ -80.035698263273488, 40.435344329982541 ], [ -80.035817161490527, 40.435327494345309 ], [ -80.035990874414381, 40.435310289457185 ], [ -80.036343840736762, 40.435333682095774 ], [ -80.036935016613285, 40.435450684240415 ], [ -80.037528731651591, 40.435582249180115 ], [ -80.038222391960645, 40.435775975352833 ], [ -80.038595730784508, 40.435905001594641 ], [ -80.03894430793315, 40.436045975599463 ], [ -80.039297736417836, 40.436206074772983 ], [ -80.03953100506962, 40.436315311171697 ], [ -80.039797411269817, 40.436408714937357 ], [ -80.039926747460882, 40.436434124541805 ], [ -80.04008496118621, 40.436450038357101 ], [ -80.040360427770921, 40.436452122623834 ], [ -80.040291377388399, 40.436555839720022 ], [ -80.040097673931086, 40.436699224231376 ], [ -80.039867414487773, 40.436846069740312 ], [ -80.039602738786982, 40.437025941404386 ], [ -80.039758498703478, 40.437088671362837 ], [ -80.040315807263099, 40.437176394702448 ], [ -80.040787358972906, 40.437238468075442 ], [ -80.041447836966228, 40.437399066877205 ], [ -80.042392094563155, 40.437684469898528 ], [ -80.04304565024033, 40.437882001176384 ], [ -80.043474761808781, 40.437997840506497 ], [ -80.043982275879898, 40.438107911964572 ], [ -80.044476046763648, 40.438208362322676 ], [ -80.044895930846394, 40.438262606413204 ], [ -80.045366547090509, 40.438291761302217 ], [ -80.045723986463074, 40.438295125280234 ], [ -80.04577447350772, 40.438295600594458 ], [ -80.04601611884533, 40.438285773327273 ], [ -80.046559178073778, 40.438263687988588 ], [ -80.047294447804887, 40.43815363465378 ], [ -80.047316275857142, 40.438914697379182 ], [ -80.047431272868948, 40.439982978708677 ], [ -80.047595081116242, 40.440901587112414 ], [ -80.04740395173404, 40.4411858087837 ], [ -80.047050745348983, 40.442198698041373 ], [ -80.047073451826137, 40.442588425744539 ], [ -80.046818234156035, 40.442837885352532 ], [ -80.045178477556775, 40.444053099755848 ], [ -80.04441610005621, 40.443934802292198 ], [ -80.043959701330138, 40.444301114764194 ], [ -80.043957652673129, 40.444298813113988 ] ] ] } },
{ "type": "Feature", "properties": { "Ward": 28, "District": 5, "Muni_War_1": "Pittsburgh Ward 28 Dist 5", "Gainey_2021_Total": 48, "Gainey_2025_Total": 61, "OConnor_2025_Total": 100, "Peduto_2021_Total": 67 }, "geometry": { "type": "Polygon", "coordinates": [ [ [ -80.049464613409327, 40.438075046289306 ], [ -80.049704162357472, 40.437972969983335 ], [ -80.050291995008905, 40.437703668030004 ], [ -80.050675183489048, 40.437558915130595 ], [ -80.050944179866903, 40.437503701740106 ], [ -80.051479644752717, 40.437515864804169 ], [ -80.052122031016154, 40.437557159889487 ], [ -80.052357065564379, 40.437572267931223 ], [ -80.052848519142955, 40.437766126387224 ], [ -80.05321540240368, 40.437910844585147 ], [ -80.053377459118749, 40.437947003225418 ], [ -80.0537017140269, 40.437948212113085 ], [ -80.053948195357137, 40.437934902455346 ], [ -80.053947415148954, 40.43793208109458 ], [ -80.054956949969977, 40.437855782617383 ], [ -80.054765109677007, 40.436185190523879 ], [ -80.056591530927037, 40.435986136125884 ], [ -80.057313932984883, 40.435865024665098 ], [ -80.058041865701497, 40.435720925313163 ], [ -80.057955912873283, 40.436299576819287 ], [ -80.057918992494507, 40.436398896584947 ], [ -80.057918641601475, 40.436399840525169 ], [ -80.057898811195415, 40.436453184055544 ], [ -80.058316430846645, 40.436661978736531 ], [ -80.058352525510443, 40.436680024239415 ], [ -80.058361592993549, 40.436684558386588 ], [ -80.058558596672086, 40.436783052717431 ], [ -80.058677607107356, 40.436849841257569 ], [ -80.059181651460406, 40.43713271021673 ], [ -80.058610297641678, 40.437279816147218 ], [ -80.057689682982769, 40.437516838515798 ], [ -80.057650922292794, 40.437526817953895 ], [ -80.057733859650099, 40.437585737825827 ], [ -80.06120203002078, 40.440576034663067 ], [ -80.061202596226522, 40.440576523335984 ], [ -80.060885942580754, 40.441770971222454 ], [ -80.060679710150893, 40.442066677287571 ], [ -80.060664532306504, 40.442082200509333 ], [ -80.060460094581373, 40.442291277955889 ], [ -80.060108399437468, 40.442404515662538 ], [ -80.058251356052921, 40.443002413181134 ], [ -80.057887649649928, 40.44312029376453 ], [ -80.056787401133434, 40.441162687093431 ], [ -80.05548306595783, 40.441604296111258 ], [ -80.053976870638863, 40.440595259191291 ], [ -80.05384034198363, 40.440530620465914 ], [ -80.052459802735285, 40.43995068474316 ], [ -80.052408615257136, 40.439859286449447 ], [ -80.051628167581455, 40.440421703422203 ], [ -80.050715264196683, 40.440064548087975 ], [ -80.050253793185846, 40.439534417051043 ], [ -80.050128809926989, 40.439268062126288 ], [ -80.050006272522367, 40.438875774758685 ], [ -80.049464613409327, 40.438075046289306 ] ] ] } },
{ "type": "Feature", "properties": { "Ward": 28, "District": 4, "Muni_War_1": "Pittsburgh Ward 28 Dist 4", "Gainey_2021_Total": 26, "Gainey_2025_Total": 25, "OConnor_2025_Total": 142, "Peduto_2021_Total": 92 }, "geometry": { "type": "Polygon", "coordinates": [ [ [ -80.053490889957288, 40.429495012762608 ], [ -80.057605589507972, 40.431305565547241 ], [ -80.057622666342752, 40.431329000044784 ], [ -80.057596853662915, 40.431317288614032 ], [ -80.057521178469599, 40.431282955113453 ], [ -80.057283275491471, 40.431572826359854 ], [ -80.057525582725845, 40.434104277147519 ], [ -80.057536969458468, 40.434223234697228 ], [ -80.057564912438195, 40.434515148960834 ], [ -80.058025908125614, 40.434508328012562 ], [ -80.058094071321051, 40.435319300885254 ], [ -80.058055910377959, 40.435626366006581 ], [ -80.058041865701497, 40.435720925313163 ], [ -80.057313932984883, 40.435865024665098 ], [ -80.056591530927037, 40.435986136125884 ], [ -80.054765109677007, 40.436185190523879 ], [ -80.054956949969977, 40.437855782617383 ], [ -80.053947415148954, 40.43793208109458 ], [ -80.053852654190322, 40.437589482781597 ], [ -80.053800317843184, 40.437477600006901 ], [ -80.053540910427145, 40.437267274951886 ], [ -80.053151658122644, 40.436963085904765 ], [ -80.052820223335729, 40.43670407636192 ], [ -80.052432504732124, 40.43641727232017 ], [ -80.052010324614955, 40.43613697606834 ], [ -80.051387340758794, 40.435743967971774 ], [ -80.050863915927721, 40.435413759295479 ], [ -80.050698681531543, 40.435284129708641 ], [ -80.050532927866271, 40.435112976313519 ], [ -80.050398536235292, 40.434926184918481 ], [ -80.050328043766726, 40.4347427518735 ], [ -80.050266124167905, 40.43453400686969 ], [ -80.05028581364941, 40.434162914071116 ], [ -80.050317927144107, 40.433958560951773 ], [ -80.050539069451546, 40.433593754500833 ], [ -80.050824334423851, 40.43333115825218 ], [ -80.05184679072363, 40.432649453112617 ], [ -80.052123191209347, 40.432443234165561 ], [ -80.052710201092637, 40.431916480693197 ], [ -80.053194210052453, 40.431474285777675 ], [ -80.053349018152829, 40.43124594795227 ], [ -80.05343343317648, 40.430968813581693 ], [ -80.053458748708493, 40.430697233024276 ], [ -80.053470228057392, 40.430274472427783 ], [ -80.053479596201782, 40.429929417401418 ], [ -80.053490889957288, 40.429495012762608 ] ] ] } },
{ "type": "Feature", "properties": { "Ward": 19, "District": 7, "Muni_War_1": "Pittsburgh Ward 19 Dist 7", "Gainey_2021_Total": 14, "Gainey_2025_Total": 12, "OConnor_2025_Total": 14, "Peduto_2021_Total": 14 }, "geometry": { "type": "Polygon", "coordinates": [ [ [ -80.00446951671789, 40.431251278811054 ], [ -80.004491375406758, 40.431143467997167 ], [ -80.004815937911303, 40.43062352060798 ], [ -80.005168304177843, 40.430200377985379 ], [ -80.004782850144082, 40.430032168318824 ], [ -80.004562936542044, 40.429917119828431 ], [ -80.004464252771143, 40.429827175213539 ], [ -80.00432875228023, 40.429703674784122 ], [ -80.004189468292523, 40.429694931292389 ], [ -80.003546977313306, 40.429324826448827 ], [ -80.002757563085211, 40.428870076631831 ], [ -80.002363855196634, 40.428643272616554 ], [ -80.002217304877519, 40.428554116050975 ], [ -80.002413213139747, 40.428543003416713 ], [ -80.002788368853913, 40.428411865495306 ], [ -80.002982715719071, 40.428259884289488 ], [ -80.003242140982749, 40.428079516997315 ], [ -80.003579387041896, 40.427943110457448 ], [ -80.004294753920831, 40.427618976187226 ], [ -80.005742593602704, 40.426985828095127 ], [ -80.005747161456526, 40.426979122821685 ], [ -80.006230303280248, 40.426869726677481 ], [ -80.006394782873514, 40.428524521385306 ], [ -80.006373755714392, 40.428988623044525 ], [ -80.007336711038093, 40.429465900067996 ], [ -80.007415414893174, 40.430771152438361 ], [ -80.006298381936475, 40.432067444276655 ], [ -80.00446951671789, 40.431251278811054 ] ] ] } },
{ "type": "Feature", "properties": { "Ward": 18, "District": 5, "Muni_War_1": "Pittsburgh Ward 18 Dist 5", "Gainey_2021_Total": 63, "Gainey_2025_Total": 81, "OConnor_2025_Total": 119, "Peduto_2021_Total": 76 }, "geometry": { "type": "Polygon", "coordinates": [ [ [ -79.996266011171429, 40.424667751716228 ], [ -79.996888667423931, 40.424647942076007 ], [ -79.997491265998548, 40.424628767913688 ], [ -79.997526834902288, 40.425723311138576 ], [ -80.001180770856493, 40.425609265508079 ], [ -80.001121682165461, 40.425063210867428 ], [ -80.001191968175689, 40.424940405948711 ], [ -80.001552895733937, 40.424930127512482 ], [ -80.001442753370867, 40.423836661770736 ], [ -80.002265637975725, 40.423866359313543 ], [ -80.002008558479886, 40.421775134598249 ], [ -80.002467495311606, 40.421773567391213 ], [ -80.002358854004029, 40.421032104461965 ], [ -80.002486199656886, 40.42102889183662 ], [ -80.004780487424725, 40.420795098073789 ], [ -80.004954934037016, 40.422440519172277 ], [ -80.005170286000777, 40.427016304775456 ], [ -80.005610685277972, 40.427010024656347 ], [ -80.005747161456526, 40.426979122821685 ], [ -80.005742593602704, 40.426985828095127 ], [ -80.004294753920831, 40.427618976187226 ], [ -80.003579387041896, 40.427943110457448 ], [ -80.003242140982749, 40.428079516997315 ], [ -80.002982715719071, 40.428259884289488 ], [ -80.002788368853913, 40.428411865495306 ], [ -80.002413213139747, 40.428543003416713 ], [ -80.002217304877519, 40.428554116050975 ], [ -80.000377124214623, 40.428097057964976 ], [ -79.999308986845477, 40.427829068461094 ], [ -79.998293967796229, 40.427632072768382 ], [ -79.997204255195214, 40.427428160030075 ], [ -79.997322492871405, 40.426870138050475 ], [ -79.997418959514519, 40.426448672462051 ], [ -79.997460286562671, 40.426277536177878 ], [ -79.997484810543199, 40.426175984712877 ], [ -79.997481516815043, 40.426098546850625 ], [ -79.997479146008715, 40.426042800476736 ], [ -79.997548358431573, 40.425991902869733 ], [ -79.996278490116083, 40.425325921839743 ], [ -79.996266011171429, 40.424667751716228 ] ] ] } },
{ "type": "Feature", "properties": { "Ward": 18, "District": 9, "Muni_War_1": "Pittsburgh Ward 18 Dist 9", "Gainey_2021_Total": 51, "Gainey_2025_Total": 54, "OConnor_2025_Total": 63, "Peduto_2021_Total": 37 }, "geometry": { "type": "Polygon", "coordinates": [ [ [ -79.990548328602443, 40.425353750412427 ], [ -79.990515016051248, 40.425318734219793 ], [ -79.990392866980713, 40.4251185599908 ], [ -79.990352575443666, 40.42505253026961 ], [ -79.990237570992221, 40.424943465654401 ], [ -79.990190676453096, 40.424910824399383 ], [ -79.990104745562377, 40.424933427043555 ], [ -79.990014609380097, 40.424920223712355 ], [ -79.989847748781244, 40.424895781094726 ], [ -79.98962067794011, 40.424871786553332 ], [ -79.98947685503461, 40.42487653935035 ], [ -79.989270823955636, 40.424900539643154 ], [ -79.989092066743567, 40.424926527135185 ], [ -79.989007300221218, 40.424933962604896 ], [ -79.988825014868397, 40.424930965594321 ], [ -79.988554632934438, 40.424932350916848 ], [ -79.988233435460074, 40.42493684255885 ], [ -79.988080352414102, 40.424928041811491 ], [ -79.987986229178574, 40.424887057155608 ], [ -79.987940928612232, 40.424854458904854 ], [ -79.987738470642356, 40.424789647939974 ], [ -79.987754237030614, 40.42462574649727 ], [ -79.987802639881551, 40.42425982132864 ], [ -79.988000412613559, 40.423939783475653 ], [ -79.988048723961754, 40.423784822440275 ], [ -79.988203085144079, 40.423640934483338 ], [ -79.988357108359821, 40.423472948018137 ], [ -79.988538841085102, 40.423319942069199 ], [ -79.988600273115793, 40.42314882058924 ], [ -79.988671444855925, 40.422844561207548 ], [ -79.988306355128216, 40.422881531854756 ], [ -79.988309556748717, 40.422874569086659 ], [ -79.988253814651273, 40.422285817024026 ], [ -79.989033333220434, 40.422263547035797 ], [ -79.990510733800633, 40.422227549148666 ], [ -79.990850308140921, 40.422107265567185 ], [ -79.991598299840419, 40.421924826692802 ], [ -79.991913538115995, 40.421788622391709 ], [ -79.992324672801658, 40.421808187538183 ], [ -79.994780214155668, 40.421789502993349 ], [ -79.997394174815227, 40.421648115833449 ], [ -79.997419027281452, 40.422405708437012 ], [ -79.997491265998548, 40.424628767913688 ], [ -79.996888667423931, 40.424647942076007 ], [ -79.996266011171429, 40.424667751716228 ], [ -79.99329577802726, 40.424732130340381 ], [ -79.993222076324557, 40.424849591222973 ], [ -79.99310613893735, 40.425034359776276 ], [ -79.993019333903405, 40.425172702378944 ], [ -79.99293135526122, 40.425312914495684 ], [ -79.99285420641165, 40.425435866231268 ], [ -79.99278143789482, 40.425551834832838 ], [ -79.992667167978212, 40.42565419761371 ], [ -79.992530301153565, 40.425738799306032 ], [ -79.99242002120063, 40.42579225757072 ], [ -79.992340770055947, 40.425830674193492 ], [ -79.992085550437181, 40.425816679180137 ], [ -79.991980251246119, 40.425807291352299 ], [ -79.99179545015906, 40.425790816579912 ], [ -79.991567630136529, 40.425727779075643 ], [ -79.991394149520303, 40.425677127156824 ], [ -79.991222099967061, 40.425626892255643 ], [ -79.991149066335993, 40.425605568104828 ], [ -79.991101663662036, 40.425591727616428 ], [ -79.991005810384138, 40.425545447523135 ], [ -79.990927828464478, 40.425499781048956 ], [ -79.990839795279555, 40.425445536708402 ], [ -79.990756768971792, 40.425389988015112 ], [ -79.990694674081567, 40.42536884420899 ], [ -79.990608560190267, 40.425347644583923 ], [ -79.990548328602443, 40.425353750412427 ] ] ] } },
{ "type": "Feature", "properties": { "Ward": 17, "District": 6, "Muni_War_1": "Pittsburgh Ward 17 Dist 6", "Gainey_2021_Total": 26, "Gainey_2025_Total": 27, "OConnor_2025_Total": 47, "Peduto_2021_Total": 29 }, "geometry": { "type": "Polygon", "coordinates": [ [ [ -79.9767589532252, 40.423563707022936 ], [ -79.976810752924862, 40.423447743239279 ], [ -79.976682768441734, 40.4234000942959 ], [ -79.976779497045399, 40.423269089268388 ], [ -79.976804094160713, 40.423009681603936 ], [ -79.976893771375259, 40.422063931527163 ], [ -79.97659872825345, 40.422037355311865 ], [ -79.976764868929777, 40.420988575595963 ], [ -79.976836017951925, 40.420953481634072 ], [ -79.976916301529002, 40.420950302583748 ], [ -79.979071817551883, 40.420245474845728 ], [ -79.979220881049585, 40.420196731221544 ], [ -79.979340716304648, 40.42009934280081 ], [ -79.97936664877642, 40.420009523034096 ], [ -79.979397277290943, 40.419800041829625 ], [ -79.979402374084245, 40.419070854031133 ], [ -79.979405324983148, 40.418648765507101 ], [ -79.979406455785167, 40.418487014468809 ], [ -79.979378616514396, 40.418392046053157 ], [ -79.9793804574403, 40.418335097559108 ], [ -79.979387485682778, 40.418117629608524 ], [ -79.97939798668736, 40.418034538064781 ], [ -79.979370257720689, 40.418032063365978 ], [ -79.979254142376604, 40.417908476742376 ], [ -79.980409679943421, 40.417738874562531 ], [ -79.982276608254381, 40.417668006963645 ], [ -79.986304777387687, 40.417555710971499 ], [ -79.988183205924244, 40.418510110652015 ], [ -79.988065309487624, 40.418475927183728 ], [ -79.98818927057404, 40.421604096168622 ], [ -79.988015525165153, 40.421617278163218 ], [ -79.985359402333643, 40.42179197684046 ], [ -79.985339334948932, 40.421604336362691 ], [ -79.985330774348341, 40.421524293138987 ], [ -79.985373260997306, 40.42142401760055 ], [ -79.985333861191137, 40.421398567988675 ], [ -79.985307156066625, 40.421297703384042 ], [ -79.98524703221868, 40.421070610077642 ], [ -79.985078046090536, 40.421144604018664 ], [ -79.984885361636188, 40.421228973939115 ], [ -79.984653946024395, 40.421365787862534 ], [ -79.984486874713625, 40.421484157196403 ], [ -79.984151266770581, 40.421731019584136 ], [ -79.98386569844169, 40.421941859275371 ], [ -79.983519898433244, 40.421818971939096 ], [ -79.983135697029937, 40.421682436170805 ], [ -79.982252865686092, 40.421364583990105 ], [ -79.981299799997359, 40.421018547382317 ], [ -79.981098384363563, 40.420952587867376 ], [ -79.980914791336119, 40.420978678782397 ], [ -79.980756284767224, 40.421013812676733 ], [ -79.980473132694669, 40.421103870564004 ], [ -79.980170597195226, 40.421212311381026 ], [ -79.979912786707402, 40.421343538836155 ], [ -79.979552501480043, 40.421555761195052 ], [ -79.979119474400463, 40.421809084048668 ], [ -79.978465512037246, 40.422184317236635 ], [ -79.978340063386142, 40.422294308060494 ], [ -79.978225916758547, 40.42243304935505 ], [ -79.978081908581501, 40.422612610421886 ], [ -79.977939240897584, 40.4227996632561 ], [ -79.977834296442254, 40.422943903082547 ], [ -79.97776827822139, 40.423064009922456 ], [ -79.9777242944444, 40.423183255807508 ], [ -79.977704292246457, 40.423461662002033 ], [ -79.977694560738215, 40.423746784362294 ], [ -79.97757940504458, 40.423746380538034 ], [ -79.977073440304011, 40.423638043769159 ], [ -79.9767589532252, 40.423563707022936 ] ] ] } },
{ "type": "Feature", "properties": { "Ward": 18, "District": 11, "Muni_War_1": "Pittsburgh Ward 18 Dist 11", "Gainey_2021_Total": 26, "Gainey_2025_Total": 31, "OConnor_2025_Total": 31, "Peduto_2021_Total": 23 }, "geometry": { "type": "Polygon", "coordinates": [ [ [ -79.98818927057404, 40.421604096168622 ], [ -79.988065309487624, 40.418475927183728 ], [ -79.988183205924244, 40.418510110652015 ], [ -79.993177662488165, 40.418367330531083 ], [ -79.995220335698662, 40.418320525206973 ], [ -79.99522013465554, 40.418705984115036 ], [ -79.99417681843326, 40.418716731965809 ], [ -79.994245940376487, 40.421294811305785 ], [ -79.994766180452842, 40.421286676610308 ], [ -79.994780214155668, 40.421789502993349 ], [ -79.992324672801658, 40.421808187538183 ], [ -79.991913538115995, 40.421788622391709 ], [ -79.991598299840419, 40.421924826692802 ], [ -79.990850308140921, 40.422107265567185 ], [ -79.990510733800633, 40.422227549148666 ], [ -79.989033333220434, 40.422263547035797 ], [ -79.988253814651273, 40.422285817024026 ], [ -79.98818927057404, 40.421604096168622 ] ] ] } },
{ "type": "Feature", "properties": { "Ward": 18, "District": 8, "Muni_War_1": "Pittsburgh Ward 18 Dist 8", "Gainey_2021_Total": 19, "Gainey_2025_Total": 9, "OConnor_2025_Total": 23, "Peduto_2021_Total": 7 }, "geometry": { "type": "Polygon", "coordinates": [ [ [ -79.995220335698662, 40.418320525206973 ], [ -79.997281428193972, 40.418260561689102 ], [ -79.99728189283897, 40.418260321123192 ], [ -79.997286422114385, 40.418363163356105 ], [ -79.997394174815227, 40.421648115833449 ], [ -79.994780214155668, 40.421789502993349 ], [ -79.994766180452842, 40.421286676610308 ], [ -79.994245940376487, 40.421294811305785 ], [ -79.99417681843326, 40.418716731965809 ], [ -79.99522013465554, 40.418705984115036 ], [ -79.995220335698662, 40.418320525206973 ] ] ] } },
{ "type": "Feature", "properties": { "Ward": 30, "District": 1, "Muni_War_1": "Pittsburgh Ward 30 Dist 1", "Gainey_2021_Total": 24, "Gainey_2025_Total": 44, "OConnor_2025_Total": 29, "Peduto_2021_Total": 27 }, "geometry": { "type": "Polygon", "coordinates": [ [ [ -79.988106636246599, 40.415913092903857 ], [ -79.993051145224428, 40.415780348665379 ], [ -79.993177662488165, 40.418367330531083 ], [ -79.988183205924244, 40.418510110652015 ], [ -79.988233950423009, 40.418469399556905 ], [ -79.988232605701768, 40.418438842528268 ], [ -79.988230298108036, 40.418386504654798 ], [ -79.988228739671726, 40.41835110322895 ], [ -79.988219178048638, 40.418137769049721 ], [ -79.98821786775089, 40.418112904916086 ], [ -79.988216426710721, 40.418085484815485 ], [ -79.988214985582132, 40.418058062013827 ], [ -79.988213540920924, 40.418030639280438 ], [ -79.988212098855598, 40.418003223703735 ], [ -79.988210680355422, 40.417976269821935 ], [ -79.988209237874372, 40.417948841640687 ], [ -79.988207800076395, 40.417921412467756 ], [ -79.988207536971288, 40.417916429391077 ], [ -79.988206351708101, 40.417893984400351 ], [ -79.988205981842498, 40.417886919655949 ], [ -79.988204910348799, 40.417866554395253 ], [ -79.988203972494716, 40.417848832430792 ], [ -79.988203890210229, 40.417847275502076 ], [ -79.988203833009379, 40.417846155014352 ], [ -79.98820208314558, 40.417811697813555 ], [ -79.988200696063899, 40.417784269459126 ], [ -79.988199294758715, 40.417756838677498 ], [ -79.98819790423515, 40.417729413092189 ], [ -79.988196506436154, 40.417701981341523 ], [ -79.988195446841701, 40.417681157301594 ], [ -79.988195112142151, 40.417674548622003 ], [ -79.988193714375271, 40.417647117771331 ], [ -79.988192319204273, 40.417619694077338 ], [ -79.988191389265566, 40.417601428727956 ], [ -79.988190922617591, 40.41759226320363 ], [ -79.988189534367038, 40.417564834870895 ], [ -79.988188133220234, 40.417537408589673 ], [ -79.988186742466866, 40.417509975800819 ], [ -79.988185344766521, 40.417482546749952 ], [ -79.988184524845721, 40.41746646120086 ], [ -79.98818394709717, 40.417455118599229 ], [ -79.988182552873141, 40.417427687679044 ], [ -79.988181158739778, 40.417400259459569 ], [ -79.988179434078091, 40.417366383736855 ], [ -79.988178038739548, 40.417338954639618 ], [ -79.988176990168554, 40.417318320470649 ], [ -79.988176644371023, 40.417311519217279 ], [ -79.988175244502202, 40.417284095612871 ], [ -79.988173856264368, 40.417256667278565 ], [ -79.988172456158992, 40.417229236471471 ], [ -79.988170847020697, 40.417197528730433 ], [ -79.988169676125381, 40.417174378970316 ], [ -79.988168300759597, 40.417146947683506 ], [ -79.988166921950707, 40.417119519165951 ], [ -79.988166112089104, 40.417103452339539 ], [ -79.988165539519656, 40.417092088015799 ], [ -79.98816415482348, 40.417064659612095 ], [ -79.988162429758958, 40.417030380300929 ], [ -79.988161400568231, 40.417009797105713 ], [ -79.98816001940915, 40.416982368633072 ], [ -79.988158636983741, 40.416954937482259 ], [ -79.98815725824241, 40.416927510764296 ], [ -79.988155873463384, 40.416900079658802 ], [ -79.988154498198369, 40.4168726510715 ], [ -79.98815311710463, 40.416845224398799 ], [ -79.988151962231441, 40.416821988743315 ], [ -79.988150586880039, 40.416794557454736 ], [ -79.988149211529745, 40.416767126165986 ], [ -79.988147839833687, 40.416739698409877 ], [ -79.988146465633662, 40.416712266197742 ], [ -79.988145093969692, 40.416684839341649 ], [ -79.988143241790496, 40.416647899488531 ], [ -79.988142345724512, 40.416629979418204 ], [ -79.98814097038094, 40.416602548128651 ], [ -79.988139597573394, 40.416575122195098 ], [ -79.988138222142425, 40.416547688204332 ], [ -79.988136850335891, 40.416520256845907 ], [ -79.988135478530452, 40.416492825487289 ], [ -79.988134105697569, 40.41646539865291 ], [ -79.988132730300904, 40.416437965561897 ], [ -79.988131357470195, 40.416410538727234 ], [ -79.988129985848417, 40.416383112769893 ], [ -79.98812861042525, 40.416355678778196 ], [ -79.988127237448651, 40.416328247441605 ], [ -79.988125862117315, 40.416300816150503 ], [ -79.988124492825889, 40.416273389246662 ], [ -79.988123113903399, 40.416245956223158 ], [ -79.988121742109101, 40.416218524863162 ], [ -79.98812059026281, 40.416195486439626 ], [ -79.988119019964955, 40.416163668934445 ], [ -79.988117662308781, 40.416136237300151 ], [ -79.988116305980881, 40.416108810144465 ], [ -79.988114952978776, 40.416081376618052 ], [ -79.988113596473966, 40.416053944060259 ], [ -79.988112236466392, 40.416026512471113 ], [ -79.988110885972688, 40.415999083400138 ], [ -79.988109533064588, 40.415971652574072 ], [ -79.988108175565415, 40.415944225440363 ], [ -79.988106636246599, 40.415913092903857 ] ] ] } },
{ "type": "Feature", "properties": { "Ward": 30, "District": 2, "Muni_War_1": "Pittsburgh Ward 30 Dist 2", "Gainey_2021_Total": 66, "Gainey_2025_Total": 66, "OConnor_2025_Total": 22, "Peduto_2021_Total": 20 }, "geometry": { "type": "Polygon", "coordinates": [ [ [ -79.993051145224428, 40.415780348665379 ], [ -79.992996819911525, 40.414669462938122 ], [ -79.997067069440106, 40.414544361971174 ], [ -79.997073077465686, 40.414543387456689 ], [ -79.997163884544605, 40.415580341835565 ], [ -79.99728189283897, 40.418260321123192 ], [ -79.997281428193972, 40.418260561689102 ], [ -79.995220335698662, 40.418320525206973 ], [ -79.993177662488165, 40.418367330531083 ], [ -79.993051145224428, 40.415780348665379 ] ] ] } },
{ "type": "Feature", "properties": { "Ward": 16, "District": 7, "Muni_War_1": "Pittsburgh Ward 16 Dist 7", "Gainey_2021_Total": 18, "Gainey_2025_Total": 29, "OConnor_2025_Total": 62, "Peduto_2021_Total": 34 }, "geometry": { "type": "Polygon", "coordinates": [ [ [ -79.974519673695823, 40.41725139535356 ], [ -79.974645204522417, 40.416441137235019 ], [ -79.974674944091021, 40.416280702063531 ], [ -79.975235082660731, 40.413179031571225 ], [ -79.975620847624256, 40.41324930737666 ], [ -79.975790883485857, 40.41331279062679 ], [ -79.976393388145524, 40.413628735903508 ], [ -79.977189311831879, 40.413982345241308 ], [ -79.977972185811936, 40.414232483726011 ], [ -79.981786320669102, 40.414111712054698 ], [ -79.98179630966024, 40.414111112763443 ], [ -79.981800851123907, 40.414186961930575 ], [ -79.981840143518724, 40.414742601067168 ], [ -79.981883438525642, 40.416053291328176 ], [ -79.981885698464424, 40.416121695546856 ], [ -79.981937879193907, 40.416119612603737 ], [ -79.982156440279411, 40.416112634595898 ], [ -79.982242263733099, 40.417080774196378 ], [ -79.982273764474428, 40.417601136528589 ], [ -79.982276608254381, 40.417668006963645 ], [ -79.980409679943421, 40.417738874562531 ], [ -79.979254142376604, 40.417908476742376 ], [ -79.979370257720689, 40.418032063365978 ], [ -79.979252464585329, 40.418021068422014 ], [ -79.979130021319762, 40.418004284861588 ], [ -79.978915525021378, 40.417965687857887 ], [ -79.978807752916879, 40.417953291033406 ], [ -79.978565949876995, 40.417937233184716 ], [ -79.978306620885405, 40.41791845441967 ], [ -79.977759415301534, 40.417861424583315 ], [ -79.977366523792867, 40.417820475856963 ], [ -79.97698372750753, 40.41778057800223 ], [ -79.976775300140233, 40.417754060646701 ], [ -79.976677932317813, 40.417727889575524 ], [ -79.976582122704087, 40.417682282590519 ], [ -79.976522105761305, 40.417634093820247 ], [ -79.976342581875173, 40.417467827651656 ], [ -79.976024818544516, 40.417164956735114 ], [ -79.975698924433885, 40.417128159882942 ], [ -79.975343018256524, 40.417161703299563 ], [ -79.975012631830694, 40.417197342295829 ], [ -79.974519673695823, 40.41725139535356 ] ] ] } },
{ "type": "Feature", "properties": { "Ward": 30, "District": 3, "Muni_War_1": "Pittsburgh Ward 30 Dist 3", "Gainey_2021_Total": 28, "Gainey_2025_Total": 22, "OConnor_2025_Total": 15, "Peduto_2021_Total": 10 }, "geometry": { "type": "Polygon", "coordinates": [ [ [ -79.988812539619389, 40.413270271178142 ], [ -79.989253077100699, 40.412648047065261 ], [ -79.989451966860756, 40.412371106165409 ], [ -79.989511060719281, 40.412258925918259 ], [ -79.989606881025196, 40.412053682382975 ], [ -79.989607891825585, 40.412053705125977 ], [ -79.99040301668002, 40.412016983430902 ], [ -79.990436903703824, 40.412726654274003 ], [ -79.991404634400425, 40.412700757717758 ], [ -79.991519128556646, 40.413963027259868 ], [ -79.992958261555771, 40.413928134345461 ], [ -79.992996819911525, 40.414669462938122 ], [ -79.993051145224428, 40.415780348665379 ], [ -79.988106636246599, 40.415913092903857 ], [ -79.988105462627573, 40.415889362123842 ], [ -79.988104109783606, 40.415861933097815 ], [ -79.988102755673225, 40.415834501393583 ], [ -79.988101399267876, 40.415807071535454 ], [ -79.988100042833764, 40.415779640776861 ], [ -79.988099184596877, 40.415762292030365 ], [ -79.98809736059404, 40.415724778665947 ], [ -79.98809602886908, 40.415697346527416 ], [ -79.988094694968552, 40.415669919836198 ], [ -79.988093444273886, 40.415644077983536 ], [ -79.988092031344834, 40.415615050156589 ], [ -79.988090699863079, 40.415587625219921 ], [ -79.988089369261672, 40.415560191257285 ], [ -79.988088034099064, 40.415532761887242 ], [ -79.988086702202537, 40.415505324345958 ], [ -79.98808536474607, 40.415477896821933 ], [ -79.988084036654072, 40.415450467314557 ], [ -79.988082699050494, 40.415423035288782 ], [ -79.9880813675166, 40.415395608550504 ], [ -79.988080035715001, 40.415368173709389 ], [ -79.98807870164832, 40.415340741614727 ], [ -79.988077373472166, 40.415313309405761 ], [ -79.988076038319377, 40.415285880034546 ], [ -79.988074706611684, 40.415258447893763 ], [ -79.988073376082994, 40.415231015730093 ], [ -79.988072040903603, 40.41520358545813 ], [ -79.988070709288777, 40.41517615601785 ], [ -79.988068892596857, 40.415138719984128 ], [ -79.988067555154885, 40.415111292458249 ], [ -79.988066223364513, 40.415083857615748 ], [ -79.988064895377633, 40.415056430807304 ], [ -79.98806355778963, 40.41502899877954 ], [ -79.988063384506844, 40.415025408523668 ], [ -79.988062050453721, 40.414997976427244 ], [ -79.988060722440366, 40.414970548718095 ], [ -79.988059387151836, 40.414943114843631 ], [ -79.988058053101952, 40.41491568274683 ], [ -79.988056723764643, 40.414888250558562 ], [ -79.988055389866219, 40.41486082296295 ], [ -79.988054055819575, 40.414833390865745 ], [ -79.988052718329968, 40.414805961537702 ], [ -79.98805138899705, 40.414778529348894 ], [ -79.988050058547017, 40.414751098983366 ], [ -79.988049194700622, 40.41473340260282 ], [ -79.988047897738113, 40.4146962132479 ], [ -79.988046938260851, 40.414668773892757 ], [ -79.988045968034285, 40.414641330241388 ], [ -79.988045011063633, 40.414613895341866 ], [ -79.988044050321292, 40.414586453308274 ], [ -79.98804308960959, 40.414559012174799 ], [ -79.988042557369809, 40.414543709315303 ], [ -79.988041587475237, 40.414516275566683 ], [ -79.988041067092155, 40.414501401296576 ], [ -79.988040627913534, 40.414488833509758 ], [ -79.988039670797932, 40.41446139410801 ], [ -79.98803871014951, 40.414433954774559 ], [ -79.9880383503763, 40.414376121594131 ], [ -79.988326741670917, 40.413956404169383 ], [ -79.988812539619389, 40.413270271178142 ] ] ] } },
{ "type": "Feature", "properties": { "Ward": 30, "District": 4, "Muni_War_1": "Pittsburgh Ward 30 Dist 4", "Gainey_2021_Total": 34, "Gainey_2025_Total": 64, "OConnor_2025_Total": 30, "Peduto_2021_Total": 29 }, "geometry": { "type": "Polygon", "coordinates": [ [ [ -79.989606881025196, 40.412053682382975 ], [ -79.989610028070828, 40.412046941328072 ], [ -79.990205553524603, 40.410708977086372 ], [ -79.99056003705914, 40.409915855763188 ], [ -79.990756289769891, 40.409497804155663 ], [ -79.990762594080763, 40.409507681646254 ], [ -79.991356592127417, 40.409658724513214 ], [ -79.99232916663388, 40.409774271118692 ], [ -79.993288791880843, 40.409893592555221 ], [ -79.99399736461794, 40.41007181057023 ], [ -79.994527941100827, 40.410177212734062 ], [ -79.995057909436028, 40.410171632795617 ], [ -79.994552935523572, 40.41118979072364 ], [ -79.993025465278748, 40.410707953169251 ], [ -79.992832075700633, 40.411131058461486 ], [ -79.992867000476508, 40.411925318105482 ], [ -79.99385862123745, 40.412224204150888 ], [ -79.994447784859304, 40.412410881609937 ], [ -79.995078770619259, 40.412586395722833 ], [ -79.995508069680923, 40.412529532097523 ], [ -79.995909226107543, 40.412329318696791 ], [ -79.996096498734687, 40.412154572556169 ], [ -79.996214117138607, 40.411978264465304 ], [ -79.9962836635397, 40.411787703108665 ], [ -79.996296422696261, 40.411402085011382 ], [ -79.996797268541272, 40.411393630358376 ], [ -79.997073077465686, 40.414543387456689 ], [ -79.997067069440106, 40.414544361971174 ], [ -79.992996819911525, 40.414669462938122 ], [ -79.992958261555771, 40.413928134345461 ], [ -79.991519128556646, 40.413963027259868 ], [ -79.991404634400425, 40.412700757717758 ], [ -79.990436903703824, 40.412726654274003 ], [ -79.99040301668002, 40.412016983430902 ], [ -79.989607891825585, 40.412053705125977 ], [ -79.989606881025196, 40.412053682382975 ] ] ] } },
{ "type": "Feature", "properties": { "Ward": 30, "District": 5, "Muni_War_1": "Pittsburgh Ward 30 Dist 5", "Gainey_2021_Total": 46, "Gainey_2025_Total": 42, "OConnor_2025_Total": 57, "Peduto_2021_Total": 37 }, "geometry": { "type": "Polygon", "coordinates": [ [ [ -79.990756289769891, 40.409497804155663 ], [ -79.99090835866096, 40.409173866900737 ], [ -79.991259101930069, 40.40838681716545 ], [ -79.99163729851287, 40.407599232398113 ], [ -79.991929795351297, 40.407125338539835 ], [ -79.996747622752352, 40.408198084888866 ], [ -79.996946703734395, 40.411013163216353 ], [ -79.996797268541272, 40.411393630358376 ], [ -79.996296422696261, 40.411402085011382 ], [ -79.9962836635397, 40.411787703108665 ], [ -79.996214117138607, 40.411978264465304 ], [ -79.996096498734687, 40.412154572556169 ], [ -79.995909226107543, 40.412329318696791 ], [ -79.995508069680923, 40.412529532097523 ], [ -79.995078770619259, 40.412586395722833 ], [ -79.994447784859304, 40.412410881609937 ], [ -79.99385862123745, 40.412224204150888 ], [ -79.992867000476508, 40.411925318105482 ], [ -79.992832075700633, 40.411131058461486 ], [ -79.993025465278748, 40.410707953169251 ], [ -79.994552935523572, 40.41118979072364 ], [ -79.995057909436028, 40.410171632795617 ], [ -79.994527941100827, 40.410177212734062 ], [ -79.99399736461794, 40.41007181057023 ], [ -79.993288791880843, 40.409893592555221 ], [ -79.99232916663388, 40.409774271118692 ], [ -79.991356592127417, 40.409658724513214 ], [ -79.990762594080763, 40.409507681646254 ], [ -79.990756289769891, 40.409497804155663 ] ] ] } },
{ "type": "Feature", "properties": { "Ward": 29, "District": 8, "Muni_War_1": "Pittsburgh Ward 29 Dist 8", "Gainey_2021_Total": 16, "Gainey_2025_Total": 35, "OConnor_2025_Total": 52, "Peduto_2021_Total": 19 }, "geometry": { "type": "Polygon", "coordinates": [ [ [ -79.991929795351297, 40.407125338539835 ], [ -79.99180695433941, 40.407116991573346 ], [ -79.991376116158222, 40.407042198050959 ], [ -79.991332251819472, 40.407032843165176 ], [ -79.991056163399819, 40.406980354774156 ], [ -79.989036001003996, 40.406408729987461 ], [ -79.987700948561269, 40.406041336739072 ], [ -79.987140941498581, 40.406033676489116 ], [ -79.986570279618476, 40.406019459636525 ], [ -79.984467857935869, 40.405976851907475 ], [ -79.983554752164153, 40.405939966057922 ], [ -79.981452600872643, 40.405855018192995 ], [ -79.981240011247152, 40.405766456219247 ], [ -79.981433730073164, 40.405737853028214 ], [ -79.981550062433527, 40.405684805676295 ], [ -79.9816334446827, 40.405599360480075 ], [ -79.981775119140337, 40.405511586172132 ], [ -79.981912924310194, 40.40544259233662 ], [ -79.982197176816882, 40.405339850745492 ], [ -79.982333544681751, 40.405290561204978 ], [ -79.982360442737132, 40.405262152753878 ], [ -79.982419096174425, 40.405260911866883 ], [ -79.984216447664565, 40.404579207515241 ], [ -79.985623411604692, 40.404067960729378 ], [ -79.986229288731707, 40.403943249877173 ], [ -79.987179032919926, 40.40386969228652 ], [ -79.989108744958514, 40.403702713947681 ], [ -79.988899870441216, 40.403239618669282 ], [ -79.989072562331216, 40.403221081044762 ], [ -79.989388832578257, 40.403132816509306 ], [ -79.989745640340999, 40.403033237242482 ], [ -79.989679000288803, 40.402883256913533 ], [ -79.990113106033874, 40.403837436606459 ], [ -79.990427989014677, 40.403706477201986 ], [ -79.990970952728134, 40.403386170938454 ], [ -79.991544094343581, 40.403055323345896 ], [ -79.99183366783204, 40.40289250045975 ], [ -79.992279550590041, 40.402785765383356 ], [ -79.99297239444769, 40.402706752715552 ], [ -79.994202182581859, 40.402533210409615 ], [ -79.994920311240406, 40.402430613076881 ], [ -79.995441751025368, 40.402314416003982 ], [ -79.995729980294982, 40.402081098788486 ], [ -79.995977354435396, 40.401841402486674 ], [ -79.996215702642672, 40.401731736491783 ], [ -79.996448382005184, 40.401709669684344 ], [ -79.996490852917916, 40.401783706190116 ], [ -79.996747622752352, 40.408198084888866 ], [ -79.991929795351297, 40.407125338539835 ] ] ] } },
{ "type": "Feature", "properties": { "Ward": 14, "District": 30, "Muni_War_1": "Pittsburgh Ward 14 Dist 30", "Gainey_2021_Total": 111, "Gainey_2025_Total": 95, "OConnor_2025_Total": 182, "Peduto_2021_Total": 125 }, "geometry": { "type": "Polygon", "coordinates": [ [ [ -79.917763559170666, 40.422467371814264 ], [ -79.91753109489305, 40.422241540829049 ], [ -79.917539521714119, 40.422011236879044 ], [ -79.917569182449711, 40.42195282613622 ], [ -79.917626231946784, 40.421875768950471 ], [ -79.917737203286876, 40.421776910776927 ], [ -79.917877222213193, 40.421658990196633 ], [ -79.918055408029588, 40.421531795888782 ], [ -79.918230318115008, 40.421439507211772 ], [ -79.918579666283165, 40.42129651448036 ], [ -79.919189456510907, 40.421083588483889 ], [ -79.919766326753361, 40.420882152698155 ], [ -79.920282063729388, 40.42077601789623 ], [ -79.920352983480058, 40.420774740517246 ], [ -79.920699180835328, 40.420775037579794 ], [ -79.921247912214895, 40.420791286777821 ], [ -79.921250398491196, 40.420791371575369 ], [ -79.921636822746137, 40.420804585777482 ], [ -79.921788542597355, 40.420802883166822 ], [ -79.921910807937593, 40.420798847747825 ], [ -79.921988474827032, 40.420786076327865 ], [ -79.92214493727424, 40.420748764853549 ], [ -79.922224610093124, 40.420716215844458 ], [ -79.922329307779108, 40.420673442570887 ], [ -79.922420531638366, 40.420619469898504 ], [ -79.922547877303543, 40.420510921912268 ], [ -79.922645269153293, 40.420383589273044 ], [ -79.922705885525261, 40.420304338108686 ], [ -79.922733020871888, 40.420436360066979 ], [ -79.922737095339158, 40.420499169998685 ], [ -79.922741787385519, 40.420571495844406 ], [ -79.922742657873414, 40.420663145010877 ], [ -79.922737840766075, 40.420778140713793 ], [ -79.922708845475299, 40.421233148090167 ], [ -79.922657603513414, 40.421273583106895 ], [ -79.922724917175515, 40.421315585603601 ], [ -79.922738697759698, 40.421617352501961 ], [ -79.922792387044055, 40.421679749994446 ], [ -79.922872649554378, 40.421676873808451 ], [ -79.923941197043803, 40.42163857201529 ], [ -79.923949274898533, 40.42181964669669 ], [ -79.924059485789087, 40.421863716762111 ], [ -79.925051645350123, 40.421855679777615 ], [ -79.925018992646415, 40.422508872907144 ], [ -79.925013148678815, 40.422836511679115 ], [ -79.925052910779527, 40.423205256746648 ], [ -79.926262526747308, 40.423085256907719 ], [ -79.926284895573303, 40.423542103160585 ], [ -79.925853548619898, 40.424996003784372 ], [ -79.92390427056435, 40.424939334870189 ], [ -79.92391854651035, 40.424587855827085 ], [ -79.922162021915241, 40.424517067131504 ], [ -79.920200332360452, 40.424267166031548 ], [ -79.919961393979619, 40.423428939087408 ], [ -79.919514371806258, 40.423046826093035 ], [ -79.918715856422693, 40.422753170651241 ], [ -79.918374805554421, 40.422652677002844 ], [ -79.917763559170666, 40.422467371814264 ] ] ] } }
]
}
